Date,Open,High,Low,Close,Adj Close,Volume,Dividends,Stock Splits
2007-01-02,16.75714111328125,17.380952835083008,16.75714111328125,17.333332061767578,9.976417541503906,1941660,0.0,0.0
2007-01-03,17.233333587646484,17.28571319580078,16.761903762817383,16.933332443237305,9.746196746826172,5046300,0.0,0.0
2007-01-04,16.80952262878418,16.80952262878418,16.33809471130371,16.595237731933594,9.55159854888916,4412730,0.0,0.0
2007-01-05,16.357141494750977,16.661903381347656,15.776189804077148,15.90476131439209,9.154187202453612,4635120,0.0,0.0
2007-01-08,16.047618865966797,16.28571319580078,15.79523754119873,16.28095245361328,9.370710372924805,2710050,0.0,0.0
2007-01-09,16.28571319580078,16.28571319580078,15.476189613342283,15.785714149475098,9.085670471191406,3011400,0.0,0.0
2007-01-10,15.476189613342283,15.928570747375488,15.376190185546877,15.928570747375488,9.167890548706056,2655240,0.0,0.0
2007-01-11,15.80952262878418,16.190475463867188,15.75238037109375,15.909523010253906,9.15692901611328,1886010,0.0,0.0
2007-01-12,16.052379608154297,16.14285659790039,15.685713768005373,15.857142448425291,9.126779556274414,3417960,0.0,0.0
2007-01-15,15.885713577270508,16.104761123657227,15.666666030883787,15.666666030883787,9.0171480178833,1418760,0.0,0.0
2007-01-16,15.65714168548584,15.714284896850586,15.438095092773438,15.619047164916992,8.989742279052734,2981370,0.0,0.0
2007-01-17,15.428570747375488,15.590476036071776,15.190476417541504,15.428570747375488,8.880110740661621,4287150,0.0,0.0
2007-01-18,15.571428298950195,15.761903762817385,15.300000190734863,15.438095092773438,8.885590553283691,2989560,0.0,0.0
2007-01-19,15.5,15.666666030883787,15.304760932922363,15.666666030883787,9.0171480178833,2475900,0.0,0.0
2007-01-22,15.80952262878418,15.942856788635254,15.628570556640623,15.880951881408691,9.14048194885254,2348850,0.0,0.0
2007-01-23,15.914284706115724,16.33809471130371,15.880951881408691,16.30952262878418,9.38715934753418,4031370,0.0,0.0
2007-01-24,16.45237922668457,16.80476188659668,16.323808670043945,16.547618865966797,9.52419376373291,4168290,0.0,0.0
2007-01-25,16.33809471130371,16.904760360717773,16.333332061767578,16.904760360717773,9.72974967956543,4078410,0.0,0.0
2007-01-26,16.95237922668457,17.080951690673828,16.571428298950195,16.595237731933594,9.55159854888916,2759820,0.0,0.0
2007-01-29,16.95237922668457,17.080951690673828,16.571428298950195,16.571428298950195,9.53789520263672,2774100,0.0,0.0
2007-01-30,16.790475845336914,17.047618865966797,16.700000762939453,17.047618865966797,9.811975479125977,3360000,0.0,0.0
2007-01-31,17.14285659790039,17.22857093811035,16.842857360839844,16.904760360717773,9.72974967956543,2620170,0.0,0.0
2007-02-01,17.0047607421875,17.190475463867188,16.742856979370117,17.09047508239746,9.836640357971191,2865450,0.0,0.0
2007-02-02,17.14285659790039,17.709522247314453,17.095237731933594,17.5,10.072347640991213,4538520,0.0,0.0
2007-02-05,17.714284896850586,18.28571319580078,17.61428451538086,18.214284896850582,10.483463287353516,8492610,0.0,0.0
2007-02-06,17.75714111328125,17.95237922668457,17.5285701751709,17.5285701751709,10.088790893554688,6580140,0.0,0.0
2007-02-07,17.261903762817383,17.619047164916992,17.047618865966797,17.619047164916992,10.14086627960205,3925530,0.0,0.0
2007-02-08,17.571428298950195,17.571428298950195,17.233333587646484,17.238094329833984,9.92160415649414,3162390,0.0,0.0
2007-02-09,17.28571319580078,17.580951690673828,17.095237731933594,17.14285659790039,9.866790771484377,2723280,0.0,0.0
2007-02-12,17.28571319580078,18.185714721679688,17.214284896850586,18.185714721679688,10.467018127441406,4245990,0.0,0.0
2007-02-13,17.28571319580078,18.200000762939453,17.214284896850586,18.10952377319336,10.423166275024414,4292820,0.0,0.0
2007-02-14,18.28571319580078,18.66666603088379,17.933332443237305,18.571428298950195,10.689021110534668,2867760,0.0,0.0
2007-02-15,18.495237350463867,18.619047164916992,18.147619247436523,18.485713958740234,10.639687538146973,2160690,0.0,0.0
2007-02-16,18.714284896850582,18.94761848449707,18.647619247436523,18.904760360717773,10.88087558746338,1733130,0.0,0.0
2007-02-19,18.904760360717773,19.0,18.395238876342773,18.53333282470703,10.761972427368164,2569770,0.166667,0.0
2007-02-20,18.519046783447266,18.619047164916992,18.16666603088379,18.261903762817383,10.604360580444336,1697640,0.0,0.0
2007-02-21,18.45237922668457,18.957141876220703,18.380952835083008,18.60952377319336,10.8062162399292,2714460,0.0,0.0
2007-02-22,18.45237922668457,18.957141876220703,18.380952835083008,18.56190490722656,10.778566360473633,2719710,0.0,0.0
2007-02-23,17.21904754638672,17.461904525756836,16.819047927856445,17.242856979370117,10.01262092590332,4550490,0.0,0.0
2007-02-26,16.761903762817383,17.190475463867188,16.428571701049805,16.9761905670166,9.857770919799805,3042060,0.0,0.0
2007-02-27,16.899999618530273,17.119047164916992,16.299999237060547,16.333332061767578,9.484474182128906,4169760,0.0,0.0
2007-02-28,15.714284896850586,16.399999618530273,15.547618865966797,15.761903762817385,9.152654647827148,3495450,0.0,0.0
2007-03-01,16.428571701049805,16.571428298950195,16.119047164916992,16.571428298950195,9.622733116149902,3030090,0.0,0.0
2007-03-02,16.47142791748047,16.69523811340332,16.333332061767578,16.4761905670166,9.567427635192873,2551290,0.0,0.0
2007-03-05,16.857141494750977,16.928571701049805,16.671428680419922,16.80952262878418,9.760986328125,2577120,0.0,0.0
2007-03-06,16.857141494750977,16.928571701049805,16.671428680419922,16.852380752563477,9.785874366760254,2578380,0.0,0.0
2007-03-07,17.071428298950195,17.36190414428711,17.0,17.21904754638672,9.99879264831543,3919020,0.0,0.0
2007-03-08,17.0,17.047618865966797,16.385713577270508,16.45237922668457,9.553603172302246,4270140,0.0,0.0
2007-03-09,16.238094329833984,16.733333587646484,16.095237731933594,16.72857093811035,9.713980674743652,4839030,0.0,0.0
2007-03-12,16.604761123657227,16.904760360717773,16.380952835083008,16.433332443237305,9.54254150390625,3725610,0.0,0.0
2007-03-13,16.4809513092041,16.857141494750977,16.22857093811035,16.357141494750977,9.498298645019531,2591190,0.0,0.0
2007-03-14,16.45237922668457,16.842857360839844,16.333332061767578,16.700000762939453,9.697391510009766,1959720,0.0,0.0
2007-03-15,16.761903762817383,17.076190948486328,16.714284896850586,16.9761905670166,9.857770919799805,1979460,0.0,0.0
2007-03-16,17.076190948486328,17.619047164916992,17.014284133911133,17.5238094329834,10.175761222839355,4451160,0.0,0.0
2007-03-19,17.66666603088379,17.833332061767578,17.4761905670166,17.580951690673828,10.208943367004396,3712380,0.0,0.0
2007-03-20,17.576190948486328,17.857141494750977,17.4761905670166,17.761903762817383,10.314019203186035,2096430,0.0,0.0
2007-03-21,17.833332061767578,17.928571701049805,17.428571701049805,17.661903381347656,10.255949020385742,2210880,0.0,0.0
2007-03-22,17.61428451538086,17.690475463867188,17.357141494750977,17.428571701049805,10.120460510253906,1663620,0.0,0.0
2007-03-23,17.357141494750977,17.380952835083008,16.77618980407715,17.171428680419922,9.97114372253418,2815470,0.0,0.0
2007-03-26,17.238094329833984,17.5,17.095237731933594,17.333332061767578,10.065155029296877,2458260,0.0,0.0
2007-03-27,17.380952835083008,17.9809513092041,17.357141494750977,17.857141494750977,10.3693208694458,3393600,0.0,0.0
2007-03-28,17.94761848449707,17.9761905670166,17.66666603088379,17.80952262878418,10.34167194366455,2068500,0.0,0.0
2007-03-29,17.933332443237305,18.33333206176757,17.933332443237305,18.14285659790039,10.535231590270996,4516470,0.0,0.0
2007-03-30,18.071428298950195,18.5238094329834,18.0476188659668,18.323808670043945,10.640307426452637,2109660,0.0,0.0
2007-04-02,18.33333206176757,18.485713958740234,18.104761123657227,18.238094329833984,10.590533256530762,2500260,0.0,0.0
2007-04-03,18.47142791748047,19.0238094329834,18.39999961853028,18.66666603088379,10.839394569396973,4260270,0.0,0.0
2007-04-04,18.5238094329834,19.0476188659668,18.404760360717773,18.761903762817383,10.89470386505127,3070200,0.0,0.0
2007-04-10,18.4761905670166,18.857141494750977,18.200000762939453,18.404760360717773,10.687313079833984,2550870,0.0,0.0
2007-04-11,18.29047584533692,18.709522247314453,18.238094329833984,18.5238094329834,10.756444931030272,2168250,0.0,0.0
2007-04-12,18.571428298950195,18.847618103027344,18.50952339172364,18.69523811340332,10.85598850250244,2229150,0.0,0.0
2007-04-13,18.95237922668457,19.45237922668457,18.928571701049805,19.190475463867188,11.14356517791748,3082590,0.0,0.0
2007-04-16,19.342857360839844,19.466665267944336,19.0476188659668,19.052379608154297,11.063374519348145,2854110,0.0,0.0
2007-04-17,19.0,19.904760360717773,18.933332443237305,19.261903762817383,11.185044288635254,4856250,0.0,0.0
2007-04-18,18.995237350463867,19.80952262878418,18.66666603088379,19.64285659790039,11.406259536743164,4043550,0.0,0.0
2007-04-19,19.904760360717773,20.0476188659668,19.552379608154297,19.928571701049805,11.57216739654541,3893190,0.0,0.0
2007-04-20,19.904760360717773,20.071428298950195,19.571428298950195,19.80952262878418,11.503034591674805,1860180,0.0,0.0
2007-04-23,19.80952262878418,19.857141494750977,19.29047584533692,19.571428298950195,11.36478042602539,2329530,0.0,0.0
2007-04-24,19.652379989624023,19.80952262878418,19.47142791748047,19.619047164916992,11.392427444458008,3065160,0.0,0.0
2007-04-25,19.61428451538086,19.79047584533692,19.22857093811035,19.39999961853028,11.265233993530272,2883930,0.0,0.0
2007-04-26,19.238094329833984,19.519046783447266,19.052379608154297,19.5,11.323304176330566,2009700,0.0,0.0
2007-04-27,19.495237350463867,19.78095245361328,19.43809509277344,19.75714111328125,11.472622871398926,1313550,0.0,0.0
2007-04-30,19.795238494873047,19.80952262878418,19.404760360717773,19.433332443237305,11.284588813781738,4662630,0.0,0.0
2007-05-02,19.795238494873047,19.80952262878418,19.404760360717773,19.5238094329834,11.33712673187256,4700850,0.0,0.0
2007-05-03,19.604761123657227,20.0952377319336,19.604761123657227,20.076190948486328,11.657891273498535,5025090,0.0,0.0
2007-05-04,19.904760360717773,20.0238094329834,19.738094329833984,19.857141494750977,11.530686378479004,2059050,0.0,0.0
2007-05-07,19.80476188659668,19.857141494750977,19.428571701049805,19.72857093811035,11.456031799316406,3157140,0.0,0.0
2007-05-08,19.80476188659668,19.857141494750977,19.428571701049805,19.733333587646484,11.458792686462402,3162390,0.0,0.0
2007-05-09,20.066665649414062,20.19523811340332,19.5952377319336,19.761903762817383,11.475388526916504,2339190,0.0,0.0
2007-05-10,19.67142868041992,19.95237922668457,19.5952377319336,19.86666679382324,11.536215782165527,2378880,0.0,0.0
2007-05-11,19.871427536010746,20.190475463867188,19.71904754638672,19.97142791748047,11.597053527832031,1457820,0.0,0.0
2007-05-14,19.83333206176757,20.09047508239746,19.571428298950195,19.966665267944336,11.689048767089844,2456580,0.161905,0.0
2007-05-15,20.0238094329834,20.70476150512696,19.904760360717773,20.5952377319336,12.057024955749512,4784850,0.0,0.0
2007-05-16,20.571428298950195,20.63809585571289,20.261903762817383,20.5952377319336,12.057024955749512,2454690,0.0,0.0
2007-05-18,20.571428298950195,20.700000762939453,20.404760360717773,20.64285659790039,12.084905624389648,1852830,0.0,0.0
2007-05-21,20.676189422607425,21.0952377319336,20.676189422607425,20.93809509277344,12.257746696472168,2571660,0.0,0.0
2007-05-22,20.95237922668457,21.071428298950195,20.5476188659668,20.571428298950195,12.043092727661133,2085090,0.0,0.0
2007-05-23,20.676189422607425,20.83809471130371,20.261903762817383,20.30952262878418,11.88976764678955,3654630,0.0,0.0
2007-05-24,20.238094329833984,20.28571319580078,19.428571701049805,19.619047164916992,11.4855375289917,2867340,0.0,0.0
2007-05-25,19.857141494750977,20.238094329833984,19.78571319580078,20.233333587646484,11.845160484313965,1740060,0.0,0.0
2007-05-29,20.314285278320312,20.80952262878418,20.314285278320312,20.67142868041992,12.10163402557373,1166550,0.0,0.0
2007-05-30,20.76666641235352,20.885713577270508,20.190475463867188,20.357141494750977,11.917644500732422,2574180,0.0,0.0
2007-05-31,20.0476188659668,20.95237922668457,19.9761905670166,20.857141494750977,12.210354804992676,3104430,0.0,0.0
2007-06-01,20.94761848449707,21.13809585571289,20.59047508239746,20.714284896850582,12.12672519683838,2165940,0.0,0.0
2007-06-04,20.72380828857422,21.714284896850582,20.72380828857422,21.45237922668457,12.558826446533203,2814630,0.0,0.0
2007-06-05,21.261903762817383,21.995237350463867,21.08571434020996,21.76666641235352,12.74281406402588,2777880,0.0,0.0
2007-06-06,21.985713958740234,22.238094329833984,21.86190414428711,22.14285659790039,12.963048934936523,3118710,0.0,0.0
2007-06-07,21.957141876220703,22.0952377319336,21.490476608276367,21.55714225769043,12.620159149169922,3458910,0.0,0.0
2007-06-08,21.147619247436523,21.82857131958008,20.95237922668457,21.761903762817383,12.740028381347656,3609270,0.0,0.0
2007-06-11,21.928571701049805,22.13809585571289,21.466665267944336,21.619047164916992,12.656397819519045,3801630,0.0,0.0
2007-06-12,21.928571701049805,22.13809585571289,21.466665267944336,21.619047164916992,12.656397819519045,3808140,0.0,0.0
2007-06-13,21.423809051513672,22.5476188659668,21.409523010253903,22.161903381347656,12.974202156066896,6130320,0.0,0.0
2007-06-14,22.19523811340332,22.538095474243164,22.190475463867188,22.45237922668457,13.144253730773926,3442740,0.0,0.0
2007-06-15,22.761903762817383,23.0476188659668,22.5238094329834,22.690475463867188,13.28364086151123,2710050,0.0,0.0
2007-06-18,22.80952262878418,23.038095474243164,22.495237350463867,22.857141494750977,13.381211280822754,2055270,0.0,0.0
2007-06-19,22.857141494750977,22.857141494750977,22.5238094329834,22.5952377319336,13.22788906097412,4280430,0.0,0.0
2007-06-20,22.647619247436523,22.85238075256348,22.14285659790039,22.19523811340332,12.99371337890625,3052140,0.0,0.0
2007-06-21,22.4809513092041,23.319047927856445,22.380952835083008,23.152379989624023,13.55405330657959,3537450,0.0,0.0
2007-06-22,23.0476188659668,23.261903762817383,22.676189422607425,22.95237922668457,13.436967849731444,2634450,0.0,0.0
2007-06-25,22.857141494750977,23.152379989624023,22.433332443237305,22.714284896850582,13.29758071899414,2148300,0.0,0.0
2007-06-26,22.85238075256348,23.161903381347656,22.80952262878418,22.857141494750977,13.381211280822754,2880150,0.0,0.0
2007-06-27,22.571428298950195,23.08571434020996,22.485713958740234,23.0,13.464845657348633,2621220,0.0,0.0
2007-06-28,23.0,23.75238037109375,22.857141494750977,23.314285278320312,13.64883804321289,3438750,0.0,0.0
2007-06-29,23.571428298950195,23.761903762817383,23.409523010253903,23.5238094329834,13.771493911743164,3490620,0.0,0.0
2007-07-02,23.571428298950195,24.13333320617676,23.385713577270508,24.052379608154297,14.080945014953612,2172030,0.0,0.0
2007-07-03,24.0952377319336,24.28095245361328,23.83809471130371,24.19523811340332,14.16456699371338,1484700,0.0,0.0
2007-07-04,24.16666603088379,24.28095245361328,24.0238094329834,24.13809585571289,14.13111972808838,896070,0.0,0.0
2007-07-05,24.233333587646484,24.28571319580078,23.857141494750977,24.0952377319336,14.106032371520996,1770510,0.0,0.0
2007-07-06,24.14285659790039,24.571428298950195,24.0952377319336,24.5,14.34298324584961,1839390,0.0,0.0
2007-07-09,24.761903762817383,24.761903762817383,24.16666603088379,24.5476188659668,14.370862007141112,3906630,0.0,0.0
2007-07-10,23.761903762817383,24.86666679382324,23.761903762817383,24.59047508239746,14.395955085754396,5123160,0.0,0.0
2007-07-11,24.58571434020996,24.690475463867188,24.09047508239746,24.5238094329834,14.356929779052734,6646290,0.0,0.0
2007-07-12,24.5238094329834,24.661903381347656,24.271427154541016,24.380952835083008,14.273295402526855,2792580,0.0,0.0
2007-07-13,24.376190185546875,24.41904640197754,24.13333320617676,24.299999237060547,14.22590446472168,2824500,0.0,0.0
2007-07-16,24.28571319580078,24.490476608276367,24.0952377319336,24.404760360717773,14.287224769592283,1844010,0.0,0.0
2007-07-17,24.404760360717773,24.571428298950195,24.13809585571289,24.43809509277344,14.30674648284912,2154600,0.0,0.0
2007-07-18,24.576190948486328,24.85238075256348,24.56190490722656,24.799999237060547,14.518613815307615,2509500,0.0,0.0
2007-07-19,24.79047584533692,24.795238494873047,24.5238094329834,24.738094329833984,14.482375144958496,1783950,0.0,0.0
2007-07-20,24.857141494750977,24.86190414428711,24.404760360717773,24.604761123657227,14.404315948486328,3249750,0.0,0.0
2007-07-23,24.690475463867188,24.690475463867188,23.119047164916992,24.0952377319336,14.106032371520996,3490830,0.0,0.0
2007-07-24,24.28571319580078,24.28571319580078,22.923809051513672,23.928571701049805,14.00845718383789,3886890,0.0,0.0
2007-07-25,22.909523010253903,23.16666603088379,22.380952835083008,22.880952835083008,13.395151138305664,4848270,0.0,0.0
2007-07-26,22.80952262878418,23.28571319580078,22.119047164916992,22.357141494750977,13.088500022888184,3038700,0.0,0.0
2007-07-27,22.433332443237305,22.847618103027344,22.14285659790039,22.847618103027344,13.375632286071776,3714270,0.0,0.0
2007-07-30,23.14285659790039,23.404760360717773,22.490476608276367,22.571428298950195,13.213945388793944,4852050,0.0,0.0
2007-07-31,22.542856216430664,23.14285659790039,22.238094329833984,23.14285659790039,13.54847240447998,3647490,0.0,0.0
2007-08-01,23.190475463867188,23.30952262878418,22.738094329833984,23.200000762939453,13.581933975219728,2397780,0.0,0.0
2007-08-02,23.200000762939453,23.200000762939453,22.323808670043945,22.50952339172364,13.177706718444824,2454690,0.0,0.0
2007-08-03,22.4761905670166,22.857141494750977,21.5,22.380952835083008,13.102438926696776,4126920,0.0,0.0
2007-08-06,22.395238876342773,23.13809585571289,22.076190948486328,22.966665267944336,13.445331573486328,3008460,0.0,0.0
2007-08-07,23.100000381469727,23.78571319580078,22.738094329833984,23.09047508239746,13.517810821533203,3705240,0.0,0.0
2007-08-08,22.380952835083008,22.923809051513672,22.076190948486328,22.30952262878418,13.060620307922363,3697680,0.0,0.0
2007-08-09,21.75714111328125,21.928571701049805,21.080951690673828,21.819047927856445,12.773481369018556,5311530,0.0,0.0
2007-08-10,21.91428565979004,22.14285659790039,21.200000762939453,21.376190185546875,12.514217376708984,3250380,0.0,0.0
2007-08-13,21.580951690673828,21.66666603088379,20.619047164916992,20.619047164916992,12.070966720581056,3087630,0.0,0.0
2007-08-14,20.238094329833984,21.14285659790039,19.761903762817383,19.966665267944336,11.689048767089844,7014840,0.0,0.0
2007-08-15,19.14285659790039,19.857141494750977,18.53333282470703,19.5238094329834,11.429786682128906,7498680,0.0,0.0
2007-08-16,20.071428298950195,20.190475463867188,18.690475463867188,19.457141876220703,11.39075756072998,4879770,0.0,0.0
2007-08-17,19.647619247436523,19.909523010253903,19.28571319580078,19.880952835083008,11.722063064575195,2836890,0.138095,0.0
2007-08-20,19.904760360717773,20.5238094329834,19.69523811340332,20.35238075256348,12.000025749206545,4197900,0.0,0.0
2007-08-21,20.619047164916992,21.428571701049805,20.619047164916992,21.357141494750977,12.592443466186523,2979900,0.0,0.0
2007-08-22,21.571428298950195,21.78571319580078,20.83809471130371,21.29047584533692,12.553136825561523,3280620,0.0,0.0
2007-08-23,21.376190185546875,21.83333206176757,21.14285659790039,21.714284896850582,12.803025245666504,3127320,0.0,0.0
2007-08-24,21.66666603088379,21.82857131958008,21.28571319580078,21.428571701049805,12.634561538696287,1564710,0.0,0.0
2007-08-27,21.371427536010746,21.371427536010746,20.66666603088379,20.842857360839844,12.28921890258789,3088470,0.0,0.0
2007-08-28,20.9809513092041,21.5238094329834,20.957141876220703,21.404760360717773,12.620521545410156,1851570,0.0,0.0
2007-08-29,21.299999237060547,22.13809585571289,21.104761123657227,21.571428298950195,12.718790054321287,2883720,0.0,0.0
2007-08-30,22.238094329833984,22.857141494750977,22.16666603088379,22.857141494750977,13.476861953735352,4224360,0.0,0.0
2007-08-31,22.64285659790039,22.95237922668457,22.571428298950195,22.571428298950195,13.30840015411377,1166760,0.0,0.0
2007-09-03,22.86190414428711,22.95237922668457,22.571428298950195,22.714284896850582,13.392634391784668,1190910,0.0,0.0
2007-09-04,22.409523010253903,22.409523010253903,21.904760360717773,22.214284896850582,13.09782600402832,4106130,0.0,0.0
2007-09-05,22.404760360717773,22.566665649414062,22.14285659790039,22.238094329833984,13.111865997314451,2100840,0.0,0.0
2007-09-06,21.67142868041992,21.857141494750977,21.19523811340332,21.30952262878418,12.564371109008787,3137820,0.0,0.0
2007-09-07,21.761903762817383,21.880952835083008,21.052379608154297,21.200000762939453,12.49979305267334,3825360,0.0,0.0
2007-09-10,21.761903762817383,21.880952835083008,21.052379608154297,21.30952262878418,12.564371109008787,3863790,0.0,0.0
2007-09-11,21.14285659790039,21.323808670043945,20.571428298950195,20.795238494873047,12.261133193969728,4843650,0.0,0.0
2007-09-12,21.100000381469727,21.28095245361328,20.904760360717773,21.06190490722656,12.41836929321289,4365060,0.0,0.0
2007-09-13,20.714284896850582,21.071428298950195,20.5285701751709,20.5952377319336,12.143210411071776,4204620,0.0,0.0
2007-09-14,20.85238075256348,21.78571319580078,20.5476188659668,21.4761905670166,12.662637710571287,6015660,0.0,0.0
2007-09-17,20.85238075256348,21.78571319580078,20.5476188659668,21.652379989624023,12.766521453857422,6075510,0.0,0.0
2007-09-18,22.0,22.5,22.0,22.0476188659668,12.999555587768556,6821850,0.0,0.0
2007-09-19,22.076190948486328,22.35238075256348,21.96190452575684,22.28095245361328,13.137137413024902,3505740,0.0,0.0
2007-09-20,22.43809509277344,22.56190490722656,22.22857093811035,22.5,13.26628589630127,3340890,0.0,0.0
2007-09-21,22.33333206176757,22.542856216430664,22.200000762939453,22.4761905670166,13.252251625061035,3284610,0.0,0.0
2007-09-24,22.33333206176757,22.542856216430664,22.200000762939453,22.5238094329834,13.28032684326172,3326610,0.0,0.0
2007-09-25,22.714284896850582,22.89999961853028,22.67142868041992,22.69523811340332,13.38140106201172,3863160,0.0,0.0
2007-09-26,22.857141494750977,23.190475463867188,22.80952262878418,22.9809513092041,13.549864768981934,5486040,0.0,0.0
2007-09-27,22.9761905670166,23.78095245361328,22.9761905670166,23.64285659790039,13.9401273727417,5680920,0.0,0.0
2007-09-28,23.738094329833984,23.83809471130371,23.27618980407715,23.714284896850582,13.982245445251465,5186160,0.0,0.0
2007-10-01,23.738094329833984,23.83809471130371,23.27618980407715,23.78571319580078,14.024357795715332,5212620,0.0,0.0
2007-10-02,23.66666603088379,24.28571319580078,23.552379608154297,23.647619247436523,13.9429349899292,5042940,0.0,0.0
2007-10-03,23.59047508239746,24.076190948486328,23.380952835083008,24.0238094329834,14.164742469787598,2856420,0.0,0.0
2007-10-04,24.32857131958008,24.966665267944336,24.28571319580078,24.94285774230957,14.706623077392578,3547740,0.0,0.0
2007-10-05,24.32857131958008,24.9761905670166,24.28571319580078,24.9761905670166,14.726279258728027,3594990,0.0,0.0
2007-10-08,25.066665649414062,25.714284896850582,25.0476188659668,25.53333282470703,15.054781913757324,4864440,0.0,0.0
2007-10-09,25.619047164916992,25.78571319580078,25.4761905670166,25.5238094329834,15.04916763305664,3800370,0.0,0.0
2007-10-10,25.94761848449707,25.94761848449707,25.0952377319336,25.32857131958008,14.934049606323242,3798690,0.0,0.0
2007-10-11,25.94761848449707,25.94761848449707,25.0952377319336,25.28571319580078,14.90878200531006,3827880,0.0,0.0
2007-10-12,25.0047607421875,25.238094329833984,24.128570556640625,24.761903762817383,14.599931716918944,4441080,0.0,0.0
2007-10-15,25.0047607421875,25.238094329833984,24.128570556640625,24.714284896850582,14.571859359741213,4474260,0.0,0.0
2007-10-16,24.44761848449707,25.371427536010746,24.347618103027344,25.30952262878418,14.922819137573242,2884980,0.0,0.0
2007-10-17,24.0476188659668,24.5238094329834,23.714284896850582,24.47142791748047,14.428666114807127,3117030,0.0,0.0
2007-10-18,24.0476188659668,24.5285701751709,23.714284896850582,24.5285701751709,14.462357521057127,3133620,0.0,0.0
2007-10-19,24.75714111328125,24.95237922668457,24.26666641235352,24.647619247436523,14.532553672790527,3924060,0.0,0.0
2007-10-22,24.571428298950195,24.880952835083008,24.190475463867188,24.485713958740234,14.437087059020996,2436420,0.0,0.0
2007-10-23,24.83809471130371,25.20476150512696,24.4761905670166,24.67142868041992,14.546586036682127,2650620,0.0,0.0
2007-10-24,25.72857093811035,26.409523010253903,25.571428298950195,26.076190948486328,15.374859809875488,3696000,0.0,0.0
2007-10-25,25.72857093811035,26.409523010253903,25.571428298950195,26.14285659790039,15.414156913757324,3710490,0.0,0.0
2007-10-26,26.0952377319336,26.15714263916016,25.5476188659668,25.80952262878418,15.217626571655272,4324320,0.0,0.0
2007-10-29,26.19523811340332,26.19523811340332,25.5476188659668,25.700000762939453,15.153047561645508,4168920,0.0,0.0
2007-10-30,25.200000762939453,25.957141876220703,24.799999237060547,25.5952377319336,15.09128189086914,3586800,0.0,0.0
2007-10-31,25.200000762939453,25.957141876220703,24.799999237060547,25.66666603088379,15.133397102355955,3603600,0.0,0.0
2007-11-01,25.89999961853028,26.0476188659668,24.83333206176757,25.21904754638672,14.869473457336426,4182360,0.0,0.0
2007-11-02,25.428571701049805,25.714284896850582,24.190475463867188,24.83333206176757,14.642049789428713,4943400,0.0,0.0
2007-11-05,24.67142868041992,24.857141494750977,23.714284896850582,24.33809471130371,14.350052833557127,3402630,0.0,0.0
2007-11-06,24.28095245361328,24.319047927856445,23.39047622680664,23.571428298950195,13.898019790649414,3857910,0.0,0.0
2007-11-07,23.761903762817383,24.5238094329834,23.714284896850582,24.5238094329834,14.459556579589844,2566410,0.0,0.0
2007-11-08,24.67142868041992,25.27618980407715,24.64285659790039,24.95237922668457,14.712239265441896,3527580,0.0,0.0
2007-11-09,24.5238094329834,25.619047164916992,24.5238094329834,25.238094329833984,14.880704879760742,3576090,0.0,0.0
2007-11-12,25.233333587646484,25.233333587646484,23.799999237060547,24.0476188659668,14.17878246307373,5126100,0.0,0.0
2007-11-13,23.714284896850582,23.80952262878418,22.857141494750977,23.128570556640625,13.636902809143066,4511850,0.0,0.0
2007-11-14,23.14285659790039,23.33333206176757,22.623809814453125,22.909523010253903,13.602971076965332,1192380,0.161905,0.0
2007-11-15,23.30476188659668,23.30476188659668,22.67142868041992,22.89999961853028,13.59731388092041,2509080,0.0,0.0
2007-11-16,23.14285659790039,23.238094329833984,21.904760360717773,21.904760360717773,13.006372451782228,3725820,0.0,0.0
2007-11-19,21.904760360717773,22.80952262878418,21.67142868041992,22.33333206176757,13.260845184326172,3144750,0.0,0.0
2007-11-20,22.95237922668457,23.5047607421875,22.619047164916992,23.190475463867188,13.76979637145996,3437490,0.0,0.0
2007-11-21,23.238094329833984,24.0476188659668,23.0952377319336,23.80952262878418,14.137361526489258,2788170,0.0,0.0
2007-11-22,24.052379608154297,24.552379608154297,23.95237922668457,24.185714721679688,14.360729217529297,4072740,0.0,0.0
2007-11-23,24.28571319580078,24.490476608276367,24.0,24.371427536010746,14.47100830078125,2837310,0.0,0.0
2007-11-26,24.28571319580078,24.490476608276367,24.0,24.357141494750977,14.462522506713867,2851380,0.0,0.0
2007-11-27,24.47142791748047,24.771427154541016,24.45237922668457,24.47142791748047,14.53038501739502,3089520,0.0,0.0
2007-11-28,24.761903762817383,25.0,24.571428298950195,25.0,14.844236373901367,2591610,0.0,0.0
2007-11-29,24.761903762817383,25.0,24.571428298950195,24.880952835083008,14.773547172546388,2762760,0.0,0.0
2007-11-30,25.15714263916016,25.64285659790039,25.100000381469727,25.385713577270508,15.07325553894043,2302020,0.0,0.0
2007-12-03,25.5238094329834,25.65714263916016,24.33809471130371,24.45237922668457,14.519067764282228,3604650,0.0,0.0
2007-12-04,24.676189422607425,25.28571319580078,24.357141494750977,24.5238094329834,14.561484336853027,4089330,0.0,0.0
2007-12-05,23.72380828857422,23.880952835083008,23.33809471130371,23.64285659790039,14.038406372070312,4181730,0.0,0.0
2007-12-06,23.661903381347656,23.9761905670166,23.28571319580078,23.690475463867188,14.066679000854492,2903040,0.0,0.0
2007-12-07,23.619047164916992,23.771427154541016,22.857141494750977,22.95237922668457,13.628422737121582,2755830,0.0,0.0
2007-12-10,23.409523010253903,24.0238094329834,23.0047607421875,23.86190414428711,14.168465614318848,4981830,0.0,0.0
2007-12-11,23.904760360717773,24.371427536010746,23.347618103027344,24.238094329833984,14.391839027404783,4820550,0.0,0.0
2007-12-12,24.661903381347656,24.709522247314453,23.842857360839844,24.25714111328125,14.403145790100098,3536400,0.0,0.0
2007-12-13,24.380952835083008,25.30952262878418,24.30952262878418,25.24285697937012,14.988431930541992,3765510,0.0,0.0
2007-12-14,25.261903762817383,25.261903762817383,24.78571319580078,24.80952262878418,14.731133460998535,2018520,0.0,0.0
2007-12-17,25.0952377319336,25.104761123657227,24.761903762817383,25.0,14.844236373901367,2155440,0.0,0.0
2007-12-18,24.995237350463867,25.185714721679688,24.74285697937012,24.74285697937012,14.69154930114746,1862280,0.0,0.0
2007-12-19,24.74285697937012,24.74285697937012,24.74285697937012,24.74285697937012,14.69154930114746,0,0.0,0.0
2007-12-20,24.74285697937012,24.74285697937012,24.74285697937012,24.74285697937012,14.69154930114746,0,0.0,0.0
2007-12-21,24.74285697937012,24.74285697937012,24.74285697937012,24.74285697937012,14.69154930114746,0,0.0,0.0
2007-12-27,24.74285697937012,24.74285697937012,24.74285697937012,24.74285697937012,14.69154930114746,0,0.0,0.0
2007-12-28,24.74285697937012,24.74285697937012,24.74285697937012,24.74285697937012,14.69154930114746,0,0.0,0.0
2008-01-02,24.74285697937012,24.74285697937012,24.74285697937012,24.74285697937012,14.69154930114746,0,0.0,0.0
2008-01-03,24.74285697937012,24.74285697937012,24.74285697937012,24.74285697937012,14.69154930114746,0,0.0,0.0
2008-01-04,24.74285697937012,24.74285697937012,24.74285697937012,24.74285697937012,14.69154930114746,0,0.0,0.0
2008-01-07,24.74285697937012,24.74285697937012,24.74285697937012,24.74285697937012,14.69154930114746,0,0.0,0.0
2008-01-08,24.74285697937012,24.74285697937012,24.74285697937012,24.74285697937012,14.69154930114746,0,0.0,0.0
2008-01-09,24.74285697937012,24.74285697937012,24.74285697937012,24.74285697937012,14.69154930114746,0,0.0,0.0
2008-01-10,24.74285697937012,24.74285697937012,24.74285697937012,24.74285697937012,14.69154930114746,0,0.0,0.0
2008-01-11,24.74285697937012,24.74285697937012,24.74285697937012,24.74285697937012,14.69154930114746,0,0.0,0.0
2008-01-14,24.74285697937012,24.74285697937012,24.74285697937012,24.74285697937012,14.69154930114746,0,0.0,0.0
2008-01-15,24.74285697937012,24.74285697937012,24.74285697937012,24.74285697937012,14.69154930114746,0,0.0,0.0
2008-01-16,24.74285697937012,24.74285697937012,24.74285697937012,24.74285697937012,14.69154930114746,0,0.0,0.0
2008-01-17,24.74285697937012,24.74285697937012,24.74285697937012,24.74285697937012,14.69154930114746,0,0.0,0.0
2008-01-18,24.74285697937012,24.74285697937012,24.74285697937012,24.74285697937012,14.69154930114746,0,0.0,0.0
2008-01-21,24.74285697937012,24.74285697937012,24.74285697937012,24.74285697937012,14.69154930114746,0,0.0,0.0
2008-01-22,24.74285697937012,24.74285697937012,24.74285697937012,24.74285697937012,14.69154930114746,0,0.0,0.0
2008-01-23,24.74285697937012,24.74285697937012,24.74285697937012,24.74285697937012,14.69154930114746,0,0.0,0.0
2008-01-24,24.74285697937012,24.74285697937012,24.74285697937012,24.74285697937012,14.69154930114746,0,0.0,0.0
2008-01-25,24.74285697937012,24.74285697937012,24.74285697937012,24.74285697937012,14.69154930114746,0,0.0,0.0
2008-01-28,24.74285697937012,24.74285697937012,24.74285697937012,24.74285697937012,14.69154930114746,0,0.0,0.0
2008-01-29,24.74285697937012,24.74285697937012,24.74285697937012,24.74285697937012,14.69154930114746,0,0.0,0.0
2008-01-30,24.74285697937012,24.74285697937012,24.74285697937012,24.74285697937012,14.69154930114746,0,0.0,0.0
2008-01-31,24.74285697937012,24.74285697937012,24.74285697937012,24.74285697937012,14.69154930114746,0,0.0,0.0
2008-02-01,24.74285697937012,24.74285697937012,24.74285697937012,24.74285697937012,14.69154930114746,0,0.0,0.0
2008-02-04,24.74285697937012,24.74285697937012,24.74285697937012,24.74285697937012,14.69154930114746,0,0.0,0.0
2008-02-05,24.74285697937012,24.74285697937012,24.74285697937012,24.74285697937012,14.69154930114746,0,0.0,0.0
2008-02-06,24.74285697937012,24.74285697937012,24.74285697937012,24.74285697937012,14.69154930114746,0,0.0,0.0
2008-02-07,24.74285697937012,24.74285697937012,24.74285697937012,24.74285697937012,14.69154930114746,0,0.0,0.0
2008-02-08,24.74285697937012,24.74285697937012,24.74285697937012,24.74285697937012,14.69154930114746,0,0.0,0.0
2008-02-11,24.74285697937012,24.74285697937012,24.74285697937012,24.74285697937012,14.69154930114746,0,0.0,0.0
2008-02-12,24.74285697937012,24.74285697937012,24.74285697937012,24.74285697937012,14.69154930114746,0,0.0,0.0
2008-02-13,24.74285697937012,24.74285697937012,24.74285697937012,24.74285697937012,14.774005889892578,0,0.138095,0.0
2008-02-14,24.74285697937012,24.74285697937012,24.74285697937012,24.74285697937012,14.774005889892578,0,0.0,0.0
2008-02-15,24.74285697937012,24.74285697937012,24.74285697937012,24.74285697937012,14.774005889892578,0,0.0,0.0
2008-02-18,24.74285697937012,24.74285697937012,24.74285697937012,24.74285697937012,14.774005889892578,0,0.0,0.0
2008-02-19,24.74285697937012,24.74285697937012,24.74285697937012,24.74285697937012,14.774005889892578,0,0.0,0.0
2008-02-20,24.74285697937012,24.74285697937012,24.74285697937012,24.74285697937012,14.774005889892578,0,0.0,0.0
2008-02-21,24.74285697937012,24.74285697937012,24.74285697937012,24.74285697937012,14.774005889892578,0,0.0,0.0
2008-02-22,24.74285697937012,24.74285697937012,24.74285697937012,24.74285697937012,14.774005889892578,0,0.0,0.0
2008-02-25,24.74285697937012,24.74285697937012,24.74285697937012,24.74285697937012,14.774005889892578,0,0.0,0.0
2008-02-26,24.74285697937012,24.74285697937012,24.74285697937012,24.74285697937012,14.774005889892578,0,0.0,0.0
2008-02-27,24.74285697937012,24.74285697937012,24.74285697937012,24.74285697937012,14.774005889892578,0,0.0,0.0
2008-02-28,24.74285697937012,24.74285697937012,24.74285697937012,24.74285697937012,14.774005889892578,0,0.0,0.0
2008-02-29,24.74285697937012,24.74285697937012,24.74285697937012,24.74285697937012,14.774005889892578,0,0.0,0.0
2008-03-03,24.74285697937012,24.74285697937012,24.74285697937012,24.74285697937012,14.774005889892578,0,0.0,0.0
2008-03-04,24.74285697937012,24.74285697937012,24.74285697937012,24.74285697937012,14.774005889892578,0,0.0,0.0
2008-03-05,24.74285697937012,24.74285697937012,24.74285697937012,24.74285697937012,14.774005889892578,0,0.0,0.0
2008-03-06,24.74285697937012,24.74285697937012,24.74285697937012,24.74285697937012,14.774005889892578,0,0.0,0.0
2008-03-07,24.74285697937012,24.74285697937012,24.74285697937012,24.74285697937012,14.774005889892578,0,0.0,0.0
2008-03-10,24.74285697937012,24.74285697937012,24.74285697937012,24.74285697937012,14.774005889892578,0,0.0,0.0
2008-03-11,24.74285697937012,24.74285697937012,24.74285697937012,24.74285697937012,14.774005889892578,0,0.0,0.0
2008-03-12,24.74285697937012,24.74285697937012,24.74285697937012,24.74285697937012,14.774005889892578,0,0.0,0.0
2008-03-13,24.74285697937012,24.74285697937012,24.74285697937012,24.74285697937012,14.774005889892578,0,0.0,0.0
2008-03-14,24.74285697937012,24.74285697937012,24.74285697937012,24.74285697937012,14.774005889892578,0,0.0,0.0
2008-03-17,24.74285697937012,24.74285697937012,24.74285697937012,24.74285697937012,14.774005889892578,0,0.0,0.0
2008-03-18,24.74285697937012,24.74285697937012,24.74285697937012,24.74285697937012,14.774005889892578,0,0.0,0.0
2008-03-19,24.74285697937012,24.74285697937012,24.74285697937012,24.74285697937012,14.774005889892578,0,0.0,0.0
2008-03-25,24.74285697937012,24.74285697937012,24.74285697937012,24.74285697937012,14.774005889892578,0,0.0,0.0
2008-03-26,24.74285697937012,24.74285697937012,24.74285697937012,24.74285697937012,14.774005889892578,0,0.0,0.0
2008-03-27,24.74285697937012,24.74285697937012,24.74285697937012,24.74285697937012,14.774005889892578,0,0.0,0.0
2008-03-28,24.74285697937012,24.74285697937012,24.74285697937012,24.74285697937012,14.774005889892578,0,0.0,0.0
2008-03-31,24.74285697937012,24.74285697937012,24.74285697937012,24.74285697937012,14.774005889892578,0,0.0,0.0
2008-04-01,24.74285697937012,24.74285697937012,24.74285697937012,24.74285697937012,14.774005889892578,0,0.0,0.0
2008-04-02,24.74285697937012,24.74285697937012,24.74285697937012,24.74285697937012,14.774005889892578,0,0.0,0.0
2008-04-03,24.74285697937012,24.74285697937012,24.74285697937012,24.74285697937012,14.774005889892578,0,0.0,0.0
2008-04-04,24.74285697937012,24.74285697937012,24.74285697937012,24.74285697937012,14.774005889892578,0,0.0,0.0
2008-04-07,24.74285697937012,24.74285697937012,24.74285697937012,24.74285697937012,14.774005889892578,0,0.0,0.0
2008-04-08,24.74285697937012,24.74285697937012,24.74285697937012,24.74285697937012,14.774005889892578,0,0.0,0.0
2008-04-09,24.74285697937012,24.74285697937012,24.74285697937012,24.74285697937012,14.774005889892578,0,0.0,0.0
2008-04-10,24.74285697937012,24.74285697937012,24.74285697937012,24.74285697937012,14.774005889892578,0,0.0,0.0
2008-04-11,24.74285697937012,24.74285697937012,24.74285697937012,24.74285697937012,14.774005889892578,0,0.0,0.0
2008-04-14,24.74285697937012,24.74285697937012,24.74285697937012,24.74285697937012,14.774005889892578,0,0.0,0.0
2008-04-15,24.74285697937012,24.74285697937012,24.74285697937012,24.74285697937012,14.774005889892578,0,0.0,0.0
2008-04-16,24.74285697937012,24.74285697937012,24.74285697937012,24.74285697937012,14.774005889892578,0,0.0,0.0
2008-04-17,24.74285697937012,24.74285697937012,24.74285697937012,24.74285697937012,14.774005889892578,0,0.0,0.0
2008-04-18,24.74285697937012,24.74285697937012,24.74285697937012,24.74285697937012,14.774005889892578,0,0.0,0.0
2008-04-21,24.74285697937012,24.74285697937012,24.74285697937012,24.74285697937012,14.774005889892578,0,0.0,0.0
2008-04-22,24.74285697937012,24.74285697937012,24.74285697937012,24.74285697937012,14.774005889892578,0,0.0,0.0
2008-04-23,24.74285697937012,24.74285697937012,24.74285697937012,24.74285697937012,14.774005889892578,0,0.0,0.0
2008-04-24,24.74285697937012,24.74285697937012,24.74285697937012,24.74285697937012,14.774005889892578,0,0.0,0.0
2008-04-25,24.74285697937012,24.74285697937012,24.74285697937012,24.74285697937012,14.774005889892578,0,0.0,0.0
2008-04-28,24.74285697937012,24.74285697937012,24.74285697937012,24.74285697937012,14.774005889892578,0,0.0,0.0
2008-04-29,24.74285697937012,24.74285697937012,24.74285697937012,24.74285697937012,14.774005889892578,0,0.0,0.0
2008-04-30,24.74285697937012,24.74285697937012,24.74285697937012,24.74285697937012,14.774005889892578,0,0.0,0.0
2008-05-02,24.74285697937012,24.74285697937012,24.74285697937012,24.74285697937012,14.774005889892578,0,0.0,0.0
2008-05-05,24.74285697937012,24.74285697937012,24.74285697937012,24.74285697937012,14.774005889892578,0,0.0,0.0
2008-05-06,24.74285697937012,24.74285697937012,24.74285697937012,24.74285697937012,14.774005889892578,0,0.0,0.0
2008-05-07,24.74285697937012,24.74285697937012,24.74285697937012,24.74285697937012,14.774005889892578,0,0.0,0.0
2008-05-08,24.74285697937012,24.74285697937012,24.74285697937012,24.74285697937012,14.774005889892578,0,0.0,0.0
2008-05-09,24.74285697937012,24.74285697937012,24.74285697937012,24.74285697937012,14.774005889892578,0,0.0,0.0
2008-05-13,24.74285697937012,24.74285697937012,24.74285697937012,24.74285697937012,14.774005889892578,0,0.0,0.0
2008-05-14,24.74285697937012,24.74285697937012,24.74285697937012,24.74285697937012,14.89151096343994,0,0.195238,0.0
2008-05-15,24.74285697937012,24.74285697937012,24.74285697937012,24.74285697937012,14.89151096343994,0,0.0,0.0
2008-05-16,24.74285697937012,24.74285697937012,24.74285697937012,24.74285697937012,14.89151096343994,0,0.0,0.0
2008-05-19,24.74285697937012,24.74285697937012,24.74285697937012,24.74285697937012,14.89151096343994,0,0.0,0.0
2008-05-20,24.74285697937012,24.74285697937012,24.74285697937012,24.74285697937012,14.89151096343994,0,0.0,0.0
2008-05-21,24.74285697937012,24.74285697937012,24.74285697937012,24.74285697937012,14.89151096343994,0,0.0,0.0
2008-05-22,24.74285697937012,24.74285697937012,24.74285697937012,24.74285697937012,14.89151096343994,0,0.0,0.0
2008-05-23,24.74285697937012,24.74285697937012,24.74285697937012,24.74285697937012,14.89151096343994,0,0.0,0.0
2008-05-26,24.74285697937012,24.74285697937012,24.74285697937012,24.74285697937012,14.89151096343994,0,0.0,0.0
2008-05-27,24.74285697937012,24.74285697937012,24.74285697937012,24.74285697937012,14.89151096343994,0,0.0,0.0
2008-05-28,24.74285697937012,24.74285697937012,24.74285697937012,24.74285697937012,14.89151096343994,0,0.0,0.0
2008-05-29,24.74285697937012,24.74285697937012,24.74285697937012,24.74285697937012,14.89151096343994,0,0.0,0.0
2008-05-30,24.74285697937012,24.74285697937012,24.74285697937012,24.74285697937012,14.89151096343994,0,0.0,0.0
2008-06-02,24.74285697937012,24.74285697937012,24.74285697937012,24.74285697937012,14.89151096343994,0,0.0,0.0
2008-06-03,24.74285697937012,24.74285697937012,24.74285697937012,24.74285697937012,14.89151096343994,0,0.0,0.0
2008-06-04,24.74285697937012,24.74285697937012,24.74285697937012,24.74285697937012,14.89151096343994,0,0.0,2.0
2008-06-05,24.74285697937012,24.74285697937012,24.74285697937012,24.74285697937012,14.89151096343994,0,0.0,0.0
2008-06-06,24.74285697937012,24.74285697937012,24.74285697937012,24.74285697937012,14.89151096343994,0,0.0,0.0
2008-06-09,24.74285697937012,24.74285697937012,24.74285697937012,24.74285697937012,14.89151096343994,0,0.0,0.0
2008-06-10,24.74285697937012,24.74285697937012,24.74285697937012,24.74285697937012,14.89151096343994,0,0.0,0.0
2008-06-11,24.74285697937012,24.74285697937012,24.74285697937012,24.74285697937012,14.89151096343994,0,0.0,0.0
2008-06-12,24.74285697937012,24.74285697937012,24.74285697937012,24.74285697937012,14.89151096343994,0,0.0,0.0
2008-06-13,24.74285697937012,24.74285697937012,24.74285697937012,24.74285697937012,14.89151096343994,0,0.0,0.0
2008-06-16,24.74285697937012,24.74285697937012,24.74285697937012,24.74285697937012,14.89151096343994,0,0.0,0.0
2008-06-17,24.74285697937012,24.74285697937012,24.74285697937012,24.74285697937012,14.89151096343994,0,0.0,0.0
2008-06-18,24.74285697937012,24.74285697937012,24.74285697937012,24.74285697937012,14.89151096343994,0,0.0,0.0
2008-06-19,24.74285697937012,24.74285697937012,24.74285697937012,24.74285697937012,14.89151096343994,0,0.0,0.0
2008-06-20,24.74285697937012,24.74285697937012,24.74285697937012,24.74285697937012,14.89151096343994,0,0.0,0.0
2008-06-23,24.74285697937012,24.74285697937012,24.74285697937012,24.74285697937012,14.89151096343994,0,0.0,0.0
2008-06-24,24.74285697937012,24.74285697937012,24.74285697937012,24.74285697937012,14.89151096343994,0,0.0,0.0
2008-06-25,24.74285697937012,24.74285697937012,24.74285697937012,24.74285697937012,14.89151096343994,0,0.0,0.0
2008-06-26,24.74285697937012,24.74285697937012,24.74285697937012,24.74285697937012,14.89151096343994,0,0.0,0.0
2008-06-27,24.74285697937012,24.74285697937012,24.74285697937012,24.74285697937012,14.89151096343994,0,0.0,0.0
2008-06-30,24.74285697937012,24.74285697937012,24.74285697937012,24.74285697937012,14.89151096343994,0,0.0,0.0
2008-07-01,24.74285697937012,24.74285697937012,24.74285697937012,24.74285697937012,14.89151096343994,0,0.0,0.0
2008-07-02,24.74285697937012,24.74285697937012,24.74285697937012,24.74285697937012,14.89151096343994,0,0.0,0.0
2008-07-03,24.74285697937012,24.74285697937012,24.74285697937012,24.74285697937012,14.89151096343994,0,0.0,0.0
2008-07-04,24.74285697937012,24.74285697937012,24.74285697937012,24.74285697937012,14.89151096343994,0,0.0,0.0
2008-07-07,24.74285697937012,24.74285697937012,24.74285697937012,24.74285697937012,14.89151096343994,0,0.0,0.0
2008-07-08,24.74285697937012,24.74285697937012,24.74285697937012,24.74285697937012,14.89151096343994,0,0.0,0.0
2008-07-09,24.74285697937012,24.74285697937012,24.74285697937012,24.74285697937012,14.89151096343994,0,0.0,0.0
2008-07-10,24.74285697937012,24.74285697937012,24.74285697937012,24.74285697937012,14.89151096343994,0,0.0,0.0
2008-07-11,24.74285697937012,24.74285697937012,24.74285697937012,24.74285697937012,14.89151096343994,0,0.0,0.0
2008-07-14,24.74285697937012,24.74285697937012,24.74285697937012,24.74285697937012,14.89151096343994,0,0.0,0.0
2008-07-15,24.74285697937012,24.74285697937012,24.74285697937012,24.74285697937012,14.89151096343994,0,0.0,0.0
2008-07-16,24.74285697937012,24.74285697937012,24.74285697937012,24.74285697937012,14.89151096343994,0,0.0,0.0
2008-07-17,30.0,30.63809585571289,29.83809471130371,30.571428298950195,18.399444580078125,3357585,0.0,0.0
2008-07-18,31.4761905670166,32.86666488647461,31.457141876220703,32.66666412353516,19.660459518432617,5764710,0.0,0.0
2008-07-21,32.39047622680664,33.238094329833984,31.990476608276367,32.66666412353516,19.660459518432617,4077150,0.0,0.0
2008-07-22,32.238094329833984,32.761905670166016,31.0952377319336,31.428571701049805,18.91531562805176,3457965,0.0,0.0
2008-07-23,31.0476188659668,31.066665649414062,29.552379608154297,29.78095245361328,17.92369270324707,3677625,0.0,0.0
2008-07-24,30.4761905670166,30.847618103027344,29.39999961853028,30.180952072143555,18.164430618286133,3780105,0.0,0.0
2008-07-25,31.619047164916992,31.876190185546875,30.380952835083008,30.59047508239746,18.4109001159668,6156885,0.0,0.0
2008-07-28,30.761903762817383,30.904760360717773,29.466665267944336,30.152379989624023,18.147235870361328,5703180,0.0,0.0
2008-07-29,29.5238094329834,29.904760360717773,28.771427154541016,29.0,17.45368194580078,4376820,0.0,0.0
2008-07-30,29.514284133911133,29.514284133911133,27.180952072143555,27.53333282470703,16.57096290588379,6438915,0.0,0.0
2008-07-31,27.428571701049805,27.428571701049805,26.30476188659668,26.685714721679688,16.060813903808594,6185340,0.0,0.0
2008-08-01,26.428571701049805,27.72380828857422,26.14285659790039,27.161903381347656,16.3474178314209,6643665,0.0,0.0
2008-08-04,27.904760360717773,28.180952072143555,27.380952835083008,27.78095245361328,16.719989776611328,3360210,0.0,0.0
2008-08-05,27.380952835083008,27.819047927856445,26.66666603088379,27.00952339172364,16.255708694458008,2739555,0.0,0.0
2008-08-06,27.00952339172364,27.00952339172364,27.00952339172364,27.00952339172364,16.464704513549805,0,0.342857,0.0
2008-08-07,27.00952339172364,27.00952339172364,27.00952339172364,27.00952339172364,16.464704513549805,0,0.0,0.0
2008-08-08,27.00952339172364,27.00952339172364,27.00952339172364,27.00952339172364,16.464704513549805,0,0.0,0.0
2008-08-11,27.00952339172364,27.00952339172364,27.00952339172364,27.00952339172364,16.464704513549805,0,0.0,0.0
2008-08-12,27.00952339172364,27.00952339172364,27.00952339172364,27.00952339172364,16.464704513549805,0,0.0,0.0
2008-08-13,27.00952339172364,27.00952339172364,27.00952339172364,27.00952339172364,16.464704513549805,0,0.0,0.0
2008-08-14,27.00952339172364,27.00952339172364,27.00952339172364,27.00952339172364,16.464704513549805,0,0.0,0.0
2008-08-15,27.00952339172364,27.00952339172364,27.00952339172364,27.00952339172364,16.464704513549805,0,0.0,0.0
2008-08-18,27.00952339172364,27.00952339172364,27.00952339172364,27.00952339172364,16.464704513549805,0,0.0,0.0
2008-08-19,27.00952339172364,27.00952339172364,27.00952339172364,27.00952339172364,16.464704513549805,0,0.0,0.0
2008-08-20,27.00952339172364,27.00952339172364,27.00952339172364,27.00952339172364,16.464704513549805,0,0.0,0.0
2008-08-21,27.00952339172364,27.00952339172364,27.00952339172364,27.00952339172364,16.464704513549805,0,0.0,0.0
2008-08-22,27.00952339172364,27.00952339172364,27.00952339172364,27.00952339172364,16.464704513549805,0,0.0,0.0
2008-08-25,27.00952339172364,27.00952339172364,27.00952339172364,27.00952339172364,16.464704513549805,0,0.0,0.0
2008-08-26,27.00952339172364,27.00952339172364,27.00952339172364,27.00952339172364,16.464704513549805,0,0.0,0.0
2008-08-27,27.00952339172364,27.00952339172364,27.00952339172364,27.00952339172364,16.464704513549805,0,0.0,0.0
2008-08-28,27.00952339172364,27.00952339172364,27.00952339172364,27.00952339172364,16.464704513549805,0,0.0,0.0
2008-08-29,27.00952339172364,27.00952339172364,27.00952339172364,27.00952339172364,16.464704513549805,0,0.0,0.0
2008-09-01,27.00952339172364,27.00952339172364,27.00952339172364,27.00952339172364,16.464704513549805,0,0.0,0.0
2008-09-02,27.00952339172364,27.00952339172364,27.00952339172364,27.00952339172364,16.464704513549805,0,0.0,0.0
2008-09-03,27.00952339172364,27.00952339172364,27.00952339172364,27.00952339172364,16.464704513549805,0,0.0,0.0
2008-09-04,27.00952339172364,27.00952339172364,27.00952339172364,27.00952339172364,16.464704513549805,0,0.0,0.0
2008-09-05,27.00952339172364,27.00952339172364,27.00952339172364,27.00952339172364,16.464704513549805,0,0.0,0.0
2008-09-08,27.00952339172364,27.00952339172364,27.00952339172364,27.00952339172364,16.464704513549805,0,0.0,0.0
2008-09-09,27.00952339172364,27.00952339172364,27.00952339172364,27.00952339172364,16.464704513549805,0,0.0,0.0
2008-09-10,27.00952339172364,27.00952339172364,27.00952339172364,27.00952339172364,16.464704513549805,0,0.0,0.0
2008-09-11,27.00952339172364,27.00952339172364,27.00952339172364,27.00952339172364,16.464704513549805,0,0.0,0.0
2008-09-12,27.00952339172364,27.00952339172364,27.00952339172364,27.00952339172364,16.464704513549805,0,0.0,0.0
2008-09-15,27.00952339172364,27.00952339172364,27.00952339172364,27.00952339172364,16.464704513549805,0,0.0,0.0
2008-09-16,27.00952339172364,27.00952339172364,27.00952339172364,27.00952339172364,16.464704513549805,0,0.0,0.0
2008-09-17,27.00952339172364,27.00952339172364,27.00952339172364,27.00952339172364,16.464704513549805,0,0.0,0.0
2008-09-18,27.00952339172364,27.00952339172364,27.00952339172364,27.00952339172364,16.464704513549805,0,0.0,0.0
2008-09-19,27.00952339172364,27.00952339172364,27.00952339172364,27.00952339172364,16.464704513549805,0,0.0,0.0
2008-09-22,27.00952339172364,27.00952339172364,27.00952339172364,27.00952339172364,16.464704513549805,0,0.0,0.0
2008-09-23,27.00952339172364,27.00952339172364,27.00952339172364,27.00952339172364,16.464704513549805,0,0.0,0.0
2008-09-24,27.00952339172364,27.00952339172364,27.00952339172364,27.00952339172364,16.464704513549805,0,0.0,0.0
2008-09-25,27.00952339172364,27.00952339172364,27.00952339172364,27.00952339172364,16.464704513549805,0,0.0,0.0
2008-09-26,27.00952339172364,27.00952339172364,27.00952339172364,27.00952339172364,16.464704513549805,0,0.0,0.0
2008-09-29,27.00952339172364,27.00952339172364,27.00952339172364,27.00952339172364,16.464704513549805,0,0.0,0.0
2008-09-30,27.00952339172364,27.00952339172364,27.00952339172364,27.00952339172364,16.464704513549805,0,0.0,0.0
2008-10-01,27.00952339172364,27.00952339172364,27.00952339172364,27.00952339172364,16.464704513549805,0,0.0,0.0
2008-10-02,27.00952339172364,27.00952339172364,27.00952339172364,27.00952339172364,16.464704513549805,0,0.0,0.0
2008-10-03,27.00952339172364,27.00952339172364,27.00952339172364,27.00952339172364,16.464704513549805,0,0.0,0.0
2008-10-06,27.00952339172364,27.00952339172364,27.00952339172364,27.00952339172364,16.464704513549805,0,0.0,0.0
2008-10-07,27.00952339172364,27.00952339172364,27.00952339172364,27.00952339172364,16.464704513549805,0,0.0,0.0
2008-10-08,27.00952339172364,27.00952339172364,27.00952339172364,27.00952339172364,16.464704513549805,0,0.0,0.0
2008-10-09,27.00952339172364,27.00952339172364,27.00952339172364,27.00952339172364,16.464704513549805,0,0.0,0.0
2008-10-10,27.00952339172364,27.00952339172364,27.00952339172364,27.00952339172364,16.464704513549805,0,0.0,0.0
2008-10-13,27.00952339172364,27.00952339172364,27.00952339172364,27.00952339172364,16.464704513549805,0,0.0,0.0
2008-10-14,27.00952339172364,27.00952339172364,27.00952339172364,27.00952339172364,16.464704513549805,0,0.0,0.0
2008-10-15,27.00952339172364,27.00952339172364,27.00952339172364,27.00952339172364,16.464704513549805,0,0.0,0.0
2008-10-16,27.00952339172364,27.00952339172364,27.00952339172364,27.00952339172364,16.464704513549805,0,0.0,0.0
2008-10-17,27.00952339172364,27.00952339172364,27.00952339172364,27.00952339172364,16.464704513549805,0,0.0,0.0
2008-10-20,27.00952339172364,27.00952339172364,27.00952339172364,27.00952339172364,16.464704513549805,0,0.0,0.0
2008-10-21,27.00952339172364,27.00952339172364,27.00952339172364,27.00952339172364,16.464704513549805,0,0.0,0.0
2008-10-22,27.00952339172364,27.00952339172364,27.00952339172364,27.00952339172364,16.464704513549805,0,0.0,0.0
2008-10-23,27.00952339172364,27.00952339172364,27.00952339172364,27.00952339172364,16.464704513549805,0,0.0,0.0
2008-10-24,27.00952339172364,27.00952339172364,27.00952339172364,27.00952339172364,16.464704513549805,0,0.0,0.0
2008-10-27,27.00952339172364,27.00952339172364,27.00952339172364,27.00952339172364,16.464704513549805,0,0.0,0.0
2008-10-28,27.00952339172364,27.00952339172364,27.00952339172364,27.00952339172364,16.464704513549805,0,0.0,0.0
2008-10-29,27.00952339172364,27.00952339172364,27.00952339172364,27.00952339172364,16.464704513549805,0,0.0,0.0
2008-10-30,27.00952339172364,27.00952339172364,27.00952339172364,27.00952339172364,16.464704513549805,0,0.0,0.0
2008-10-31,27.00952339172364,27.00952339172364,27.00952339172364,27.00952339172364,16.464704513549805,0,0.0,0.0
2008-11-03,27.00952339172364,27.00952339172364,27.00952339172364,27.00952339172364,16.464704513549805,0,0.0,0.0
2008-11-04,27.00952339172364,27.00952339172364,27.00952339172364,27.00952339172364,16.464704513549805,0,0.0,0.0
2008-11-05,27.00952339172364,27.00952339172364,27.00952339172364,27.00952339172364,16.569869995117188,0,0.171429,0.0
2008-11-06,27.00952339172364,27.00952339172364,27.00952339172364,27.00952339172364,16.569869995117188,0,0.0,0.0
2008-11-07,27.00952339172364,27.00952339172364,27.00952339172364,27.00952339172364,16.569869995117188,0,0.0,0.0
2008-11-10,27.00952339172364,27.00952339172364,27.00952339172364,27.00952339172364,16.569869995117188,0,0.0,0.0
2008-11-11,27.00952339172364,27.00952339172364,27.00952339172364,27.00952339172364,16.569869995117188,0,0.0,0.0
2008-11-12,27.00952339172364,27.00952339172364,27.00952339172364,27.00952339172364,16.569869995117188,0,0.0,0.0
2008-11-13,27.00952339172364,27.00952339172364,27.00952339172364,27.00952339172364,16.569869995117188,0,0.0,0.0
2008-11-14,27.00952339172364,27.00952339172364,27.00952339172364,27.00952339172364,16.569869995117188,0,0.0,0.0
2008-11-17,27.00952339172364,27.00952339172364,27.00952339172364,27.00952339172364,16.569869995117188,0,0.0,0.0
2008-11-18,27.00952339172364,27.00952339172364,27.00952339172364,27.00952339172364,16.569869995117188,0,0.0,0.0
2008-11-19,27.00952339172364,27.00952339172364,27.00952339172364,27.00952339172364,16.569869995117188,0,0.0,0.0
2008-11-20,27.00952339172364,27.00952339172364,27.00952339172364,27.00952339172364,16.569869995117188,0,0.0,0.0
2008-11-21,27.00952339172364,27.00952339172364,27.00952339172364,27.00952339172364,16.569869995117188,0,0.0,0.0
2008-11-24,27.00952339172364,27.00952339172364,27.00952339172364,27.00952339172364,16.569869995117188,0,0.0,0.0
2008-11-25,27.00952339172364,27.00952339172364,27.00952339172364,27.00952339172364,16.569869995117188,0,0.0,0.0
2008-11-26,27.00952339172364,27.00952339172364,27.00952339172364,27.00952339172364,16.569869995117188,0,0.0,0.0
2008-11-27,27.00952339172364,27.00952339172364,27.00952339172364,27.00952339172364,16.569869995117188,0,0.0,0.0
2008-11-28,27.00952339172364,27.00952339172364,27.00952339172364,27.00952339172364,16.569869995117188,0,0.0,0.0
2008-12-01,27.00952339172364,27.00952339172364,27.00952339172364,27.00952339172364,16.569869995117188,0,0.0,0.0
2008-12-02,27.00952339172364,27.00952339172364,27.00952339172364,27.00952339172364,16.569869995117188,0,0.0,0.0
2008-12-03,27.00952339172364,27.00952339172364,27.00952339172364,27.00952339172364,16.569869995117188,0,0.0,0.0
2008-12-04,27.00952339172364,27.00952339172364,27.00952339172364,27.00952339172364,16.569869995117188,0,0.0,0.0
2008-12-05,27.00952339172364,27.00952339172364,27.00952339172364,27.00952339172364,16.569869995117188,0,0.0,0.0
2008-12-08,27.00952339172364,27.00952339172364,27.00952339172364,27.00952339172364,16.569869995117188,0,0.0,0.0
2008-12-09,27.00952339172364,27.00952339172364,27.00952339172364,27.00952339172364,16.569869995117188,0,0.0,0.0
2008-12-10,27.00952339172364,27.00952339172364,27.00952339172364,27.00952339172364,16.569869995117188,0,0.0,0.0
2008-12-11,13.90476131439209,14.095237731933594,13.714284896850586,13.952380180358888,8.559545516967773,1124970,0.0,0.0
2008-12-12,14.190476417541504,14.333333015441896,13.761903762817385,13.876190185546877,8.512801170349121,2709105,0.0,0.0
2008-12-15,14.038095474243164,14.342857360839844,13.78095245361328,14.342857360839844,8.799094200134277,4096470,0.0,0.0
2008-12-16,14.533332824707031,15.380951881408691,14.466666221618652,15.35237979888916,9.418421745300291,2857260,0.0,0.0
2008-12-17,15.199999809265137,16.371427536010742,15.047618865966797,16.190475463867188,9.932576179504396,3884055,0.0,0.0
2008-12-18,16.28571319580078,16.961904525756836,16.238094329833984,16.857141494750977,10.341565132141112,5088300,0.0,0.0
2008-12-19,16.495237350463867,16.857141494750977,16.342857360839844,16.75238037109375,10.27729606628418,4244730,0.0,0.0
2008-12-22,16.571428298950195,17.904760360717773,16.342857360839844,17.895238876342773,10.978421211242676,4481190,0.0,0.0
2008-12-23,17.80952262878418,18.41904640197754,17.438095092773438,17.847618103027344,10.949204444885254,5676090,0.0,0.0
2008-12-29,17.438095092773438,17.44761848449707,16.190475463867188,16.27618980407715,9.98516082763672,5170515,0.0,0.0
2008-12-30,15.952380180358888,16.457141876220703,15.676190376281738,15.952380180358888,9.786510467529297,7298655,0.0,0.0
2009-01-02,15.857142448425291,15.923809051513672,15.171427726745604,15.2380952835083,9.348311424255373,5221020,0.0,0.0
2009-01-05,15.152379989624023,16.133333206176758,14.647619247436523,16.0,9.815725326538086,5746335,0.0,0.0
2009-01-06,16.457141876220703,16.495237350463867,15.571428298950195,16.266666412353516,9.979321479797363,4289880,0.0,0.0
2009-01-07,16.4761905670166,16.4761905670166,15.84761905670166,16.0,9.815725326538086,2360925,0.0,0.0
2009-01-08,16.0,16.0,16.0,16.0,9.815725326538086,0,0.0,0.0
2009-01-09,16.0,16.0,16.0,16.0,9.815725326538086,0,0.0,0.0
2009-01-12,16.0,16.0,16.0,16.0,9.815725326538086,0,0.0,0.0
2009-01-13,16.0,16.0,16.0,16.0,9.815725326538086,0,0.0,0.0
2009-01-14,16.0,16.0,16.0,16.0,9.815725326538086,0,0.0,0.0
2009-01-15,16.0,16.0,16.0,16.0,9.815725326538086,0,0.0,0.0
2009-01-16,16.0,16.0,16.0,16.0,9.815725326538086,0,0.0,0.0
2009-01-19,16.0,16.0,16.0,16.0,9.815725326538086,0,0.0,0.0
2009-01-20,16.0,16.0,16.0,16.0,9.815725326538086,0,0.0,0.0
2009-01-21,16.0,16.0,16.0,16.0,9.815725326538086,0,0.0,0.0
2009-01-22,16.0,16.0,16.0,16.0,9.815725326538086,0,0.0,0.0
2009-01-23,16.0,16.0,16.0,16.0,9.815725326538086,0,0.0,0.0
2009-01-26,16.0,16.0,16.0,16.0,9.815725326538086,0,0.0,0.0
2009-01-27,16.0,16.0,16.0,16.0,9.815725326538086,0,0.0,0.0
2009-01-28,16.0,16.0,16.0,16.0,9.815725326538086,0,0.0,0.0
2009-01-29,16.0,16.0,16.0,16.0,9.815725326538086,0,0.0,0.0
2009-01-30,16.0,16.0,16.0,16.0,9.815725326538086,0,0.0,0.0
2009-02-02,16.0,16.0,16.0,16.0,9.815725326538086,0,0.0,0.0
2009-02-03,16.0,16.0,16.0,16.0,9.815725326538086,0,0.0,0.0
2009-02-04,16.0,16.0,16.0,16.0,9.815725326538086,0,0.0,0.0
2009-02-05,16.0,16.0,16.0,16.0,9.815725326538086,0,0.0,0.0
2009-02-06,16.0,16.0,16.0,16.0,9.815725326538086,0,0.0,0.0
2009-02-09,16.0,16.0,16.0,16.0,9.815725326538086,0,0.0,0.0
2009-02-10,16.0,16.0,16.0,16.0,9.815725326538086,0,0.0,0.0
2009-02-11,16.0,16.0,16.0,16.0,9.815725326538086,0,0.0,0.0
2009-02-12,16.0,16.0,16.0,16.0,9.815725326538086,0,0.0,0.0
2009-02-13,16.0,16.0,16.0,16.0,9.815725326538086,0,0.0,0.0
2009-02-16,16.0,16.0,16.0,16.0,9.815725326538086,0,0.0,0.0
2009-02-17,16.0,16.0,16.0,16.0,9.839151382446287,0,0.038095,0.0
2009-02-18,16.0,16.0,16.0,16.0,9.839151382446287,0,0.0,0.0
2009-02-19,16.0,16.0,16.0,16.0,9.839151382446287,0,0.0,0.0
2009-02-20,16.0,16.0,16.0,16.0,9.839151382446287,0,0.0,0.0
2009-02-23,16.0,16.0,16.0,16.0,9.839151382446287,0,0.0,0.0
2009-02-24,16.0,16.0,16.0,16.0,9.839151382446287,0,0.0,0.0
2009-02-25,16.0,16.0,16.0,16.0,9.839151382446287,0,0.0,0.0
2009-02-26,16.0,16.0,16.0,16.0,9.839151382446287,0,0.0,0.0
2009-02-27,16.0,16.0,16.0,16.0,9.839151382446287,0,0.0,0.0
2009-03-02,16.0,16.0,16.0,16.0,9.839151382446287,0,0.0,0.0
2009-03-03,16.0,16.0,16.0,16.0,9.839151382446287,0,0.0,0.0
2009-03-04,16.0,16.0,16.0,16.0,9.839151382446287,0,0.0,0.0
2009-03-05,16.0,16.0,16.0,16.0,9.839151382446287,0,0.0,0.0
2009-03-06,16.0,16.0,16.0,16.0,9.839151382446287,0,0.0,0.0
2009-03-09,16.0,16.0,16.0,16.0,9.839151382446287,0,0.0,0.0
2009-03-10,16.0,16.0,16.0,16.0,9.839151382446287,0,0.0,0.0
2009-03-11,16.0,16.0,16.0,16.0,9.839151382446287,0,0.0,0.0
2009-03-12,16.0,16.0,16.0,16.0,9.839151382446287,0,0.0,0.0
2009-03-13,16.0,16.0,16.0,16.0,9.839151382446287,0,0.0,0.0
2009-03-16,16.0,16.0,16.0,16.0,9.839151382446287,0,0.0,0.0
2009-03-17,16.0,16.0,16.0,16.0,9.839151382446287,0,0.0,0.0
2009-03-18,16.0,16.0,16.0,16.0,9.839151382446287,0,0.0,0.0
2009-03-19,16.0,16.0,16.0,16.0,9.839151382446287,0,0.0,0.0
2009-03-20,16.0,16.0,16.0,16.0,9.839151382446287,0,0.0,0.0
2009-03-23,16.0,16.0,16.0,16.0,9.839151382446287,0,0.0,0.0
2009-03-24,16.0,16.0,16.0,16.0,9.839151382446287,0,0.0,0.0
2009-03-25,16.0,16.0,16.0,16.0,9.839151382446287,0,0.0,0.0
2009-03-26,16.0,16.0,16.0,16.0,9.839151382446287,0,0.0,0.0
2009-03-27,16.0,16.0,16.0,16.0,9.839151382446287,0,0.0,0.0
2009-03-30,16.0,16.0,16.0,16.0,9.839151382446287,0,0.0,0.0
2009-03-31,16.0,16.0,16.0,16.0,9.839151382446287,0,0.0,0.0
2009-04-01,16.0,16.0,16.0,16.0,9.839151382446287,0,0.0,0.0
2009-04-02,16.0,16.0,16.0,16.0,9.839151382446287,0,0.0,0.0
2009-04-03,16.0,16.0,16.0,16.0,9.839151382446287,0,0.0,0.0
2009-04-06,16.0,16.0,16.0,16.0,9.839151382446287,0,0.0,0.0
2009-04-07,16.0,16.0,16.0,16.0,9.839151382446287,0,0.0,0.0
2009-04-08,16.0,16.0,16.0,16.0,9.839151382446287,0,0.0,0.0
2009-04-14,16.0,16.0,16.0,16.0,9.839151382446287,0,0.0,0.0
2009-04-15,16.0,16.0,16.0,16.0,9.839151382446287,0,0.0,0.0
2009-04-16,16.0,16.0,16.0,16.0,9.839151382446287,0,0.0,0.0
2009-04-17,16.0,16.0,16.0,16.0,9.839151382446287,0,0.0,0.0
2009-04-20,16.0,16.0,16.0,16.0,9.839151382446287,0,0.0,0.0
2009-04-21,16.0,16.0,16.0,16.0,9.839151382446287,0,0.0,0.0
2009-04-22,16.0,16.0,16.0,16.0,9.839151382446287,0,0.0,0.0
2009-04-23,16.0,16.0,16.0,16.0,9.839151382446287,0,0.0,0.0
2009-04-24,16.0,16.0,16.0,16.0,9.839151382446287,0,0.0,0.0
2009-04-27,16.0,16.0,16.0,16.0,9.839151382446287,0,0.0,0.0
2009-04-28,16.0,16.0,16.0,16.0,9.839151382446287,0,0.0,0.0
2009-04-29,16.0,16.0,16.0,16.0,9.839151382446287,0,0.0,0.0
2009-04-30,16.0,16.0,16.0,16.0,9.839151382446287,0,0.0,0.0
2009-05-04,16.0,16.0,16.0,16.0,9.839151382446287,0,0.0,0.0
2009-05-05,16.0,16.0,16.0,16.0,9.839151382446287,0,0.0,0.0
2009-05-06,16.0,16.0,16.0,16.0,9.839151382446287,0,0.0,0.0
2009-05-07,16.0,16.0,16.0,16.0,9.839151382446287,0,0.0,0.0
2009-05-08,16.0,16.0,16.0,16.0,9.839151382446287,0,0.0,0.0
2009-05-11,16.0,16.0,16.0,16.0,9.839151382446287,0,0.0,0.0
2009-05-12,16.0,16.0,16.0,16.0,9.839151382446287,0,0.0,0.0
2009-05-13,16.0,16.0,16.0,16.0,9.839151382446287,0,0.0,0.0
2009-05-14,16.0,16.0,16.0,16.0,9.839151382446287,0,0.0,0.0
2009-05-15,16.0,16.0,16.0,16.0,9.839151382446287,0,0.0,0.0
2009-05-18,19.895238876342773,19.97142791748047,19.17142868041992,19.628570556640625,12.070528984069824,10919370,0.0,0.0
2009-05-19,20.238094329833984,20.619047164916992,20.066665649414062,20.4761905670166,12.591768264770508,7650195,0.0,0.0
2009-05-20,20.295238494873047,21.409523010253903,20.14285659790039,21.190475463867188,13.031014442443848,11650275,0.0,0.0
2009-05-22,20.933332443237305,20.933332443237305,19.819047927856445,20.571428298950195,12.650336265563965,13275360,0.0,0.0
2009-05-25,20.80952262878418,21.190475463867188,20.13333320617676,21.190475463867188,13.031014442443848,9925335,0.0,0.0
2009-05-26,21.80952262878418,21.885713577270508,21.238094329833984,21.33333206176757,13.11886978149414,7886970,0.0,0.0
2009-05-27,20.95237922668457,21.0952377319336,20.619047164916992,20.990476608276367,12.908025741577148,6420540,0.0,0.0
2009-05-28,20.95237922668457,21.28571319580078,20.0952377319336,20.53333282470703,12.626907348632812,6648285,0.0,0.0
2009-05-29,21.0285701751709,21.0285701751709,20.0285701751709,20.466665267944336,12.585920333862305,6935145,0.0,0.0
2009-06-02,20.676189422607425,20.80952262878418,20.209522247314453,20.39047622680664,12.539057731628418,4882185,0.0,0.0
2009-06-03,20.0285701751709,20.08571434020996,19.066665649414062,19.323808670043945,11.883115768432615,7186410,0.0,0.0
2009-06-04,19.571428298950195,19.60952377319336,18.619047164916992,18.619047164916992,11.449722290039062,5995605,0.0,0.0
2009-06-05,18.552379608154297,18.847618103027344,18.11428451538086,18.847618103027344,11.590285301208496,9100875,0.0,0.0
2009-06-08,19.0952377319336,19.25714111328125,18.69523811340332,19.038095474243164,11.707416534423828,5217870,0.0,0.0
2009-06-09,19.33333206176757,19.571428298950195,19.0285701751709,19.0285701751709,11.701562881469728,5456850,0.0,0.0
2009-06-10,18.65714263916016,18.75238037109375,18.14285659790039,18.14285659790039,11.15689754486084,5052600,0.0,0.0
2009-06-11,18.28571319580078,18.95237922668457,18.0476188659668,18.847618103027344,11.590285301208496,7134645,0.0,0.0
2009-06-12,19.14285659790039,19.39047622680664,18.571428298950195,18.685714721679688,11.49071979522705,5532765,0.0,0.0
2009-06-15,18.428571701049805,19.466665267944336,18.314285278320312,19.466665267944336,11.97097110748291,6937245,0.0,0.0
2009-06-16,19.428571701049805,19.74285697937012,19.323808670043945,19.428571701049805,11.94754123687744,6065220,0.0,0.0
2009-06-17,19.5238094329834,19.9809513092041,19.43809509277344,19.82857131958008,12.19351863861084,3935400,0.0,0.0
2009-06-18,19.9809513092041,20.0476188659668,19.152379989624023,19.5238094329834,12.006108283996582,7055685,0.0,0.0
2009-06-19,19.63809585571289,20.0476188659668,19.600000381469727,19.60952377319336,12.058818817138672,4900140,0.0,0.0
2009-06-22,19.238094329833984,19.44761848449707,19.0476188659668,19.371427536010746,11.912394523620604,5488875,0.0,0.0
2009-06-23,19.428571701049805,19.66666603088379,19.27618980407715,19.33333206176757,11.888970375061035,1581090,0.0,0.0
2009-06-24,18.95237922668457,19.13333320617676,18.580951690673828,19.00952339172364,11.68985080718994,6559875,0.0,0.0
2009-06-25,19.038095474243164,19.038095474243164,18.33333206176757,18.33333206176757,11.27402687072754,6067005,0.0,0.0
2009-06-26,18.21904754638672,18.495237350463867,17.761903762817383,18.25714111328125,11.227170944213867,6679155,0.0,0.0
2009-06-29,18.25714111328125,18.25714111328125,18.25714111328125,18.25714111328125,11.227170944213867,0,0.0,0.0
2009-06-30,18.238094329833984,18.514284133911133,18.0,18.13333320617676,11.151036262512209,5140590,0.0,0.0
2009-07-01,18.323808670043945,18.428571701049805,17.485713958740234,17.80952262878418,10.951910972595217,7605255,0.0,0.0
2009-07-02,17.895238876342773,17.9809513092041,17.409523010253906,17.619047164916992,10.83477783203125,7976325,0.0,0.0
2009-07-03,18.076190948486328,19.161903381347656,17.94285774230957,19.05714225769043,11.719134330749512,7840875,0.0,0.0
2009-07-06,18.95237922668457,19.904760360717773,18.714284896850582,19.628570556640625,12.070528984069824,7254765,0.0,0.0
2009-07-07,19.761903762817383,19.923809051513672,19.495237350463867,19.69523811340332,12.111530303955078,5183010,0.0,0.0
2009-07-08,20.0952377319336,20.647619247436523,19.904760360717773,20.619047164916992,12.67961883544922,6533835,0.0,0.0
2009-07-09,20.857141494750977,21.038095474243164,19.96190452575684,20.44761848449707,12.574198722839355,7802130,0.0,0.0
2009-07-10,20.0,21.0,19.428571701049805,20.63809585571289,12.691333770751951,6053145,0.0,0.0
2009-07-13,20.761903762817383,21.380952835083008,20.53333282470703,21.0952377319336,12.972451210021973,7167615,0.0,0.0
2009-07-14,20.95237922668457,21.295238494873047,20.819047927856445,20.96190452575684,12.890458106994627,4383330,0.0,0.0
2009-07-15,21.190475463867188,21.190475463867188,20.428571701049805,20.733333587646484,12.74990463256836,6312285,0.0,0.0
2009-07-16,20.4761905670166,20.72380828857422,20.24761962890625,20.56190490722656,12.64447784423828,5811225,0.0,0.0
2009-07-17,20.26666641235352,20.33333206176757,19.904760360717773,20.05714225769043,12.334074020385742,6063645,0.0,0.0
2009-07-20,20.36190414428711,20.83809471130371,20.314285278320312,20.53333282470703,12.626907348632812,5903835,0.0,0.0
2009-07-21,20.380952835083008,20.94285774230957,20.371427536010746,20.885713577270508,12.843605995178224,5017320,0.0,0.0
2009-07-22,21.22857093811035,21.580951690673828,21.0,21.428571701049805,13.177437782287598,6274905,0.0,0.0
2009-07-23,21.30476188659668,21.895238876342773,21.22857093811035,21.60952377319336,13.288708686828612,5721870,0.0,0.0
2009-07-24,21.514284133911133,21.771427154541016,21.08571434020996,21.571428298950195,13.265281677246094,5796630,0.0,0.0
2009-07-27,21.619047164916992,21.619047164916992,20.819047927856445,21.0,12.913886070251465,7694610,0.0,0.0
2009-07-28,21.28571319580078,21.44761848449707,20.82857131958008,20.904760360717773,12.85531997680664,6320895,0.0,0.0
2009-07-29,20.80952262878418,21.0,20.647619247436523,21.0,12.913886070251465,4311405,0.0,0.0
2009-07-30,21.0,21.0476188659668,20.33333206176757,20.39047622680664,12.539057731628418,5973555,0.0,0.0
2009-07-31,20.428571701049805,21.323808670043945,20.39047622680664,21.190475463867188,13.031014442443848,7088130,0.0,0.0
2009-08-03,21.495237350463867,21.78095245361328,21.26666641235352,21.78095245361328,13.39412784576416,6238995,0.0,0.0
2009-08-04,21.80952262878418,22.39047622680664,21.380952835083008,21.91428565979004,13.476125717163086,8665650,0.0,0.0
2009-08-05,21.91428565979004,21.91428565979004,21.91428565979004,21.91428565979004,13.476125717163086,0,0.0,0.0
2009-08-06,21.05714225769043,21.22857093811035,20.80952262878418,20.904760360717773,12.85531997680664,4929225,0.0,0.0
2009-08-07,20.571428298950195,21.076190948486328,20.428571701049805,20.885713577270508,12.843605995178224,5509560,0.0,0.0
2009-08-10,20.904760360717773,21.466665267944336,20.904760360717773,21.238094329833984,13.06029987335205,4801545,0.0,0.0
2009-08-11,21.5238094329834,21.80952262878418,21.380952835083008,21.59047508239746,13.27699089050293,4948755,0.0,0.0
2009-08-12,21.771427154541016,22.24761962890625,21.714284896850582,21.80952262878418,13.411698341369627,6223875,0.0,0.0
2009-08-13,21.80952262878418,22.11428451538086,21.30476188659668,21.342857360839844,13.12472438812256,4836510,0.0,0.0
2009-08-14,21.428571701049805,21.571428298950195,21.08571434020996,21.238094329833984,13.06029987335205,5353845,0.0,0.0
2009-08-17,21.30476188659668,21.96190452575684,20.923809051513672,21.819047927856445,13.417559623718262,6449520,0.0,0.0
2009-08-18,21.904760360717773,22.0952377319336,21.485713958740234,21.65714263916016,13.31799030303955,4710300,0.0,0.0
2009-08-19,21.36190414428711,21.409523010253903,21.0,21.00952339172364,12.9197416305542,5518800,0.0,0.0
2009-08-20,21.019046783447266,21.485713958740234,20.580951690673828,20.66666603088379,12.708907127380373,5281080,0.0,0.0
2009-08-21,20.56190490722656,20.75238037109375,20.238094329833984,20.238094329833984,12.445355415344238,6972210,0.0,0.0
2009-08-24,20.4761905670166,20.65714263916016,20.342857360839844,20.59047508239746,12.662050247192385,3807615,0.0,0.0
2009-08-25,20.714284896850582,21.038095474243164,20.60952377319336,20.9809513092041,12.902174949645996,4383225,0.0,0.0
2009-08-26,21.409523010253903,21.70476150512696,21.295238494873047,21.619047164916992,13.294565200805664,4168080,0.0,0.0
2009-08-27,21.619047164916992,21.66666603088379,21.21904754638672,21.485713958740234,13.212576866149902,3972570,0.0,0.0
2009-08-28,21.30476188659668,21.904760360717773,21.24761962890625,21.857141494750977,13.440978050231934,5161380,0.0,0.0
2009-08-31,21.95237922668457,22.0952377319336,21.72380828857422,22.019046783447266,13.54054355621338,5158125,0.0,0.0
2009-09-01,21.70476150512696,22.076190948486328,21.53333282470703,21.923809051513672,13.481983184814451,3865785,0.0,0.0
2009-09-02,22.076190948486328,22.0952377319336,21.714284896850582,21.94285774230957,13.493692398071287,4582725,0.0,0.0
2009-09-03,22.08571434020996,22.799999237060547,22.08571434020996,22.714284896850582,13.968080520629885,6524070,0.0,0.0
2009-09-04,22.66666603088379,23.22857093811035,22.238094329833984,22.95237922668457,14.114494323730469,5947515,0.0,0.0
2009-09-07,22.80952262878418,23.323808670043945,22.80952262878418,23.11428451538086,14.214058876037598,3979500,0.0,0.0
2009-09-08,22.857141494750977,23.542856216430664,22.485713958740234,23.33333206176757,14.348763465881348,5602275,0.0,0.0
2009-09-09,23.714284896850582,23.91428565979004,23.5238094329834,23.5238094329834,14.465890884399414,7010955,0.0,0.0
2009-09-10,23.53333282470703,23.628570556640625,22.904760360717773,22.91428565979004,14.091066360473633,6022275,0.0,0.0
2009-09-11,23.14285659790039,23.209522247314453,22.33333206176757,22.619047164916992,13.909518241882324,8683500,0.0,0.0
2009-09-14,22.466665267944336,22.761903762817383,22.380952835083008,22.53333282470703,13.856807708740234,4999785,0.0,0.0
2009-09-15,22.771427154541016,23.076190948486328,22.580951690673828,22.904760360717773,14.085210800170898,4114635,0.0,0.0
2009-09-16,22.857141494750977,23.0285701751709,22.457141876220703,22.60952377319336,13.903658866882324,6085590,0.0,0.0
2009-09-17,22.91428565979004,22.91428565979004,22.43809509277344,22.619047164916992,13.909518241882324,5888925,0.0,0.0
2009-09-18,22.5238094329834,22.56190490722656,21.933332443237305,22.00952339172364,13.53468894958496,7123830,0.0,0.0
2009-09-21,21.80952262878418,23.019046783447266,21.580951690673828,22.72380828857422,13.973931312561035,12618375,0.0,0.0
2009-09-22,22.9809513092041,23.761903762817383,22.95237922668457,23.619047164916992,14.524456024169922,18189780,0.0,0.0
2009-09-23,23.904760360717773,24.26666641235352,23.66666603088379,24.0952377319336,14.817298889160156,8771385,0.0,0.0
2009-09-24,24.0,24.571428298950195,23.72380828857422,24.238094329833984,14.90513801574707,7326060,0.0,0.0
2009-09-25,24.5238094329834,24.714284896850582,24.25714111328125,24.66666603088379,15.168689727783203,5840100,0.0,0.0
2009-09-28,24.600000381469727,24.904760360717773,24.466665267944336,24.676189422607425,15.17455005645752,3759735,0.0,0.0
2009-09-29,24.761903762817383,25.66666603088379,24.75238037109375,25.66666603088379,15.78363800048828,5336940,0.0,0.0
2009-09-30,26.24761962890625,27.28571319580078,26.190475463867188,27.28571319580078,16.77927017211914,8830815,0.0,0.0
2009-10-01,27.14285659790039,28.44761848449707,26.80952262878418,28.44761848449707,17.4937744140625,7030800,0.0,0.0
2009-10-02,27.761903762817383,28.33333206176757,27.39047622680664,27.43809509277344,16.872968673706055,8775375,0.0,0.0
2009-10-05,27.72380828857422,28.82857131958008,27.72380828857422,28.380952835083008,17.452775955200195,7129710,0.0,0.0
2009-10-06,27.79047584533692,28.24761962890625,26.819047927856445,27.79047584533692,17.08966827392578,9740430,0.0,0.0
2009-10-07,27.80952262878418,28.95237922668457,27.80952262878418,27.95237922668457,17.189231872558594,7666470,0.0,0.0
2009-10-08,28.41904640197754,28.571428298950195,27.628570556640625,28.28571319580078,17.394208908081055,5836005,0.0,0.0
2009-10-09,28.75238037109375,28.857141494750977,27.43809509277344,27.43809509277344,16.872968673706055,5448660,0.0,0.0
2009-10-12,27.714284896850582,28.14285659790039,26.904760360717773,27.25714111328125,16.76169204711914,4218690,0.0,0.0
2009-10-13,27.571428298950195,27.571428298950195,26.0952377319336,26.190475463867188,16.10574722290039,6046005,0.0,0.0
2009-10-14,26.0,26.0,24.295238494873047,24.314285278320312,14.951992988586426,11693745,0.0,0.0
2009-10-15,25.14285659790039,26.209522247314453,24.96190452575684,26.190475463867188,16.10574722290039,8024205,0.0,0.0
2009-10-16,26.457141876220703,26.542856216430664,24.819047927856445,25.0476188659668,15.402956008911133,7657545,0.0,0.0
2009-10-19,24.5238094329834,26.076190948486328,24.0952377319336,25.342857360839844,15.584517478942873,6560715,0.0,0.0
2009-10-20,26.24761962890625,26.66666603088379,25.857141494750977,26.180952072143555,16.099895477294922,6550110,0.0,0.0
2009-10-21,26.66666603088379,26.933332443237305,26.30476188659668,26.714284896850582,16.42786979675293,6697635,0.0,0.0
2009-10-22,26.733333587646484,26.733333587646484,25.5238094329834,25.923809051513672,15.941766738891602,8537445,0.0,0.0
2009-10-23,26.485713958740234,27.0,26.33333206176757,26.714284896850582,16.42786979675293,6232905,0.0,0.0
2009-10-26,26.59047508239746,27.123809814453125,26.428571701049805,26.95237922668457,16.574283599853516,6386625,0.0,0.0
2009-10-27,27.36190414428711,27.60952377319336,26.83809471130371,27.0952377319336,16.66213607788086,5469450,0.0,0.0
2009-10-28,27.038095474243164,27.038095474243164,25.933332443237305,25.933332443237305,15.94762134552002,7644945,0.0,0.0
2009-10-29,26.0952377319336,26.628570556640625,25.619047164916992,26.314285278320312,16.1818904876709,7170975,0.0,0.0
2009-10-30,26.66666603088379,27.123809814453125,26.619047164916992,26.904760360717773,16.545001983642578,5877270,0.0,0.0
2009-11-02,26.66666603088379,27.190475463867188,26.580951690673828,27.0476188659668,16.677125930786133,5133345,0.071429,0.0
2009-11-03,27.33333206176757,27.466665267944336,26.69523811340332,26.70476150512696,16.465728759765625,6455505,0.0,0.0
2009-11-04,26.39047622680664,27.21904754638672,26.0476188659668,26.94285774230957,16.612531661987305,4715025,0.0,0.0
2009-11-05,27.35238075256348,27.4761905670166,26.857141494750977,26.95237922668457,16.618406295776367,4407900,0.0,0.0
2009-11-06,27.0,27.13333320617676,26.5238094329834,26.933332443237305,16.60666275024414,4623990,0.0,0.0
2009-11-09,27.0476188659668,27.190475463867188,26.95237922668457,27.14285659790039,16.73585319519043,4479930,0.0,0.0
2009-11-10,26.66666603088379,26.857141494750977,26.371427536010746,26.44761848449707,16.307174682617188,2926245,0.0,0.0
2009-11-11,26.190475463867188,26.86666679382324,26.11428451538086,26.466665267944336,16.31891441345215,4108230,0.0,0.0
2009-11-12,26.4761905670166,26.74285697937012,25.80952262878418,25.80952262878418,15.913734436035156,6538140,0.0,0.0
2009-11-13,26.63809585571289,27.038095474243164,26.485713958740234,26.714284896850582,16.47159767150879,6510735,0.0,0.0
2009-11-16,26.95237922668457,27.4761905670166,26.819047927856445,27.238094329833984,16.794565200805664,6907320,0.0,0.0
2009-11-17,27.60952377319336,27.95237922668457,27.30476188659668,27.380952835083008,16.882654190063477,8060745,0.0,0.0
2009-11-18,27.33333206176757,28.0952377319336,26.95237922668457,27.0952377319336,16.706485748291016,8751645,0.0,0.0
2009-11-19,27.428571701049805,28.190475463867188,27.28571319580078,27.904760360717773,17.205631256103516,7452795,0.0,0.0
2009-11-20,27.66666603088379,27.847618103027344,27.28571319580078,27.33333206176757,16.85329246520996,5511555,0.0,0.0
2009-11-23,27.70476150512696,27.933332443237305,27.371427536010746,27.895238876342773,17.19975471496582,5917485,0.0,0.0
2009-11-24,28.11428451538086,28.619047164916992,28.08571434020996,28.619047164916992,17.646039962768555,6581505,0.0,0.0
2009-11-25,28.78095245361328,28.95237922668457,28.380952835083008,28.56190490722656,17.610809326171875,4081980,0.0,0.0
2009-11-26,28.714284896850582,28.80952262878418,28.0,28.161903381347656,17.364177703857422,3598665,0.0,0.0
2009-11-27,28.0476188659668,28.485713958740234,27.82857131958008,28.200000762939453,17.387666702270508,4532640,0.0,0.0
2009-11-30,28.466665267944336,28.5047607421875,27.56190490722656,27.619047164916992,17.029462814331055,5267325,0.0,0.0
2009-12-01,27.53333282470703,27.628570556640625,26.91428565979004,27.0476188659668,16.677125930786133,4727520,0.0,0.0
2009-12-02,27.33333206176757,27.35238075256348,26.676189422607425,27.019046783447266,16.659502029418945,4319805,0.0,0.0
2009-12-03,27.4761905670166,27.4761905670166,26.41904640197754,26.41904640197754,16.28956413269043,4224570,0.0,0.0
2009-12-04,26.904760360717773,27.74285697937012,26.80952262878418,27.74285697937012,17.105796813964844,6385575,0.0,0.0
2009-12-07,27.904760360717773,28.152379989624023,27.66666603088379,27.857141494750977,17.176259994506836,2847075,0.0,0.0
2009-12-08,27.857141494750977,27.857141494750977,27.857141494750977,27.857141494750977,17.176259994506836,0,0.0,0.0
2009-12-09,28.13333320617676,28.39999961853028,27.857141494750977,27.933332443237305,17.223243713378906,1794765,0.0,0.0
2009-12-10,27.933332443237305,27.933332443237305,27.933332443237305,27.933332443237305,17.32959747314453,0,0.171429,0.0
2009-12-11,27.799999237060547,27.80952262878418,27.628570556640625,27.75238037109375,17.217336654663086,2786700,0.0,0.0
2009-12-14,27.904760360717773,28.380952835083008,27.885713577270508,28.190475463867188,17.489118576049805,2969085,0.0,0.0
2009-12-15,28.323808670043945,28.733333587646484,28.238094329833984,28.66666603088379,17.7845516204834,4704420,0.0,0.0
2009-12-16,28.53333282470703,28.933332443237305,28.43809509277344,28.857141494750977,17.902721405029297,4724895,0.0,0.0
2009-12-17,28.66666603088379,28.933332443237305,28.11428451538086,28.209522247314453,17.50094223022461,5980695,0.0,0.0
2009-12-18,28.30476188659668,28.457141876220703,27.95237922668457,28.13333320617676,17.45368003845215,4482975,0.0,0.0
2009-12-21,28.380952835083008,28.56190490722656,28.0952377319336,28.152379989624023,17.465490341186523,4119780,0.0,0.0
2009-12-22,27.819047927856445,28.30476188659668,27.628570556640625,27.95237922668457,17.341407775878906,4818765,0.0,0.0
2009-12-23,28.190475463867188,28.33333206176757,27.82857131958008,28.08571434020996,17.424131393432617,4429845,0.0,0.0
2009-12-28,28.0952377319336,28.5047607421875,27.94285774230957,28.05714225769043,17.406400680541992,3727815,0.0,0.0
2009-12-29,27.75238037109375,28.038095474243164,27.14285659790039,27.4761905670166,17.045995712280273,5019525,0.0,0.0
2009-12-30,27.857141494750977,27.857141494750977,27.33333206176757,27.33333206176757,16.957359313964844,2017575,0.0,0.0
2010-01-04,27.161903381347656,27.5238094329834,27.123809814453125,27.24761962890625,16.904186248779297,3845625,0.0,0.0
2010-01-05,27.180952072143555,27.190475463867188,26.019046783447266,26.28571319580078,16.30742645263672,7289730,0.0,0.0
2010-01-06,26.4761905670166,26.56190490722656,24.91428565979004,25.14285659790039,15.598419189453123,9312870,0.0,0.0
2010-01-07,25.0,25.5238094329834,24.4761905670166,24.80952262878418,15.391611099243164,7786380,0.0,0.0
2010-01-08,24.60952377319336,25.33333206176757,24.33333206176757,25.0285701751709,15.527504920959473,6604605,0.0,0.0
2010-01-11,25.0,25.190475463867188,24.238094329833984,24.314285278320312,15.084364891052246,6605025,0.0,0.0
2010-01-12,24.885713577270508,25.0,23.91428565979004,24.380952835083008,15.125734329223633,8036490,0.0,0.0
2010-01-13,24.63809585571289,24.990476608276367,24.0476188659668,24.13333320617676,14.972107887268066,8066730,0.0,0.0
2010-01-14,24.35238075256348,24.91428565979004,24.13333320617676,24.761903762817383,15.36207103729248,4731930,0.0,0.0
2010-01-15,25.190475463867188,25.60952377319336,24.904760360717773,25.33333206176757,15.716580390930176,7434210,0.0,0.0
2010-01-18,25.380952835083008,25.66666603088379,25.104761123657227,25.26666641235352,15.675220489501951,6809880,0.0,0.0
2010-01-19,25.0,25.0476188659668,23.97142791748047,24.08571434020996,14.942566871643066,6997200,0.0,0.0
2010-01-20,23.600000381469727,24.0285701751709,22.771427154541016,23.495237350463867,14.576241493225098,7427280,0.0,0.0
2010-01-21,23.571428298950195,23.771427154541016,23.066665649414062,23.14285659790039,14.357626914978027,4675020,0.0,0.0
2010-01-22,23.571428298950195,24.0285701751709,23.457141876220703,23.571428298950195,14.623510360717772,5574555,0.0,0.0
2010-01-25,23.819047927856445,23.9809513092041,23.342857360839844,23.80952262878418,14.771218299865724,4492005,0.0,0.0
2010-01-26,23.876190185546875,24.95237922668457,23.72380828857422,24.95237922668457,15.480237007141112,5940795,0.0,0.0
2010-01-27,24.5238094329834,25.14285659790039,24.457141876220703,24.857141494750977,15.421154022216797,5577600,0.0,0.0
2010-01-28,25.24761962890625,25.428571701049805,25.0,25.00952339172364,15.515689849853516,3886155,0.0,0.0
2010-01-29,25.0476188659668,25.238094329833984,24.72380828857422,25.066665649414062,15.551137924194336,3469725,0.0,0.0
2010-02-01,24.79047584533692,24.96190452575684,24.74285697937012,24.761903762817383,15.36207103729248,4559940,0.0,0.0
2010-02-02,24.95237922668457,25.076190948486328,24.580951690673828,24.72380828857422,15.338436126708984,3679095,0.0,0.0
2010-02-03,24.63809585571289,24.733333587646484,24.0,24.17142868041992,14.995747566223145,4446645,0.0,0.0
2010-02-04,24.17142868041992,24.17142868041992,24.17142868041992,24.17142868041992,14.995747566223145,0,0.0,0.0
2010-02-05,24.17142868041992,24.17142868041992,24.17142868041992,24.17142868041992,14.995747566223145,0,0.0,0.0
2010-02-08,24.17142868041992,24.17142868041992,24.17142868041992,24.17142868041992,14.995747566223145,0,0.0,0.0
2010-02-09,24.17142868041992,24.17142868041992,24.17142868041992,24.17142868041992,14.995747566223145,0,0.0,0.0
2010-02-10,24.17142868041992,24.17142868041992,24.17142868041992,24.17142868041992,14.995747566223145,0,0.0,0.0
2010-02-11,24.17142868041992,24.17142868041992,24.17142868041992,24.17142868041992,14.995747566223145,0,0.0,0.0
2010-02-12,24.17142868041992,24.17142868041992,24.17142868041992,24.17142868041992,14.995747566223145,0,0.0,0.0
2010-02-15,24.17142868041992,24.17142868041992,24.17142868041992,24.17142868041992,14.995747566223145,0,0.0,0.0
2010-02-16,24.17142868041992,24.17142868041992,24.17142868041992,24.17142868041992,14.995747566223145,0,0.0,0.0
2010-02-17,24.17142868041992,24.17142868041992,24.17142868041992,24.17142868041992,14.995747566223145,0,0.0,0.0
2010-02-18,24.17142868041992,24.17142868041992,24.17142868041992,24.17142868041992,14.995747566223145,0,0.0,0.0
2010-02-19,24.17142868041992,24.17142868041992,24.17142868041992,24.17142868041992,14.995747566223145,0,0.0,0.0
2010-02-22,24.17142868041992,24.17142868041992,24.17142868041992,24.17142868041992,14.995747566223145,0,0.0,0.0
2010-02-23,24.17142868041992,24.17142868041992,24.17142868041992,24.17142868041992,14.995747566223145,0,0.0,0.0
2010-02-24,24.17142868041992,24.17142868041992,24.17142868041992,24.17142868041992,14.995747566223145,0,0.0,0.0
2010-02-25,24.17142868041992,24.17142868041992,24.17142868041992,24.17142868041992,14.995747566223145,0,0.0,0.0
2010-02-26,24.17142868041992,24.17142868041992,24.17142868041992,24.17142868041992,14.995747566223145,0,0.0,0.0
2010-03-01,24.17142868041992,24.17142868041992,24.17142868041992,24.17142868041992,14.995747566223145,0,0.0,0.0
2010-03-02,24.17142868041992,24.17142868041992,24.17142868041992,24.17142868041992,14.995747566223145,0,0.0,0.0
2010-03-03,24.17142868041992,24.17142868041992,24.17142868041992,24.17142868041992,14.995747566223145,0,0.0,0.0
2010-03-04,24.17142868041992,24.17142868041992,24.17142868041992,24.17142868041992,14.995747566223145,0,0.0,0.0
2010-03-05,24.17142868041992,24.17142868041992,24.17142868041992,24.17142868041992,14.995747566223145,0,0.0,0.0
2010-03-08,24.17142868041992,24.17142868041992,24.17142868041992,24.17142868041992,14.995747566223145,0,0.0,0.0
2010-03-09,24.17142868041992,24.17142868041992,24.17142868041992,24.17142868041992,14.995747566223145,0,0.0,0.0
2010-03-10,24.17142868041992,24.17142868041992,24.17142868041992,24.17142868041992,14.995747566223145,0,0.0,0.0
2010-03-11,24.17142868041992,24.17142868041992,24.17142868041992,24.17142868041992,14.995747566223145,0,0.0,0.0
2010-03-12,24.17142868041992,24.17142868041992,24.17142868041992,24.17142868041992,14.995747566223145,0,0.0,0.0
2010-03-15,24.17142868041992,24.17142868041992,24.17142868041992,24.17142868041992,14.995747566223145,0,0.0,0.0
2010-03-16,24.17142868041992,24.17142868041992,24.17142868041992,24.17142868041992,14.995747566223145,0,0.0,0.0
2010-03-17,24.17142868041992,24.17142868041992,24.17142868041992,24.17142868041992,14.995747566223145,0,0.0,0.0
2010-03-18,24.17142868041992,24.17142868041992,24.17142868041992,24.17142868041992,14.995747566223145,0,0.0,0.0
2010-03-19,24.17142868041992,24.17142868041992,24.17142868041992,24.17142868041992,14.995747566223145,0,0.0,0.0
2010-03-22,24.17142868041992,24.17142868041992,24.17142868041992,24.17142868041992,14.995747566223145,0,0.0,0.0
2010-03-23,24.17142868041992,24.17142868041992,24.17142868041992,24.17142868041992,14.995747566223145,0,0.0,0.0
2010-03-24,24.17142868041992,24.17142868041992,24.17142868041992,24.17142868041992,14.995747566223145,0,0.0,0.0
2010-03-25,24.17142868041992,24.17142868041992,24.17142868041992,24.17142868041992,14.995747566223145,0,0.0,0.0
2010-03-26,24.17142868041992,24.17142868041992,24.17142868041992,24.17142868041992,14.995747566223145,0,0.0,0.0
2010-03-29,24.17142868041992,24.17142868041992,24.17142868041992,24.17142868041992,14.995747566223145,0,0.0,0.0
2010-03-30,24.17142868041992,24.17142868041992,24.17142868041992,24.17142868041992,14.995747566223145,0,0.0,0.0
2010-03-31,24.17142868041992,24.17142868041992,24.17142868041992,24.17142868041992,14.995747566223145,0,0.0,0.0
2010-04-06,24.17142868041992,24.17142868041992,24.17142868041992,24.17142868041992,14.995747566223145,0,0.0,0.0
2010-04-07,24.17142868041992,24.17142868041992,24.17142868041992,24.17142868041992,14.995747566223145,0,0.0,0.0
2010-04-08,24.17142868041992,24.17142868041992,24.17142868041992,24.17142868041992,14.995747566223145,0,0.0,0.0
2010-04-09,24.17142868041992,24.17142868041992,24.17142868041992,24.17142868041992,14.995747566223145,0,0.0,0.0
2010-04-12,24.17142868041992,24.17142868041992,24.17142868041992,24.17142868041992,14.995747566223145,0,0.0,0.0
2010-04-13,24.17142868041992,24.17142868041992,24.17142868041992,24.17142868041992,14.995747566223145,0,0.0,0.0
2010-04-14,27.0952377319336,27.25714111328125,26.428571701049805,26.66666603088379,16.54376983642578,8576,0.0,0.0
2010-04-15,26.27618980407715,26.380952835083008,25.24761962890625,25.571428298950195,15.864295959472656,6686610,0.0,0.0
2010-04-16,25.24761962890625,26.27618980407715,24.82857131958008,25.819047927856445,16.01791000366211,6972000,0.0,0.0
2010-04-19,25.885713577270508,26.409523010253903,23.5238094329834,25.571428298950195,15.864295959472656,9572955,0.0,0.0
2010-04-20,25.619047164916992,25.78095245361328,24.30476188659668,24.857141494750977,15.421154022216797,9034725,0.0,0.0
2010-04-21,26.380952835083008,26.41904640197754,25.44761848449707,25.65714263916016,15.917471885681152,6324780,0.0,0.0
2010-04-22,25.24761962890625,25.885713577270508,25.076190948486328,25.076190948486328,15.557050704956056,4883130,0.0,0.0
2010-04-23,25.457141876220703,25.59047508239746,25.066665649414062,25.5047607421875,15.822936058044434,6040965,0.0,0.0
2010-04-26,25.72380828857422,26.0952377319336,25.238094329833984,25.238094329833984,15.657493591308594,5898900,0.0,0.0
2010-04-27,24.94285774230957,25.0,24.25714111328125,24.571428298950195,15.243901252746582,4989075,0.0,0.0
2010-04-28,24.380952835083008,24.466665267944336,23.4761905670166,23.904760360717773,14.830303192138672,6082545,0.0,0.0
2010-04-29,24.190475463867188,24.323808670043945,22.74285697937012,22.82857131958008,14.230684280395508,8117025,0.114286,0.0
2010-04-30,22.41904640197754,22.82857131958008,22.0952377319336,22.514284133911133,14.034764289855955,6870360,0.0,0.0
2010-05-03,21.904760360717773,22.190475463867188,21.4761905670166,21.65714263916016,13.500446319580078,7264950,0.0,0.0
2010-05-04,21.619047164916992,22.761903762817383,21.5238094329834,22.65714263916016,14.123815536499023,4758495,0.0,0.0
2010-05-05,22.60952377319336,23.180952072143555,22.26666641235352,22.619047164916992,14.10007095336914,3941700,0.0,0.0
2010-05-06,21.676189422607425,22.380952835083008,21.43809509277344,22.35238075256348,13.933837890625,5257665,0.0,0.0
2010-05-07,22.857141494750977,23.076190948486328,21.904760360717773,21.904760360717773,13.654804229736328,7623525,0.0,0.0
2010-05-10,22.5238094329834,23.0952377319336,22.495237350463867,23.0952377319336,14.396915435791016,5373375,0.0,0.0
2010-05-11,23.0476188659668,23.495237350463867,22.904760360717773,23.25714111328125,14.49783992767334,6095985,0.0,0.0
2010-05-12,23.314285278320312,23.83809471130371,23.295238494873047,23.80952262878418,14.842177391052246,3465630,0.0,0.0
2010-05-14,23.514284133911133,23.885713577270508,22.9809513092041,23.0952377319336,14.396915435791016,4656540,0.0,0.0
2010-05-18,23.038095474243164,23.904760360717773,23.0285701751709,23.685714721679688,14.765005111694336,4251660,0.0,0.0
2010-05-19,23.238094329833984,23.495237350463867,22.685714721679688,22.86666679382324,14.25443172454834,4995900,0.0,0.0
2010-05-20,22.95237922668457,23.190475463867188,22.076190948486328,22.190475463867188,13.832907676696776,4570440,0.0,0.0
2010-05-21,22.4761905670166,22.65714263916016,22.17142868041992,22.485713958740234,14.016955375671388,4466175,0.0,0.0
2010-05-25,22.857141494750977,23.0,22.35238075256348,22.380952835083008,13.95164394378662,3900120,0.0,0.0
2010-05-26,22.63809585571289,23.428571701049805,22.63809585571289,23.35238075256348,14.557210922241213,4447380,0.0,0.0
2010-05-27,23.21904754638672,23.91428565979004,23.08571434020996,23.819047927856445,14.848114013671877,3567900,0.0,0.0
2010-05-28,24.28571319580078,24.5238094329834,23.933332443237305,23.933332443237305,14.919355392456056,4394565,0.0,0.0
2010-05-31,24.104761123657227,24.485713958740234,24.0285701751709,24.371427536010746,15.192455291748049,2684430,0.0,0.0
2010-06-01,24.190475463867188,24.82857131958008,24.13333320617676,24.542856216430664,15.299318313598633,6316065,0.0,0.0
2010-06-02,24.60952377319336,24.83809471130371,23.819047927856445,24.161903381347656,15.061843872070312,4221000,0.0,0.0
2010-06-03,24.17142868041992,24.380952835083008,23.79047584533692,23.857141494750977,14.871862411499023,4521,0.0,0.0
2010-06-04,24.571428298950195,24.628570556640625,24.11428451538086,24.323808670043945,15.162775039672852,4063710,0.0,0.0
2010-06-07,24.190475463867188,24.66666603088379,24.066665649414062,24.238094329833984,15.109332084655762,4778655,0.0,0.0
2010-06-08,24.323808670043945,24.466665267944336,23.923809051513672,24.409523010253903,15.21620273590088,4043025,0.0,0.0
2010-06-09,24.190475463867188,24.53333282470703,23.714284896850582,23.714284896850582,14.782814979553224,4872735,0.0,0.0
2010-06-10,23.619047164916992,23.9809513092041,23.323808670043945,23.933332443237305,14.919355392456056,4422390,0.0,0.0
2010-06-11,23.857141494750977,23.876190185546875,23.485713958740234,23.571428298950195,14.693758010864258,4418610,0.0,0.0
2010-06-14,23.066665649414062,23.076190948486328,22.409523010253903,22.63809585571289,14.111946105957031,5125260,0.0,0.0
2010-06-15,22.571428298950195,23.152379989624023,22.466665267944336,22.466665267944336,14.005077362060549,5302500,0.0,0.0
2010-06-16,22.371427536010746,22.70476150512696,22.00952339172364,22.495237350463867,14.0228910446167,4704105,0.0,0.0
2010-06-17,22.428571701049805,22.714284896850582,22.00952339172364,22.342857360839844,13.92790412902832,4701795,0.0,0.0
2010-06-18,22.409523010253903,22.80952262878418,21.83809471130371,21.904760360717773,13.654804229736328,3251010,0.0,0.0
2010-06-21,22.323808670043945,22.685714721679688,22.019046783447266,22.466665267944336,14.005077362060549,5288115,0.0,0.0
2010-06-22,22.4761905670166,23.0,22.33333206176757,22.904760360717773,14.278175354003906,3377115,0.0,0.0
2010-06-23,23.14285659790039,23.33333206176757,22.97142791748047,23.33333206176757,14.545336723327637,3347820,0.0,0.0
2010-06-24,23.380952835083008,23.600000381469727,22.80952262878418,23.0285701751709,14.355354309082031,3617040,0.0,0.0
2010-06-25,23.22857093811035,23.428571701049805,23.066665649414062,23.161903381347656,14.438470840454102,4340280,0.0,0.0
2010-06-28,22.904760360717773,23.019046783447266,22.5047607421875,22.761903762817383,14.189116477966309,5712525,0.0,0.0
2010-06-29,22.66666603088379,22.733333587646484,22.200000762939453,22.65714263916016,14.123815536499023,3990420,0.0,0.0
2010-06-30,22.619047164916992,22.619047164916992,21.91428565979004,21.96190452575684,13.690430641174316,4032525,0.0,0.0
2010-07-01,22.0952377319336,22.342857360839844,22.0285701751709,22.342857360839844,13.92790412902832,3130260,0.0,0.0
2010-07-02,22.123809814453125,23.24761962890625,22.05714225769043,23.21904754638672,14.47409725189209,7478835,0.0,0.0
2010-07-05,23.44761848449707,23.761903762817383,23.33333206176757,23.552379608154297,14.681882858276367,6024795,0.0,0.0
2010-07-06,23.83809471130371,24.41904640197754,23.83809471130371,24.24761962890625,15.115277290344238,5733735,0.0,0.0
2010-07-07,24.409523010253903,24.761903762817383,23.923809051513672,24.75238037109375,15.429925918579102,5239710,0.0,0.0
2010-07-08,24.66666603088379,24.933332443237305,24.542856216430664,24.571428298950195,15.31712818145752,3501225,0.0,0.0
2010-07-09,24.733333587646484,24.847618103027344,24.11428451538086,24.485713958740234,15.26369857788086,4794510,0.0,0.0
2010-07-12,24.28571319580078,24.65714263916016,24.11428451538086,24.580951690673828,15.323063850402832,2862195,0.0,0.0
2010-07-13,24.714284896850582,24.876190185546875,24.26666641235352,24.647619247436523,15.364624977111816,4480665,0.0,0.0
2010-07-14,24.238094329833984,24.63809585571289,23.96190452575684,24.190475463867188,15.079656600952148,4461660,0.0,0.0
2010-07-15,24.66666603088379,24.904760360717773,24.5238094329834,24.761903762817383,15.435867309570312,5134395,0.0,0.0
2010-07-16,24.571428298950195,25.428571701049805,24.495237350463867,25.238094329833984,15.732708930969238,8791755,0.0,0.0
2010-07-19,25.4761905670166,25.79047584533692,25.209522247314453,25.56190490722656,15.934566497802734,5046300,0.0,0.0
2010-07-20,25.714284896850582,25.74285697937012,25.25714111328125,25.65714263916016,15.993937492370604,4182990,0.0,0.0
2010-07-21,25.428571701049805,25.676189422607425,25.0285701751709,25.28571319580078,15.762393951416016,4822650,0.0,0.0
2010-07-22,25.428571701049805,25.65714263916016,25.21904754638672,25.28571319580078,15.762393951416016,2420985,0.0,0.0
2010-07-23,24.9809513092041,25.0,24.59047508239746,24.761903762817383,15.435867309570312,6495405,0.0,0.0
2010-07-26,24.428571701049805,24.428571701049805,23.676189422607425,23.676189422607425,14.759065628051758,7524195,0.0,0.0
2010-07-27,23.4761905670166,23.904760360717773,23.342857360839844,23.819047927856445,14.848114013671877,3961440,0.0,0.0
2010-07-28,23.79047584533692,24.0952377319336,23.5238094329834,23.56190490722656,14.687824249267578,3787455,0.0,0.0
2010-07-29,23.56190490722656,23.714284896850582,23.342857360839844,23.59047508239746,14.7056245803833,2461095,0.0,0.0
2010-07-30,23.86666679382324,23.96190452575684,23.647619247436523,23.74285697937012,14.88475227355957,4258905,0.133333,0.0
2010-08-02,23.876190185546875,23.885713577270508,23.342857360839844,23.495237350463867,14.72951602935791,5687535,0.0,0.0
2010-08-03,23.4761905670166,23.619047164916992,22.771427154541016,22.933332443237305,14.37724781036377,7479990,0.0,0.0
2010-08-04,22.771427154541016,22.9809513092041,22.552379608154297,22.9809513092041,14.40709114074707,4249035,0.0,0.0
2010-08-05,23.25714111328125,23.28571319580078,22.65714263916016,22.676189422607425,14.21603775024414,3798375,0.0,0.0
2010-08-06,22.25714111328125,22.66666603088379,22.14285659790039,22.380952835083008,14.030956268310549,5411910,0.0,0.0
2010-08-09,22.238094329833984,22.542856216430664,22.0476188659668,22.33333206176757,14.001099586486816,5135235,0.0,0.0
2010-08-10,22.66666603088379,22.714284896850582,21.876190185546875,21.876190185546875,13.714508056640623,5014065,0.0,0.0
2010-08-11,22.161903381347656,22.847618103027344,21.91428565979004,22.761903762817383,14.269779205322266,4943820,0.0,0.0
2010-08-12,22.75238037109375,22.799999237060547,22.238094329833984,22.33333206176757,14.001099586486816,4918,0.0,0.0
2010-08-13,22.238094329833984,22.647619247436523,22.104761123657227,22.24761962890625,13.94736385345459,3232320,0.0,0.0
2010-08-16,22.647619247436523,23.314285278320312,22.5238094329834,23.0476188659668,14.448894500732422,6480,0.0,0.0
2010-08-17,23.0952377319336,23.0952377319336,22.74285697937012,22.923809051513672,14.371275901794434,4680480,0.0,0.0
2010-08-18,23.323808670043945,23.4761905670166,22.676189422607425,22.91428565979004,14.365303993225098,4737390,0.0,0.0
2010-08-19,23.0476188659668,23.25714111328125,22.857141494750977,23.161903381347656,14.520540237426758,1894305,0.0,0.0
2010-08-20,23.0476188659668,23.676189422607425,22.97142791748047,23.65714263916016,14.831010818481444,6597255,0.0,0.0
2010-08-23,23.714284896850582,23.79047584533692,23.36190414428711,23.542856216430664,14.759363174438477,3025890,0.0,0.0
2010-08-24,23.5238094329834,23.74285697937012,23.41904640197754,23.5047607421875,14.73548412322998,2340870,0.0,0.0
2010-08-25,23.65714263916016,23.80952262878418,23.53333282470703,23.714284896850582,14.866841316223145,4384695,0.0,0.0
2010-08-26,23.619047164916992,23.628570556640625,23.13333320617676,23.295238494873047,14.604138374328612,4650030,0.0,0.0
2010-08-27,23.17142868041992,23.5238094329834,23.0952377319336,23.5238094329834,14.747425079345703,4091745,0.0,0.0
2010-08-30,23.514284133911133,23.628570556640625,23.409523010253903,23.409523010253903,14.675779342651367,2794155,0.0,0.0
2010-08-31,23.380952835083008,23.53333282470703,22.895238876342773,23.0,14.41904067993164,4446645,0.0,0.0
2010-09-01,23.0476188659668,23.22857093811035,22.91428565979004,23.0952377319336,14.478750228881836,4200000,0.0,0.0
2010-09-02,23.21904754638672,23.33333206176757,23.0,23.038095474243164,14.442922592163086,4060665,0.0,0.0
2010-09-03,23.038095474243164,23.33333206176757,22.857141494750977,22.91428565979004,14.365303993225098,5723,0.0,0.0
2010-09-06,22.83809471130371,22.95237922668457,22.580951690673828,22.580951690673828,14.15633487701416,10888500,0.0,0.0
2010-09-07,22.733333587646484,22.761903762817383,21.457141876220703,21.53333282470703,13.49957275390625,20373150,0.0,0.0
2010-09-08,21.80952262878418,21.990476608276367,21.60952377319336,21.80952262878418,13.672709465026855,7352730,0.0,0.0
2010-09-09,21.923809051513672,22.409523010253903,21.82857131958008,22.26666641235352,13.95930290222168,8007090,0.0,0.0
2010-09-10,22.22857093811035,22.39047622680664,21.75238037109375,21.75238037109375,13.63689136505127,8342565,0.0,0.0
2010-09-13,21.933332443237305,22.019046783447266,21.542856216430664,21.619047164916992,13.553301811218262,6565650,0.0,0.0
2010-09-14,21.885713577270508,21.885713577270508,21.25714111328125,21.69523811340332,13.601068496704102,6794655,0.0,0.0
2010-09-15,21.72380828857422,21.79047584533692,21.380952835083008,21.5238094329834,13.49359893798828,4648455,0.0,0.0
2010-09-16,21.69523811340332,21.79047584533692,21.314285278320312,21.466665267944336,13.457772254943848,11073405,0.0,0.0
2010-09-17,21.495237350463867,21.69523811340332,20.933332443237305,21.0476188659668,13.195064544677734,10095015,0.0,0.0
2010-09-20,21.123809814453125,21.200000762939453,20.59047508239746,20.75238037109375,13.009976387023926,8807925,0.0,0.0
2010-09-21,20.74285697937012,21.038095474243164,20.600000381469727,21.038095474243164,13.189094543457031,6326145,0.0,0.0
2010-09-22,21.0952377319336,21.209522247314453,21.0,21.104761123657227,13.2308931350708,3044160,0.0,0.0
2010-09-23,21.238094329833984,21.380952835083008,20.66666603088379,20.83809471130371,13.063714027404783,11490675,0.0,0.0
2010-09-24,20.771427154541016,20.79047584533692,20.485713958740234,20.647619247436523,12.944299697875977,7120680,0.0,0.0
2010-09-27,20.75238037109375,20.895238876342773,20.428571701049805,20.714284896850582,12.986091613769531,6358485,0.0,0.0
2010-09-28,20.65714263916016,20.733333587646484,20.35238075256348,20.60952377319336,12.920417785644531,5918010,0.0,0.0
2010-09-29,20.30476188659668,20.428571701049805,19.857141494750977,19.857141494750977,12.44874095916748,8316315,0.0,0.0
2010-09-30,19.96190452575684,20.066665649414062,19.53333282470703,19.799999237060547,12.41291332244873,8422155,0.0,0.0
2010-10-01,19.80952262878418,20.0952377319336,19.200000762939453,19.5238094329834,12.239768981933594,7337505,0.0,0.0
2010-10-04,20.0476188659668,20.35238075256348,19.56190490722656,19.628570556640625,12.30544662475586,10563105,0.0,0.0
2010-10-05,19.82857131958008,19.933332443237305,19.580951690673828,19.714284896850582,12.359180450439451,4996635,0.0,0.0
2010-10-06,19.5047607421875,19.847618103027344,19.209522247314453,19.69523811340332,12.347237586975098,7825755,0.0,0.0
2010-10-07,19.63809585571289,20.323808670043945,19.628570556640625,19.9809513092041,12.526352882385254,8343825,0.0,0.0
2010-10-08,20.5238094329834,20.733333587646484,20.295238494873047,20.714284896850582,12.986091613769531,13124265,0.0,0.0
2010-10-11,20.79047584533692,20.95237922668457,20.380952835083008,20.95237922668457,13.135358810424805,9663255,0.0,0.0
2010-10-12,20.97142791748047,21.409523010253903,20.83809471130371,21.190475463867188,13.284624099731444,4856985,0.0,0.0
2010-10-13,21.28571319580078,21.44761848449707,20.923809051513672,21.314285278320312,13.362244606018066,5724075,0.0,0.0
2010-10-14,21.466665267944336,21.876190185546875,21.39999961853028,21.733333587646484,13.62495231628418,8432760,0.0,0.0
2010-10-15,21.33333206176757,21.33333206176757,20.904760360717773,20.95237922668457,13.135358810424805,13951035,0.0,0.0
2010-10-18,20.95237922668457,21.63809585571289,20.95237922668457,21.619047164916992,13.553301811218262,6177570,0.0,0.0
2010-10-19,21.771427154541016,21.80952262878418,21.39999961853028,21.485713958740234,13.469715118408203,5579175,0.0,0.0
2010-10-20,21.28571319580078,22.00952339172364,21.076190948486328,21.990476608276367,13.786157608032228,5941215,0.0,0.0
2010-10-21,21.771427154541016,21.771427154541016,21.485713958740234,21.5238094329834,13.49359893798828,3576195,0.0,0.0
2010-10-22,21.22857093811035,21.457141876220703,21.0285701751709,21.295238494873047,13.350306510925291,3845520,0.0,0.0
2010-10-25,20.96190452575684,20.9809513092041,20.238094329833984,20.342857360839844,12.753238677978516,6174210,0.0,0.0
2010-10-26,20.28571319580078,20.647619247436523,20.0476188659668,20.428571701049805,12.879331588745115,3668385,0.114286,0.0
2010-10-27,20.799999237060547,20.923809051513672,20.60952377319336,20.80952262878418,13.1195068359375,4239690,0.0,0.0
2010-10-28,20.571428298950195,20.685714721679688,20.4761905670166,20.571428298950195,12.969396591186523,2791005,0.0,0.0
2010-10-29,20.56190490722656,20.571428298950195,19.95237922668457,20.08571434020996,12.663172721862791,4432680,0.0,0.0
2010-11-01,19.619047164916992,19.876190185546875,19.5238094329834,19.5238094329834,12.308919906616213,5118960,0.0,0.0
2010-11-02,19.714284896850582,20.152379989624023,19.647619247436523,20.0952377319336,12.66918659210205,4663470,0.0,0.0
2010-11-03,19.97142791748047,20.038095474243164,19.59047508239746,19.59047508239746,12.350948333740234,3027675,0.0,0.0
2010-11-04,19.428571701049805,19.580951690673828,18.9809513092041,19.11428451538086,12.05073070526123,6222195,0.0,0.0
2010-11-05,19.019046783447266,19.190475463867188,18.4761905670166,18.66666603088379,11.768531799316406,5849970,0.0,0.0
2010-11-08,18.65714263916016,19.180952072143555,18.5238094329834,18.571428298950195,11.708484649658203,9441285,0.0,0.0
2010-11-09,19.0476188659668,19.552379608154297,19.0,19.5238094329834,12.308919906616213,8342565,0.0,0.0
2010-11-10,19.5238094329834,20.39047622680664,19.5238094329834,20.22857093811035,12.7532377243042,8762145,0.0,0.0
2010-11-11,20.190475463867188,20.466665267944336,19.571428298950195,20.08571434020996,12.663172721862791,6891780,0.0,0.0
2010-11-12,20.104761123657227,20.4761905670166,20.104761123657227,20.30476188659668,12.801275253295898,3625125,0.0,0.0
2010-11-15,20.761903762817383,21.161903381347656,20.72380828857422,20.72380828857422,13.065465927124023,8715105,0.0,0.0
2010-11-16,20.63809585571289,20.857141494750977,20.342857360839844,20.39999961853028,12.861316680908203,5582115,0.0,0.0
2010-11-17,20.542856216430664,21.0476188659668,20.5238094329834,20.847618103027344,13.143519401550291,7335720,0.0,0.0
2010-11-18,21.0476188659668,21.72380828857422,21.0476188659668,21.72380828857422,13.695926666259766,7994385,0.0,0.0
2010-11-19,21.97142791748047,22.5047607421875,21.83809471130371,22.380952835083008,14.110225677490234,9246825,0.0,0.0
2010-11-22,22.209522247314453,22.323808670043945,21.761903762817383,21.857141494750977,13.77999210357666,7291410,0.0,0.0
2010-11-23,21.714284896850582,21.761903762817383,21.35238075256348,21.552379608154297,13.587841033935549,6837285,0.0,0.0
2010-11-24,21.628570556640625,21.97142791748047,21.0285701751709,21.123809814453125,13.31764316558838,7493220,0.0,0.0
2010-11-25,21.200000762939453,21.857141494750977,20.799999237060547,21.80952262878418,13.749958038330078,10223535,0.0,0.0
2010-11-26,21.904760360717773,21.904760360717773,21.22857093811035,21.22857093811035,13.38369846343994,5921895,0.0,0.0
2010-11-29,21.35238075256348,22.190475463867188,21.35238075256348,22.190475463867188,13.990132331848145,5372535,0.0,0.0
2010-11-30,22.0476188659668,22.190475463867188,21.74285697937012,22.190475463867188,13.990132331848145,3408615,0.0,0.0
2010-12-01,22.13333320617676,22.14285659790039,21.876190185546875,21.9809513092041,13.85803508758545,1945020,0.0,0.0
2010-12-02,21.714284896850582,21.847618103027344,21.514284133911133,21.514284133911133,13.563824653625488,2325855,0.0,0.0
2010-12-03,21.5238094329834,21.65714263916016,20.990476608276367,21.019046783447266,13.25160026550293,3468045,0.0,0.0
2010-12-06,21.25714111328125,21.685714721679688,21.038095474243164,21.43809509277344,13.515796661376951,3780105,0.0,0.0
2010-12-07,21.43809509277344,21.647619247436523,21.35238075256348,21.59047508239746,13.611863136291504,3766140,0.0,0.0
2010-12-08,21.96190452575684,22.22857093811035,21.771427154541016,22.0285701751709,13.888060569763184,4236960,0.0,0.0
2010-12-09,22.05714225769043,22.676189422607425,22.019046783447266,22.676189422607425,14.29635238647461,7117215,0.0,0.0
2010-12-10,22.466665267944336,23.038095474243164,22.409523010253903,22.80952262878418,14.38041877746582,6485430,0.0,0.0
2010-12-13,22.761903762817383,23.200000762939453,22.619047164916992,22.895238876342773,14.43445873260498,7789110,0.0,0.0
2010-12-14,22.80952262878418,23.22857093811035,22.733333587646484,22.933332443237305,14.458473205566406,6055245,0.0,0.0
2010-12-15,22.63809585571289,22.923809051513672,22.466665267944336,22.619047164916992,14.260333061218262,4514475,0.0,0.0
2010-12-16,22.83809471130371,22.990476608276367,22.619047164916992,22.799999237060547,14.374414443969728,5046195,0.0,0.0
2010-12-17,22.9809513092041,23.552379608154297,22.9809513092041,23.552379608154297,14.848759651184082,6333180,0.0,0.0
2010-12-20,23.53333282470703,23.600000381469727,23.161903381347656,23.161903381347656,14.602579116821287,4552905,0.0,0.0
2010-12-21,23.0476188659668,23.14285659790039,22.82857131958008,23.0476188659668,14.530523300170898,4520985,0.0,0.0
2010-12-22,22.885713577270508,22.904760360717773,22.209522247314453,22.771427154541016,14.356401443481444,3659355,0.0,0.0
2010-12-23,22.923809051513672,23.17142868041992,22.799999237060547,22.799999237060547,14.374414443969728,5483310,0.0,0.0
2010-12-27,22.895238876342773,22.91428565979004,22.0285701751709,22.11428451538086,13.942099571228027,6012300,0.0,0.0
2010-12-28,21.933332443237305,22.0952377319336,21.409523010253903,21.66666603088379,13.659897804260254,9174795,0.0,0.0
2010-12-29,21.857141494750977,22.066665649414062,21.485713958740234,21.5047607421875,13.557822227478027,6104070,0.0,0.0
2010-12-30,21.619047164916992,21.74285697937012,21.33333206176757,21.428571701049805,13.509787559509276,4146975,0.0,0.0
2011-01-03,21.542856216430664,21.63809585571289,20.876190185546875,21.0285701751709,13.257607460021973,8506470,0.0,0.0
2011-01-04,21.180952072143555,21.22857093811035,20.66666603088379,20.66666603088379,13.029441833496094,7267785,0.0,0.0
2011-01-05,20.771427154541016,20.847618103027344,19.876190185546875,20.0,12.609135627746582,8848140,0.0,0.0
2011-01-06,20.190475463867188,20.5047607421875,20.00952339172364,20.33333206176757,12.819290161132812,6140295,0.0,0.0
2011-01-07,20.847618103027344,20.857141494750977,20.847618103027344,20.857141494750977,13.149529457092283,52500,0.0,0.0
2011-01-10,21.28571319580078,21.876190185546875,21.152379989624023,21.190475463867188,13.359679222106934,8038170,0.0,0.0
2011-01-11,21.22857093811035,21.857141494750977,20.96190452575684,21.80952262878418,13.749958038330078,6471465,0.0,0.0
2011-01-12,21.676189422607425,22.14285659790039,21.238094329833984,21.33333206176757,13.449743270874023,6246555,0.0,0.0
2011-01-13,21.571428298950195,21.72380828857422,21.25714111328125,21.428571701049805,13.509787559509276,3159345,0.0,0.0
2011-01-14,21.00952339172364,22.08571434020996,21.00952339172364,21.44761848449707,13.521791458129885,3847,0.0,0.0
2011-01-17,21.44761848449707,21.44761848449707,21.44761848449707,21.44761848449707,13.521791458129885,0,0.0,0.0
2011-01-18,21.44761848449707,21.44761848449707,21.44761848449707,21.44761848449707,13.521791458129885,0,0.0,0.0
2011-01-19,21.571428298950195,21.80952262878418,21.24761962890625,21.80952262878418,13.749958038330078,7019880,0.0,0.0
2011-01-20,21.72380828857422,22.08571434020996,21.53333282470703,21.97142791748047,13.852033615112305,5456955,0.0,0.0
2011-01-21,21.80952262878418,22.17142868041992,21.69523811340332,21.857141494750977,13.77999210357666,4368630,0.0,0.0
2011-01-24,21.95237922668457,22.21904754638672,21.70476150512696,22.180952072143555,13.984134674072266,6067530,0.0,0.0
2011-01-25,22.28571319580078,22.60952377319336,21.86666679382324,22.53333282470703,14.206292152404783,6046215,0.0,0.0
2011-01-26,22.323808670043945,23.00952339172364,22.323808670043945,22.885713577270508,14.428444862365724,6322995,0.0,0.0
2011-01-27,22.78095245361328,22.80952262878418,22.200000762939453,22.28571319580078,14.050182342529297,2854320,0.0,0.0
2011-01-28,21.9809513092041,22.571428298950195,21.647619247436523,21.647619247436523,13.647889137268066,9066750,0.0,0.0
2011-01-31,21.714284896850582,21.80952262878418,21.123809814453125,21.39047622680664,13.485769271850586,8203860,0.0,0.0
2011-02-01,21.39047622680664,21.39047622680664,21.39047622680664,21.39047622680664,13.485769271850586,0,0.0,0.0
2011-02-02,21.28571319580078,21.314285278320312,20.542856216430664,20.80952262878418,13.1195068359375,6235950,0.0,0.0
2011-02-03,20.95237922668457,21.152379989624023,20.79047584533692,20.94285774230957,13.203566551208496,4731930,0.0,0.0
2011-02-04,21.05714225769043,21.27618980407715,20.542856216430664,20.59047508239746,12.981403350830078,6319950,0.0,0.0
2011-02-07,20.676189422607425,20.97142791748047,20.542856216430664,20.714284896850582,13.05946159362793,4942980,0.0,0.0
2011-02-08,20.80952262878418,21.82857131958008,20.761903762817383,21.66666603088379,13.659897804260254,12324585,0.0,0.0
2011-02-09,21.714284896850582,22.0,21.13333320617676,21.190475463867188,13.359679222106934,11586540,0.0,0.0
2011-02-10,21.190475463867188,21.190475463867188,21.190475463867188,21.190475463867188,13.359679222106934,0,0.0,0.0
2011-02-11,20.733333587646484,20.923809051513672,20.4761905670166,20.4761905670166,12.909351348876951,5732790,0.0,0.0
2011-02-14,20.409523010253903,20.4761905670166,20.019046783447266,20.038095474243164,12.633153915405272,13859895,0.0,0.0
2011-02-15,20.08571434020996,20.819047927856445,20.038095474243164,20.78095245361328,13.101497650146484,9748725,0.0,0.0
2011-02-16,20.190475463867188,21.13333320617676,20.13333320617676,21.076190948486328,13.32426929473877,9802695,0.057143,0.0
2011-02-17,21.14285659790039,21.41904640197754,20.21904754638672,20.39999961853028,12.896780967712402,8507835,0.0,0.0
2011-02-18,20.799999237060547,20.799999237060547,20.21904754638672,20.314285278320312,12.842591285705566,5722185,0.0,0.0
2011-02-21,20.56190490722656,20.619047164916992,20.161903381347656,20.28571319580078,12.824527740478516,10031805,0.0,0.0
2011-02-22,22.22857093811035,22.22857093811035,22.22857093811035,22.22857093811035,14.05279541015625,1050,0.0,0.0
2011-02-23,20.39999961853028,20.542856216430664,19.21904754638672,19.28571319580078,12.19233226776123,19291335,0.0,0.0
2011-02-24,19.21904754638672,19.542856216430664,19.209522247314453,19.314285278320312,12.210396766662598,10053960,0.0,0.0
2011-02-25,19.314285278320312,19.314285278320312,19.314285278320312,19.314285278320312,12.210396766662598,0,0.0,0.0
2011-02-28,19.314285278320312,19.314285278320312,19.314285278320312,19.314285278320312,12.210396766662598,0,0.0,0.0
2011-03-01,19.314285278320312,19.314285278320312,19.314285278320312,19.314285278320312,12.210396766662598,0,0.0,0.0
2011-03-02,19.314285278320312,19.314285278320312,19.314285278320312,19.314285278320312,12.210396766662598,0,0.0,0.0
2011-03-03,19.314285278320312,19.314285278320312,19.314285278320312,19.314285278320312,12.210396766662598,0,0.0,0.0
2011-03-04,19.314285278320312,19.314285278320312,19.314285278320312,19.314285278320312,12.210396766662598,0,0.0,0.0
2011-03-07,19.314285278320312,19.314285278320312,19.314285278320312,19.314285278320312,12.210396766662598,0,0.0,0.0
2011-03-08,19.314285278320312,19.314285278320312,19.314285278320312,19.314285278320312,12.210396766662598,0,0.0,0.0
2011-03-09,19.314285278320312,19.314285278320312,19.314285278320312,19.314285278320312,12.210396766662598,0,0.0,0.0
2011-03-10,19.314285278320312,19.314285278320312,19.314285278320312,19.314285278320312,12.210396766662598,0,0.0,0.0
2011-03-11,19.314285278320312,19.314285278320312,19.314285278320312,19.314285278320312,12.210396766662598,0,0.0,0.0
2011-03-14,19.314285278320312,19.314285278320312,19.314285278320312,19.314285278320312,12.210396766662598,0,0.0,0.0
2011-03-15,19.314285278320312,19.314285278320312,19.314285278320312,19.314285278320312,12.210396766662598,0,0.0,0.0
2011-03-16,19.314285278320312,19.314285278320312,19.314285278320312,19.314285278320312,12.210396766662598,0,0.0,0.0
2011-03-17,19.314285278320312,19.314285278320312,19.314285278320312,19.314285278320312,12.210396766662598,0,0.0,0.0
2011-03-18,19.314285278320312,19.314285278320312,19.314285278320312,19.314285278320312,12.210396766662598,0,0.0,0.0
2011-03-21,19.314285278320312,19.314285278320312,19.314285278320312,19.314285278320312,12.210396766662598,0,0.0,0.0
2011-03-22,19.314285278320312,19.314285278320312,19.314285278320312,19.314285278320312,12.210396766662598,0,0.0,0.0
2011-03-23,19.314285278320312,19.314285278320312,19.314285278320312,19.314285278320312,12.210396766662598,0,0.0,0.0
2011-03-24,19.314285278320312,19.314285278320312,19.314285278320312,19.314285278320312,12.210396766662598,0,0.0,0.0
2011-03-25,19.314285278320312,19.314285278320312,19.314285278320312,19.314285278320312,12.210396766662598,0,0.0,0.0
2011-03-28,19.314285278320312,19.314285278320312,19.314285278320312,19.314285278320312,12.210396766662598,0,0.0,0.0
2011-03-29,19.314285278320312,19.314285278320312,19.314285278320312,19.314285278320312,12.210396766662598,0,0.0,0.0
2011-03-30,17.72380828857422,17.771427154541016,17.438095092773438,17.5238094329834,11.07846736907959,9174375,0.0,0.0
2011-03-31,17.5238094329834,18.0,17.44761848449707,18.0,11.379515647888184,8485470,0.0,0.0
2011-04-01,17.91428565979004,18.180952072143555,17.60952377319336,17.60952377319336,11.13265323638916,9354660,0.0,0.0
2011-04-04,17.514284133911133,17.619047164916992,16.885713577270508,17.047618865966797,10.777422904968262,8091510,0.0,0.0
2011-04-05,17.08571434020996,17.21904754638672,16.714284896850586,16.876190185546875,10.669042587280272,10392690,0.0,0.0
2011-04-06,16.75238037109375,16.91428565979004,16.095237731933594,16.14285659790039,10.205434799194336,14223195,0.0,0.0
2011-04-07,16.428571701049805,16.561904907226562,16.25714111328125,16.30476188659668,10.30779266357422,8030400,0.0,0.0
2011-04-08,16.30476188659668,16.552379608154297,16.11428451538086,16.266666412353516,10.283709526062012,5667,0.0,0.0
2011-04-11,16.266666412353516,16.266666412353516,16.266666412353516,16.266666412353516,10.283709526062012,0,0.0,0.0
2011-04-12,16.200000762939453,16.30476188659668,15.876190185546877,16.08571434020996,10.1693115234375,9222780,0.0,0.0
2011-04-13,15.90476131439209,16.238094329833984,15.80952262878418,16.14285659790039,10.205434799194336,5661600,0.0,0.0
2011-04-14,16.200000762939453,16.238094329833984,15.800000190734863,15.90476131439209,10.054914474487305,6515250,0.0,0.0
2011-04-15,15.90476131439209,15.90476131439209,15.90476131439209,15.90476131439209,10.054914474487305,0,0.0,0.0
2011-04-18,15.714284896850586,15.942856788635254,15.533332824707031,15.885713577270508,10.042871475219728,6613425,0.0,0.0
2011-04-19,16.019046783447266,16.28571319580078,15.771428108215332,15.790475845336914,9.982662200927734,10051335,0.0,0.0
2011-04-20,15.942856788635254,16.05714225769043,15.552379608154297,15.78095245361328,9.976640701293944,5803140,0.0,0.0
2011-04-26,15.78095245361328,15.84761905670166,15.485713958740234,15.571428298950195,9.879956245422363,6689025,0.057143,0.0
2011-04-27,15.285714149475098,15.75238037109375,15.190476417541504,15.638094902038574,9.92225456237793,5488875,0.0,0.0
2011-04-28,15.723809242248535,16.0,15.723809242248535,15.90476131439209,10.091453552246094,6982605,0.0,0.0
2011-04-29,15.914284706115724,16.371427536010742,15.828571319580078,16.24761962890625,10.308996200561523,7927080,0.0,0.0
2011-05-02,16.352380752563477,16.41904640197754,16.019046783447266,16.266666412353516,10.321078300476074,6135675,0.0,0.0
2011-05-03,16.342857360839844,16.4761905670166,16.123809814453125,16.333332061767578,10.363383293151855,5377575,0.0,0.0
2011-05-04,16.428571701049805,16.428571701049805,16.180952072143555,16.21904754638672,10.290864944458008,1952790,0.0,0.0
2011-05-05,16.39047622680664,16.485713958740234,16.123809814453125,16.485713958740234,10.460064888000488,5121060,0.0,0.0
2011-05-06,16.409523010253906,16.4761905670166,15.885713577270508,16.009523391723633,10.157925605773926,6358380,0.0,0.0
2011-05-09,16.038095474243164,16.066665649414062,15.800000190734863,16.066665649414062,10.194181442260742,6047685,0.0,0.0
2011-05-10,15.914284706115724,16.30476188659668,15.857142448425291,16.0,10.151881217956545,7307580,0.0,0.0
2011-05-11,15.99047565460205,16.038095474243164,15.457141876220703,15.552379608154297,9.867871284484863,6167070,0.0,0.0
2011-05-12,15.619047164916992,15.90476131439209,15.54285717010498,15.75238037109375,9.994770050048828,6684825,0.0,0.0
2011-05-13,15.619047164916992,15.761903762817385,15.457141876220703,15.590476036071776,9.89204216003418,4821285,0.0,0.0
2011-05-16,15.51428508758545,15.914284706115724,15.476189613342283,15.838094711303713,10.049154281616213,7686315,0.0,0.0
2011-05-18,15.80952262878418,15.80952262878418,15.5047607421875,15.571428298950195,9.879956245422363,3897180,0.0,0.0
2011-05-19,15.647619247436523,15.647619247436523,15.333333015441896,15.399999618530272,9.771187782287598,3925530,0.0,0.0
2011-05-20,15.571428298950195,15.666666030883787,15.409523010253906,15.523809432983398,9.849742889404297,5549670,0.0,0.0
2011-05-23,15.314285278320312,15.571428298950195,15.29523754119873,15.428570747375488,9.789314270019531,7268940,0.0,0.0
2011-05-24,15.457141876220703,15.628570556640623,15.104761123657228,15.180952072143556,9.632204055786133,5747385,0.0,0.0
2011-05-25,15.333333015441896,15.380951881408691,14.80952262878418,14.952380180358888,9.487175941467283,7525245,0.0,0.0
2011-05-26,14.952380180358888,14.952380180358888,14.952380180358888,14.952380180358888,9.487175941467283,0,0.0,0.0
2011-05-27,14.90476131439209,14.99047565460205,14.742856979370115,14.876190185546877,9.438836097717283,4694550,0.0,0.0
2011-05-30,14.80952262878418,15.038095474243164,14.790475845336914,14.828571319580078,9.408621788024902,4002285,0.0,0.0
2011-05-31,14.80952262878418,14.90476131439209,14.590476036071776,14.685713768005373,9.31797695159912,4374405,0.0,0.0
2011-06-01,14.69523811340332,14.761903762817385,14.552379608154297,14.676190376281738,9.311936378479004,4176480,0.0,0.0
2011-06-03,14.704760551452637,15.076189994812012,14.676190376281738,14.942856788635254,9.481133460998535,4744425,0.0,0.0
2011-06-06,14.99047565460205,15.561903953552246,14.866665840148926,15.409523010253906,9.777231216430664,6728610,0.0,0.0
2011-06-07,15.54285717010498,15.609522819519045,15.266666412353516,15.523809432983398,9.849742889404297,4711770,0.0,0.0
2011-06-08,15.476189613342283,16.05714225769043,15.257142066955566,15.895237922668455,10.085412979125977,8123745,0.0,0.0
2011-06-09,15.885713577270508,16.30476188659668,15.885713577270508,16.30476188659668,10.34525203704834,3906840,0.0,0.0
2011-06-10,16.22857093811035,16.342857360839844,15.866665840148926,15.93333339691162,10.10958480834961,5926095,0.0,0.0
2011-06-14,15.771428108215332,15.84761905670166,15.552379608154297,15.84761905670166,10.055197715759276,6929265,0.0,0.0
2011-06-15,16.0,16.095237731933594,15.723809242248535,15.80952262878418,10.031025886535645,6217575,0.0,0.0
2011-06-16,15.619047164916992,15.69523811340332,15.466666221618652,15.561903953552246,9.87391471862793,4206720,0.0,0.0
2011-06-17,15.380951881408691,15.380951881408691,15.095237731933594,15.161904335021973,9.620116233825684,5494125,0.0,0.0
2011-06-20,15.0,15.161904335021973,14.628570556640623,14.647619247436523,9.293806076049805,8516865,0.0,0.0
2011-06-21,14.761903762817385,14.885713577270508,14.561903953552246,14.666666030883787,9.30589199066162,5517225,0.0,0.0
2011-06-22,14.666666030883787,14.742856979370115,14.2380952835083,14.380951881408691,9.12460708618164,6307560,0.0,0.0
2011-06-23,14.380951881408691,14.476189613342283,13.90476131439209,13.923809051513672,8.834552764892578,6496875,0.0,0.0
2011-06-24,13.923809051513672,13.923809051513672,13.923809051513672,13.923809051513672,8.834552764892578,0,0.0,0.0
2011-06-27,13.800000190734863,13.885713577270508,13.399999618530272,13.704760551452637,8.69556999206543,7748475,0.0,0.0
2011-06-28,13.80952262878418,13.980952262878418,13.666666030883787,13.666666030883787,8.671399116516113,5937750,0.0,0.0
2011-06-29,13.75238037109375,14.314285278320312,13.69523811340332,14.219046592712402,9.021880149841309,5579595,0.0,0.0
2011-06-30,14.199999809265137,14.419047355651855,13.866665840148926,13.980952262878418,8.870813369750977,5356680,0.0,0.0
2011-07-01,14.14285659790039,14.152379989624023,14.019046783447266,14.028571128845217,8.901026725769043,12285,0.0,0.0
2011-07-04,13.80952262878418,13.857142448425291,13.285714149475098,13.333333015441896,8.459901809692383,7891485,0.0,0.0
2011-07-05,13.190476417541504,13.609522819519045,13.161904335021973,13.419047355651855,8.51428508758545,8684235,0.0,0.0
2011-07-06,13.552379608154297,13.69523811340332,13.428570747375488,13.552379608154297,8.598885536193848,4050060,0.0,0.0
2011-07-07,13.5047607421875,13.638094902038574,13.133333206176758,13.190476417541504,8.369258880615234,4833,0.0,0.0
2011-07-08,13.190476417541504,13.190476417541504,13.190476417541504,13.190476417541504,8.369258880615234,0,0.0,0.0
2011-07-11,13.2380952835083,13.609522819519045,12.761903762817385,12.761903762817385,8.097334861755371,6336120,0.0,0.0
2011-07-12,12.771428108215332,12.819046974182127,12.076189994812012,12.54285717010498,7.958353042602539,10337775,0.0,0.0
2011-07-13,12.104761123657228,12.266666412353516,11.466666221618652,11.619047164916992,7.372201919555664,13335945,0.0,0.0
2011-07-14,11.619047164916992,11.895237922668455,11.047618865966797,11.723809242248535,7.43867301940918,14763840,0.0,0.0
2011-07-15,11.104761123657228,11.171427726745604,10.380951881408691,10.457141876220703,6.634979724884033,14906640,0.0,0.0
2011-07-18,10.628570556640623,10.90476131439209,10.190476417541504,10.790475845336914,6.846477508544922,14161770,0.0,0.0
2011-07-19,10.685713768005373,11.08571434020996,10.428570747375488,10.857142448425291,6.888775825500488,13638555,0.0,0.0
2011-07-20,11.095237731933594,12.104761123657228,10.93333339691162,11.980952262878418,7.601825714111328,17722005,0.0,0.0
2011-07-21,12.028571128845217,12.838094711303713,11.800000190734863,12.552379608154297,7.964394569396973,18392325,0.0,0.0
2011-07-22,12.552379608154297,12.552379608154297,12.552379608154297,12.552379608154297,7.964394569396973,0,0.0,0.0
2011-07-25,12.285714149475098,12.466666221618652,12.05714225769043,12.14285659790039,7.757526397705078,10463460,0.085714,0.0
2011-07-26,12.228570938110352,12.428570747375488,11.980952262878418,12.428570747375488,7.9400529861450195,12793515,0.0,0.0
2011-07-27,12.095237731933594,12.114285469055176,11.571428298950195,12.0,7.666261672973633,9032205,0.0,0.0
2011-07-28,11.80952262878418,12.399999618530272,11.723809242248535,11.971427917480469,7.648008346557617,12092745,0.0,0.0
2011-07-29,12.29523754119873,12.419047355651855,12.028571128845217,12.095237731933594,7.727105617523193,8118075,0.0,0.0
2011-08-01,12.180952072143556,12.857142448425291,12.095237731933594,12.819046974182127,8.189513206481934,10752525,0.0,0.0
2011-08-02,12.942856788635254,13.123808860778809,12.485713958740234,12.714284896850586,8.122584342956543,11058600,0.0,0.0
2011-08-03,12.723809242248535,12.828571319580078,12.199999809265137,12.323808670043944,7.87312650680542,8569155,0.0,0.0
2011-08-04,12.219046592712402,12.571428298950195,11.90476131439209,12.523809432983398,8.000897407531738,9006690,0.0,0.0
2011-08-05,12.666666030883787,12.90476131439209,12.51428508758545,12.90476131439209,8.24427318572998,8212575,0.0,0.0
2011-08-08,12.761903762817385,13.076189994812012,12.628570556640623,12.923809051513672,8.256440162658691,7075530,0.0,0.0
2011-08-09,13.123808860778809,13.180952072143556,12.628570556640623,12.952380180358888,8.274691581726074,13639080,0.0,0.0
2011-08-10,13.114285469055176,13.380951881408691,12.96190357208252,13.019046783447266,8.317285537719727,11553255,0.0,0.0
2011-08-11,12.75238037109375,12.914284706115724,12.485713958740234,12.761903762817385,8.153005599975586,11485215,0.0,0.0
2011-08-12,12.419047355651855,12.619047164916992,12.342857360839844,12.476189613342283,7.970478534698486,4917885,0.0,0.0
2011-08-15,12.219046592712402,12.90476131439209,12.190476417541504,12.84761905670166,8.20776653289795,9560355,0.0,0.0
2011-08-16,13.047618865966797,13.571428298950195,13.0,13.438095092773438,8.58499526977539,14199150,0.0,0.0
2011-08-17,13.29523754119873,13.685713768005373,13.104761123657228,13.285714149475098,8.487645149230957,11078865,0.0,0.0
2011-08-18,12.971427917480469,13.36190414428711,12.771428108215332,13.14285659790039,8.396382331848145,9987390,0.0,0.0
2011-08-19,13.276189804077148,13.428570747375488,13.066665649414062,13.161904335021973,8.408547401428223,4858245,0.0,0.0
2011-08-22,13.333333015441896,13.857142448425291,13.257142066955566,13.676190376281738,8.737101554870605,16086735,0.0,0.0
2011-08-23,13.857142448425291,14.0,13.561903953552246,13.771428108215332,8.797947883605957,7108920,0.0,0.0
2011-08-24,13.761903762817385,14.08571434020996,13.704760551452637,14.047618865966797,8.974392890930176,8476650,0.0,0.0
2011-08-25,13.714284896850586,14.438095092773438,13.714284896850586,14.333333015441896,9.156922340393066,7688625,0.0,0.0
2011-08-26,14.428570747375488,14.428570747375488,13.733332633972168,13.828571319580078,8.834454536437988,9255750,0.0,0.0
2011-08-29,13.971427917480469,14.371427536010742,13.723809242248535,13.828571319580078,8.834454536437988,8411130,0.0,0.0
2011-08-30,13.190476417541504,13.600000381469728,13.14285659790039,13.285714149475098,8.487645149230957,11268075,0.0,0.0
2011-08-31,13.29523754119873,13.466666221618652,13.009523391723633,13.180952072143556,8.420721054077148,7769475,0.0,0.0
2011-09-01,13.428570747375488,13.666666030883787,13.095237731933594,13.666666030883787,8.731019973754883,6782265,0.0,0.0
2011-09-02,13.90476131439209,14.0,13.561903953552246,13.571428298950195,8.670175552368164,8212575,0.0,0.0
2011-09-05,13.523809432983398,13.895237922668455,13.180952072143556,13.219046592712402,8.445056915283203,9330405,0.0,0.0
2011-09-06,13.333333015441896,13.619047164916992,12.885713577270508,13.019046783447266,8.317285537719727,8910090,0.0,0.0
2011-09-07,12.885713577270508,13.076189994812012,12.533332824707031,12.714284896850586,8.122584342956543,10173660,0.0,0.0
2011-09-08,12.580951690673828,12.838094711303713,12.247618675231934,12.247618675231934,7.824450969696045,11232795,0.0,0.0
2011-09-09,12.047618865966797,12.190476417541504,11.790475845336914,12.190476417541504,7.787947177886963,9465330,0.0,0.0
2011-09-12,12.257142066955566,12.333333015441896,11.80952262878418,12.123808860778809,7.745356559753418,9670395,0.0,0.0
2011-09-13,12.39047622680664,12.685713768005373,12.247618675231934,12.51428508758545,7.994816303253174,7244685,0.0,0.0
2011-09-14,12.723809242248535,12.761903762817385,12.009523391723633,12.2380952835083,7.818367004394531,8064315,0.0,0.0
2011-09-15,12.409523010253906,12.895237922668455,12.333333015441896,12.838094711303713,8.201681137084961,8359890,0.0,0.0
2011-09-16,12.771428108215332,13.342857360839844,12.65714168548584,13.190476417541504,8.426799774169922,8141805,0.0,0.0
2011-09-19,13.342857360839844,13.409523010253906,12.828571319580078,13.29523754119873,8.493731498718262,9016665,0.0,0.0
2011-09-20,13.333333015441896,13.485713958740234,13.228570938110352,13.428570747375488,8.578912734985352,5670210,0.0,0.0
2011-09-21,13.333333015441896,13.36190414428711,12.790475845336914,12.828571319580078,8.195597648620605,6400380,0.0,0.0
2011-09-22,13.333333015441896,13.36190414428711,12.790475845336914,12.828571319580078,8.195597648620605,6400380,0.0,0.0
2011-09-23,13.14285659790039,13.180952072143556,12.742856979370115,12.980952262878418,8.292947769165039,7648095,0.0,0.0
2011-09-26,12.885713577270508,12.952380180358888,12.438095092773438,12.619047164916992,8.06174373626709,7713615,0.0,0.0
2011-09-27,12.69523811340332,13.133333206176758,12.69523811340332,13.095237731933594,8.365960121154785,5431650,0.0,0.0
2011-09-28,13.095237731933594,13.095237731933594,13.095237731933594,13.095237731933594,8.365960121154785,0,0.0,0.0
2011-09-29,13.095237731933594,13.095237731933594,13.095237731933594,13.095237731933594,8.365960121154785,0,0.0,0.0
2011-09-30,13.095237731933594,13.095237731933594,13.095237731933594,13.095237731933594,8.365960121154785,0,0.0,0.0
2011-10-03,13.095237731933594,13.095237731933594,13.095237731933594,13.095237731933594,8.365960121154785,0,0.0,0.0
2011-10-04,14.561903953552246,15.180952072143556,14.5047607421875,14.952380180358888,9.552403450012209,12021135,0.0,0.0
2011-10-05,14.561903953552246,15.180952072143556,14.5047607421875,14.952380180358888,9.552403450012209,12021135,0.0,0.0
2011-10-06,13.971427917480469,14.5047607421875,13.952380180358888,14.399999618530272,9.199512481689451,10360560,0.0,0.0
2011-10-07,14.80952262878418,15.009523391723633,14.600000381469728,14.666666030883787,9.369874954223633,9399180,0.0,0.0
2011-10-10,14.571428298950195,14.971427917480469,14.333333015441896,14.885713577270508,9.509810447692873,8893500,0.0,0.0
2011-10-11,14.93333339691162,15.228570938110352,14.761903762817385,14.952380180358888,9.552403450012209,4882080,0.0,0.0
2011-10-12,15.095237731933594,15.133333206176758,14.51428508758545,14.857142448425291,9.491561889648438,7888965,0.0,0.0
2011-10-13,14.561903953552246,14.638094902038574,14.2380952835083,14.476189613342283,9.248186111450195,8900220,0.0,0.0
2011-10-14,14.476189613342283,14.476189613342283,14.476189613342283,14.476189613342283,9.248186111450195,0,0.0,0.0
2011-10-17,14.552379608154297,15.05714225769043,14.533332824707031,14.771428108215332,9.436800956726074,7443765,0.0,0.0
2011-10-18,14.666666030883787,14.69523811340332,14.35237979888916,14.428570747375488,9.217767715454102,4801755,0.0,0.0
2011-10-19,14.447619438171388,14.552379608154297,14.076189994812012,14.419047355651855,9.211681365966797,7197120,0.0,0.0
2011-10-20,14.276189804077148,14.5047607421875,13.666666030883787,13.761903762817385,8.791861534118652,11171580,0.0,0.0
2011-10-21,13.857142448425291,13.942856788635254,13.51428508758545,13.561903953552246,8.664090156555176,6146280,0.0,0.0
2011-10-24,13.561903953552246,13.561903953552246,13.561903953552246,13.561903953552246,8.664090156555176,0,0.0,0.0
2011-10-25,13.219046592712402,13.266666412353516,12.914284706115724,13.123808860778809,8.455466270446777,7474425,0.114286,0.0
2011-10-26,12.866665840148926,13.08571434020996,12.733332633972168,12.876190185546877,8.295928001403809,5964735,0.0,0.0
2011-10-27,12.96190357208252,13.095237731933594,12.628570556640623,12.733332633972168,8.203886032104492,4007325,0.0,0.0
2011-10-28,12.571428298950195,12.819046974182127,12.476189613342283,12.609522819519045,8.12411880493164,5542425,0.0,0.0
2011-10-31,12.857142448425291,13.009523391723633,12.714284896850586,12.857142448425291,8.283656120300293,7439880,0.0,0.0
2011-11-01,12.93333339691162,12.942856788635254,12.285714149475098,12.333333015441896,7.946174144744873,10685430,0.0,0.0
2011-11-02,12.485713958740234,13.038095474243164,12.380951881408691,12.857142448425291,8.283656120300293,14228550,0.0,0.0
2011-11-03,13.228570938110352,13.304760932922363,13.0,13.190476417541504,8.498416900634766,7578795,0.0,0.0
2011-11-04,13.380951881408691,13.561903953552246,13.0,13.180952072143556,8.492284774780273,7593705,0.0,0.0
2011-11-07,13.333333015441896,13.714284896850586,13.257142066955566,13.590476036071776,8.756134033203125,7547295,0.0,0.0
2011-11-08,13.54285717010498,13.914284706115724,13.399999618530272,13.866665840148926,8.934077262878418,6061335,0.0,0.0
2011-11-09,13.790475845336914,13.885713577270508,13.533332824707031,13.733332633972168,8.84817123413086,6329400,0.0,0.0
2011-11-10,13.761903762817385,13.971427917480469,13.190476417541504,13.371427536010742,8.614999771118164,8901585,0.0,0.0
2011-11-11,13.428570747375488,13.523809432983398,13.247618675231934,13.36190414428711,8.608866691589355,5880420,0.0,0.0
2011-11-14,13.36190414428711,13.36190414428711,13.36190414428711,13.36190414428711,8.608866691589355,0,0.0,0.0
2011-11-15,13.342857360839844,13.5047607421875,13.219046592712402,13.342857360839844,8.596597671508789,11172945,0.0,0.0
2011-11-16,13.190476417541504,13.409523010253906,13.05714225769043,13.180952072143556,8.492284774780273,12311460,0.0,0.0
2011-11-17,13.276189804077148,13.485713958740234,13.095237731933594,13.133333206176758,8.461600303649902,5273415,0.0,0.0
2011-11-18,13.247618675231934,13.371427536010742,13.095237731933594,13.190476417541504,8.498416900634766,8585640,0.0,0.0
2011-11-21,13.14285659790039,13.228570938110352,12.761903762817385,12.761903762817385,8.222295761108398,7075635,0.0,0.0
2011-11-22,12.857142448425291,13.314285278320312,12.761903762817385,13.285714149475098,8.559779167175293,6065850,0.0,0.0
2011-11-23,13.20952320098877,13.54285717010498,13.161904335021973,13.29523754119873,8.565913200378418,5057010,0.0,0.0
2011-11-24,13.36190414428711,13.733332633972168,13.29523754119873,13.714284896850586,8.83590030670166,6146700,0.0,0.0
2011-11-25,13.80952262878418,13.980952262878418,13.75238037109375,13.923809051513672,8.970891952514648,5492445,0.0,0.0
2011-11-28,13.923809051513672,14.123808860778809,13.78095245361328,13.84761905670166,8.921805381774902,1941135,0.0,0.0
2011-11-29,13.828571319580078,14.180952072143556,13.761903762817385,14.114285469055176,9.093615531921388,5822355,0.0,0.0
2011-11-30,14.161904335021973,14.180952072143556,13.54285717010498,13.609522819519045,8.768403053283691,4949910,0.0,0.0
2011-12-01,13.704760551452637,13.80952262878418,13.523809432983398,13.80952262878418,8.897260665893555,5765655,0.0,0.0
2011-12-02,13.923809051513672,13.99047565460205,13.54285717010498,13.90476131439209,8.958621978759766,5987520,0.0,0.0
2011-12-05,13.980952262878418,14.523809432983398,13.93333339691162,14.428570747375488,9.296103477478027,10017840,0.0,0.0
2011-12-06,14.333333015441896,14.857142448425291,14.152379989624023,14.666666030883787,9.449504852294922,8797530,0.0,0.0
2011-12-07,14.571428298950195,15.14285659790039,14.380951881408691,14.90476131439209,9.6029052734375,9957360,0.0,0.0
2011-12-08,14.866665840148926,15.190476417541504,14.828571319580078,15.047618865966797,9.6949462890625,10940685,0.0,0.0
2011-12-09,15.161904335021973,15.266666412353516,14.942856788635254,15.0,9.664267539978027,6855030,0.0,0.0
2011-12-12,15.257142066955566,15.628570556640623,15.257142066955566,15.561903953552246,10.026291847229004,13419735,0.0,0.0
2011-12-13,15.485713958740234,15.838094711303713,15.485713958740234,15.761903762817385,10.155150413513184,11207385,0.0,0.0
2011-12-14,15.942856788635254,15.942856788635254,15.5047607421875,15.885713577270508,10.23491382598877,9472575,0.0,0.0
2011-12-15,15.80952262878418,15.819046974182127,15.39047622680664,15.619047164916992,10.0631103515625,9430155,0.0,0.0
2011-12-16,15.619047164916992,15.619047164916992,15.619047164916992,15.619047164916992,10.0631103515625,0,0.0,0.0
2011-12-19,15.619047164916992,15.619047164916992,15.619047164916992,15.619047164916992,10.0631103515625,0,0.0,0.0
2011-12-20,15.99047565460205,16.095237731933594,15.771428108215332,16.095237731933594,10.369913101196287,8860005,0.0,0.0
2011-12-21,16.152379989624023,16.180952072143555,15.580951690673828,15.761903762817385,10.155150413513184,14379225,0.0,0.0
2011-12-22,15.80952262878418,16.076190948486328,15.580951690673828,15.942856788635254,10.271736145019531,11945640,0.0,0.0
2011-12-23,15.980952262878418,15.980952262878418,15.704760551452637,15.857142448425291,10.216506958007812,9297855,0.0,0.0
2011-12-27,15.790475845336914,15.790475845336914,15.323808670043944,15.685713768005373,10.106061935424805,9968490,0.0,0.0
2011-12-28,16.009523391723633,16.209522247314453,15.923809051513672,16.047618865966797,10.3392333984375,10443615,0.0,0.0
2011-12-29,16.104761123657227,16.171428680419922,15.857142448425291,16.05714225769043,10.345366477966309,8448615,0.0,0.0
2011-12-30,15.80952262878418,16.08571434020996,15.666666030883787,15.942856788635254,10.271736145019531,8081745,0.0,0.0
2012-01-02,16.076190948486328,16.095237731933594,15.714284896850586,15.857142448425291,10.216506958007812,8853915,0.0,0.0
2012-01-03,16.0285701751709,16.847618103027344,16.0,16.571428298950195,10.676715850830078,14739060,0.0,0.0
2012-01-04,16.657142639160156,17.0,16.44761848449707,16.80952262878418,10.83011245727539,12027645,0.0,0.0
2012-01-05,16.733333587646484,17.380952835083008,16.628570556640625,17.295238494873047,11.143051147460938,11562600,0.0,0.0
2012-01-06,17.22857093811035,17.333332061767578,17.08571434020996,17.333332061767578,11.167598724365234,4689300,0.0,0.0
2012-01-09,17.190475463867188,17.552379608154297,17.14285659790039,17.428571701049805,11.228958129882812,8022945,0.0,0.0
2012-01-10,17.5238094329834,17.59047508239746,17.238094329833984,17.380952835083008,11.198281288146973,5566365,0.0,0.0
2012-01-11,17.323808670043945,17.600000381469727,17.25714111328125,17.4761905670166,11.259637832641602,6677685,0.0,0.0
2012-01-12,17.190475463867188,17.22857093811035,16.714284896850586,16.761903762817383,10.799434661865234,9053520,0.0,0.0
2012-01-13,16.761903762817383,16.761903762817383,16.761903762817383,16.761903762817383,10.799434661865234,0,0.0,0.0
2012-01-16,17.047618865966797,17.066665649414062,16.5047607421875,16.5238094329834,10.646031379699709,9418500,0.0,0.0
2012-01-17,16.761903762817383,16.847618103027344,16.36190414428711,16.380952835083008,10.553990364074709,9154950,0.0,0.0
2012-01-18,16.190475463867188,16.628570556640625,16.038095474243164,16.514284133911133,10.639897346496582,9615585,0.0,0.0
2012-01-19,16.75238037109375,16.97142791748047,16.60952377319336,16.876190185546875,10.873065948486328,9012675,0.0,0.0
2012-01-20,16.828571319580078,17.047618865966797,16.66666603088379,16.771427154541016,10.80556869506836,4990125,0.0,0.0
2012-01-23,16.83809471130371,17.019046783447266,16.80952262878418,16.933332443237305,10.909882545471191,3617040,0.0,0.0
2012-01-24,16.904760360717773,16.904760360717773,16.628570556640625,16.647619247436523,10.725802421569824,4421445,0.0,0.0
2012-01-25,16.647619247436523,16.866666793823242,16.63809585571289,16.799999237060547,10.873743057250977,6298740,0.07619,0.0
2012-01-26,16.904760360717773,17.314285278320312,16.857141494750977,17.095237731933594,11.06483554840088,9150015,0.0,0.0
2012-01-27,17.200000762939453,17.323808670043945,17.047618865966797,17.295238494873047,11.19428253173828,5720925,0.0,0.0
2012-01-30,17.428571701049805,17.571428298950195,17.30476188659668,17.485713958740234,11.3175687789917,5184270,0.0,0.0
2012-01-31,17.36190414428711,17.5238094329834,17.047618865966797,17.180952072143555,11.120316505432127,5647110,0.0,0.0
2012-02-01,16.857141494750977,16.857141494750977,16.333332061767578,16.342857360839844,10.577858924865724,9429210,0.0,0.0
2012-02-02,16.5238094329834,16.571428298950195,16.11428451538086,16.28571319580078,10.540875434875488,8046465,0.0,0.0
2012-02-03,16.72380828857422,16.80952262878418,16.39047622680664,16.571428298950195,10.725802421569824,7394310,0.0,0.0
2012-02-06,16.714284896850586,17.076190948486328,16.619047164916992,17.009523391723633,11.009357452392578,7181895,0.0,0.0
2012-02-07,16.771427154541016,17.133333206176758,16.761903762817383,17.019046783447266,11.015520095825195,4767525,0.0,0.0
2012-02-08,17.133333206176758,17.95237922668457,17.05714225769043,17.904760360717773,11.588794708251951,10734885,0.0,0.0
2012-02-09,17.904760360717773,18.371427536010746,17.847618103027344,18.209522247314453,11.786051750183104,0,0.0,0.0
2012-02-10,18.0952377319336,18.41904640197754,17.847618103027344,18.21904754638672,11.792217254638672,8205540,0.0,0.0
2012-02-13,18.238094329833984,18.380952835083008,18.076190948486328,18.25714111328125,11.816872596740724,4669035,0.0,0.0
2012-02-14,18.22857093811035,18.4761905670166,18.152379989624023,18.238094329833984,11.80454444885254,4381020,0.0,0.0
2012-02-15,17.819047927856445,17.990476608276367,17.714284896850586,17.83809471130371,11.545646667480469,5959905,0.0,0.0
2012-02-16,17.904760360717773,17.990476608276367,17.371427536010742,17.600000381469727,11.39154052734375,5051235,0.0,0.0
2012-02-17,17.904760360717773,17.990476608276367,17.371427536010742,17.600000381469727,11.39154052734375,5051235,0.0,0.0
2012-02-20,17.14285659790039,17.685714721679688,17.076190948486328,17.685714721679688,11.44701862335205,5653830,0.0,0.0
2012-02-21,17.91428565979004,18.009523391723633,17.676189422607422,17.904760360717773,11.588794708251951,6201825,0.0,0.0
2012-02-22,18.019046783447266,18.14285659790039,17.36190414428711,17.495237350463867,11.323732376098633,10289790,0.0,0.0
2012-02-23,17.485713958740234,17.580951690673828,16.904760360717773,16.933332443237305,10.960041999816896,7911855,0.0,0.0
2012-02-24,16.799999237060547,17.133333206176758,16.60952377319336,17.05714225769043,11.040180206298828,7766955,0.0,0.0
2012-02-27,17.21904754638672,17.30476188659668,16.542856216430664,16.628570556640625,10.762786865234377,8686440,0.0,0.0
2012-02-28,16.66666603088379,17.409523010253906,16.600000381469727,17.190475463867188,11.126476287841797,8888250,0.0,0.0
2012-02-29,17.333332061767578,17.380952835083008,16.676189422607422,16.83809471130371,10.898399353027344,4913055,0.0,0.0
2012-03-01,16.59047508239746,16.742856979370117,16.342857360839844,16.428571701049805,10.633336067199709,5657715,0.0,0.0
2012-03-02,16.428571701049805,16.75238037109375,16.371427536010742,16.5047607421875,10.68265151977539,4908015,0.0,0.0
2012-03-05,16.24761962890625,16.39047622680664,16.05714225769043,16.25714111328125,10.522378921508787,4785900,0.0,0.0
2012-03-06,16.25714111328125,16.25714111328125,16.25714111328125,16.25714111328125,10.522378921508787,0,0.0,0.0
2012-03-07,16.25714111328125,16.25714111328125,16.25714111328125,16.25714111328125,10.522378921508787,0,0.0,0.0
2012-03-08,16.25714111328125,16.25714111328125,16.25714111328125,16.25714111328125,10.522378921508787,0,0.0,0.0
2012-03-09,16.571428298950195,16.676189422607422,16.14285659790039,16.552379608154297,10.713468551635742,5061210,0.0,0.0
2012-03-12,16.619047164916992,16.790475845336914,16.152379989624023,16.41904640197754,10.627172470092772,5418735,0.0,0.0
2012-03-13,16.571428298950195,16.866666793823242,16.44761848449707,16.66666603088379,10.787442207336426,5885250,0.0,0.0
2012-03-14,16.704761505126953,17.27618980407715,16.619047164916992,17.27618980407715,11.18195629119873,10889970,0.0,0.0
2012-03-15,17.190475463867188,17.380952835083008,16.895238876342773,16.9809513092041,10.990864753723145,5803140,0.0,0.0
2012-03-16,17.095237731933594,17.27618980407715,16.95237922668457,17.047618865966797,11.034015655517578,3988845,0.0,0.0
2012-03-19,16.66666603088379,16.66666603088379,16.342857360839844,16.514284133911133,10.688814163208008,4320225,0.0,0.0
2012-03-20,16.466665267944336,16.83809471130371,16.28571319580078,16.83809471130371,10.898399353027344,5302710,0.0,0.0
2012-03-21,17.038095474243164,17.08571434020996,16.704761505126953,16.95237922668457,10.972372055053713,5599125,0.0,0.0
2012-03-22,16.857141494750977,17.21904754638672,16.628570556640625,17.14285659790039,11.095656394958496,4897620,0.0,0.0
2012-03-23,17.238094329833984,17.27618980407715,16.857141494750977,16.95237922668457,10.972372055053713,4122300,0.0,0.0
2012-03-26,17.047618865966797,17.066665649414062,16.69523811340332,17.066665649414062,11.046341896057127,4161675,0.0,0.0
2012-03-27,17.047618865966797,17.066665649414062,16.69523811340332,17.066665649414062,11.046341896057127,4161675,0.0,0.0
2012-03-28,16.95237922668457,16.9809513092041,16.409523010253906,16.542856216430664,10.70730686187744,4578420,0.0,0.0
2012-03-29,16.27618980407715,16.44761848449707,15.65714168548584,15.65714168548584,10.13403034210205,15465135,0.0,0.0
2012-03-30,15.438095092773438,15.800000190734863,15.171427726745604,15.742856979370115,10.189509391784668,12113220,0.0,0.0
2012-04-02,15.476189613342283,15.647619247436523,15.095237731933594,15.2380952835083,9.862807273864746,9490950,0.0,0.0
2012-04-03,15.047618865966797,15.533332824707031,15.0,15.323808670043944,9.91828441619873,8032395,0.0,0.0
2012-04-04,15.457141876220703,16.009523391723633,15.457141876220703,15.69523811340332,10.15868854522705,9184455,0.0,0.0
2012-04-10,15.51428508758545,15.99047565460205,15.342857360839844,15.819046974182127,10.2388277053833,10723230,0.0,0.0
2012-04-11,15.39047622680664,15.54285717010498,15.2380952835083,15.419047355651855,10.016108512878418,6559875,0.057143,0.0
2012-04-12,15.419047355651855,15.419047355651855,15.419047355651855,15.419047355651855,10.016108512878418,0,0.0,0.0
2012-04-13,15.419047355651855,15.419047355651855,15.419047355651855,15.419047355651855,10.016108512878418,0,0.0,0.0
2012-04-16,15.190476417541504,15.35237979888916,14.742856979370115,14.761903762817385,9.589234352111816,9776655,0.0,0.0
2012-04-17,14.80952262878418,14.980952262878418,14.485713958740234,14.828571319580078,9.632537841796877,11410350,0.0,0.0
2012-04-18,14.828571319580078,14.828571319580078,14.828571319580078,14.828571319580078,9.632537841796877,0,0.0,0.0
2012-04-19,15.828571319580078,16.076190948486328,15.638094902038574,15.676190376281738,10.183146476745604,9467010,0.0,0.0
2012-04-20,15.561903953552246,15.676190376281738,15.266666412353516,15.552379608154297,10.102720260620115,10639545,0.0,0.0
2012-04-23,15.619047164916992,15.65714168548584,15.009523391723633,15.2380952835083,9.898564338684082,9410520,0.0,0.0
2012-04-24,15.104761123657228,15.571428298950195,15.104761123657228,15.380951881408691,9.991360664367676,5384400,0.0,0.0
2012-04-25,15.552379608154297,15.704760551452637,15.39047622680664,15.571428298950195,10.115093231201172,2918265,0.0,0.0
2012-04-26,15.638094902038574,15.761903762817385,15.380951881408691,15.5047607421875,10.071784973144531,6138615,0.0,0.0
2012-04-27,15.35237979888916,15.466666221618652,15.14285659790039,15.314285278320312,9.948054313659668,6548220,0.0,0.0
2012-04-30,15.171427726745604,15.333333015441896,14.923809051513672,15.104761123657228,9.811948776245115,7782390,0.0,0.0
2012-05-02,14.761903762817385,15.314285278320312,14.619047164916992,14.980952262878418,9.731522560119627,9485175,0.0,0.0
2012-05-03,15.047618865966797,15.457141876220703,14.96190357208252,15.380951881408691,9.991360664367676,5472075,0.0,0.0
2012-05-04,15.476189613342283,15.742856979370115,15.190476417541504,15.190476417541504,9.867629051208496,7968345,0.0,0.0
2012-05-07,15.380951881408691,16.076190948486328,15.314285278320312,16.076190948486328,10.44298267364502,9610755,0.0,0.0
2012-05-08,16.019046783447266,16.047618865966797,15.571428298950195,16.0,10.393489837646484,5961480,0.0,0.0
2012-05-09,16.14285659790039,16.75238037109375,15.80952262878418,15.90476131439209,10.331624984741213,5947515,0.0,0.0
2012-05-10,15.84761905670166,16.438095092773438,15.84761905670166,16.438095092773438,10.678074836730955,4856880,0.0,0.0
2012-05-11,16.22857093811035,16.60952377319336,16.019046783447266,16.600000381469727,10.783247947692873,8676570,0.0,0.0
2012-05-14,16.514284133911133,16.742856979370117,16.190475463867188,16.676189422607422,10.83273696899414,6162345,0.0,0.0
2012-05-15,16.66666603088379,17.047618865966797,16.600000381469727,17.047618865966797,11.074017524719238,7983255,0.0,0.0
2012-05-16,17.047618865966797,17.047618865966797,17.047618865966797,17.047618865966797,11.074017524719238,0,0.0,0.0
2012-05-18,16.933332443237305,17.209522247314453,16.438095092773438,17.104761123657227,11.111136436462402,11387565,0.0,0.0
2012-05-21,17.066665649414062,17.104761123657227,16.628570556640625,16.66666603088379,10.826549530029297,7666575,0.0,0.0
2012-05-22,16.66666603088379,16.78095245361328,15.942856788635254,16.066665649414062,10.436797142028809,5945100,0.0,0.0
2012-05-23,16.190475463867188,16.30476188659668,15.638094902038574,15.75238037109375,10.232638359069824,4752510,0.0,0.0
2012-05-24,15.428570747375488,15.65714168548584,15.36190414428711,15.51428508758545,10.077975273132324,3188745,0.0,0.0
2012-05-25,15.51428508758545,15.65714168548584,15.333333015441896,15.466666221618652,10.047039985656738,5826555,0.0,0.0
2012-05-29,15.571428298950195,15.980952262878418,15.457141876220703,15.685713768005373,10.18933391571045,5006610,0.0,0.0
2012-05-30,15.666666030883787,15.819046974182127,15.257142066955566,15.628570556640623,10.15221118927002,6545385,0.0,0.0
2012-05-31,16.152379989624023,16.857141494750977,16.152379989624023,16.857141494750977,10.95028591156006,9674070,0.0,0.0
2012-06-01,16.819047927856445,16.95237922668457,16.580951690673828,16.895238876342773,10.975030899047852,6429465,0.0,0.0
2012-06-04,16.904760360717773,17.30476188659668,16.72380828857422,16.857141494750977,10.95028591156006,6831510,0.0,0.0
2012-06-05,16.933332443237305,17.14285659790039,16.66666603088379,16.799999237060547,10.913164138793944,2391060,0.0,0.0
2012-06-06,16.904760360717773,17.60952377319336,16.904760360717773,17.266666412353516,11.216310501098633,8811495,0.0,0.0
2012-06-07,17.009523391723633,17.05714225769043,16.69523811340332,16.819047927856445,10.925540924072266,7191240,0.0,0.0
2012-06-08,16.904760360717773,17.0,16.238094329833984,16.314285278320312,10.597648620605469,7199430,0.0,0.0
2012-06-11,16.314285278320312,16.314285278320312,16.314285278320312,16.314285278320312,10.597648620605469,0,0.0,0.0
2012-06-12,15.90476131439209,16.380952835083008,15.704760551452637,16.28571319580078,10.579089164733888,6569535,0.0,0.0
2012-06-13,16.514284133911133,16.647619247436523,16.295238494873047,16.628570556640625,10.801807403564451,5132505,0.0,0.0
2012-06-14,16.628570556640625,16.628570556640625,16.628570556640625,16.628570556640625,10.801807403564451,0,0.0,0.0
2012-06-15,16.22857093811035,16.59047508239746,16.22857093811035,16.5238094329834,10.733750343322754,4687515,0.0,0.0
2012-06-18,16.552379608154297,17.123809814453125,16.314285278320312,17.095237731933594,11.104947090148926,7811265,0.0,0.0
2012-06-19,17.14285659790039,17.561904907226562,17.0,17.323808670043945,11.253424644470217,6942390,0.0,0.0
2012-06-20,17.14285659790039,17.352380752563477,16.69523811340332,16.819047927856445,10.925540924072266,6812085,0.0,0.0
2012-06-21,16.428571701049805,16.561904907226562,16.095237731933594,16.495237350463867,10.715191841125488,6292125,0.0,0.0
2012-06-22,16.628570556640625,16.790475845336914,16.076190948486328,16.200000762939453,10.523412704467772,6942390,0.0,0.0
2012-06-25,16.36190414428711,16.514284133911133,15.80952262878418,15.90476131439209,10.331624984741213,5062050,0.0,0.0
2012-06-26,16.238094329833984,16.552379608154297,16.076190948486328,16.4761905670166,10.702823638916016,6847155,0.0,0.0
2012-06-27,16.4761905670166,16.4761905670166,16.4761905670166,16.4761905670166,10.702823638916016,0,0.0,0.0
2012-06-28,17.428571701049805,17.69523811340332,16.828571319580078,17.69523811340332,11.494704246520996,9387105,0.0,0.0
2012-06-29,17.714284896850586,17.895238876342773,17.466665267944336,17.733333587646484,11.519451141357422,6175995,0.0,0.0
2012-07-02,17.733333587646484,17.733333587646484,17.733333587646484,17.733333587646484,11.519451141357422,0,0.0,0.0
2012-07-03,16.83809471130371,17.53333282470703,16.80952262878418,17.457141876220703,11.340042114257812,8442525,0.0,0.0
2012-07-04,17.80952262878418,18.380952835083008,17.790475845336914,18.0,11.69267463684082,10154445,0.0,0.0
2012-07-05,17.9809513092041,18.857141494750977,17.923809051513672,18.4761905670166,12.002008438110352,6775755,0.0,0.0
2012-07-06,18.4761905670166,18.4761905670166,18.4761905670166,18.4761905670166,12.002008438110352,0,0.0,0.0
2012-07-09,18.4761905670166,18.4761905670166,18.4761905670166,18.4761905670166,12.002008438110352,0,0.0,0.0
2012-07-10,18.36190414428711,18.571428298950195,18.11428451538086,18.200000762939453,11.822593688964844,4450005,0.0,0.0
2012-07-11,18.36190414428711,18.571428298950195,18.11428451538086,18.200000762939453,11.822593688964844,4450005,0.0,0.0
2012-07-12,18.200000762939453,18.200000762939453,18.200000762939453,18.200000762939453,11.822593688964844,0,0.0,0.0
2012-07-13,18.200000762939453,18.200000762939453,18.200000762939453,18.200000762939453,11.878536224365234,0,0.085714,0.0
2012-07-16,18.200000762939453,18.200000762939453,18.200000762939453,18.200000762939453,11.878536224365234,0,0.0,0.0
2012-07-17,18.200000762939453,18.200000762939453,18.200000762939453,18.200000762939453,11.878536224365234,0,0.0,0.0
2012-07-18,18.200000762939453,18.200000762939453,18.200000762939453,18.200000762939453,11.878536224365234,0,0.0,0.0
2012-07-19,18.200000762939453,18.200000762939453,18.200000762939453,18.200000762939453,11.878536224365234,0,0.0,0.0
2012-07-20,19.14285659790039,19.35238075256348,18.39047622680664,18.66666603088379,12.183116912841797,8785035,0.0,0.0
2012-07-23,18.619047164916992,18.78095245361328,18.0285701751709,18.647619247436523,12.170686721801758,13605585,0.0,0.0
2012-07-24,18.28571319580078,18.41904640197754,17.91428565979004,17.990476608276367,11.741790771484377,10816680,0.0,0.0
2012-07-25,17.95237922668457,18.0952377319336,17.619047164916992,17.895238876342773,11.679630279541016,4957470,0.0,0.0
2012-07-26,17.78095245361328,17.876190185546875,17.5238094329834,17.580951690673828,11.474507331848145,5493180,0.0,0.0
2012-07-27,17.4761905670166,17.9809513092041,17.380952835083008,17.742856979370117,11.580172538757324,3910830,0.0,0.0
2012-07-30,17.91428565979004,17.933332443237305,17.171428680419922,17.22857093811035,11.244518280029297,5623275,0.0,0.0
2012-07-31,17.123809814453125,17.428571701049805,17.0,17.371427536010742,11.33775806427002,4489485,0.0,0.0
2012-08-01,17.571428298950195,17.600000381469727,16.866666793823242,17.08571434020996,11.15127944946289,9546810,0.0,0.0
2012-08-02,17.104761123657227,17.600000381469727,16.83809471130371,16.857141494750977,11.002098083496094,3474240,0.0,0.0
2012-08-03,16.78095245361328,17.161903381347656,16.619047164916992,16.97142791748047,11.076690673828123,5091240,0.0,0.0
2012-08-06,17.428571701049805,17.600000381469727,16.83809471130371,17.409523010253906,11.362618446350098,6298845,0.0,0.0
2012-08-07,17.5047607421875,18.35238075256348,17.5047607421875,18.35238075256348,11.97799301147461,9734865,0.0,0.0
2012-08-08,18.571428298950195,18.66666603088379,18.11428451538086,18.28571319580078,11.934481620788574,9692550,0.0,0.0
2012-08-09,18.28571319580078,18.600000381469727,18.190475463867188,18.542856216430664,12.102306365966797,5713575,0.0,0.0
2012-08-10,18.66666603088379,18.857141494750977,18.5238094329834,18.847618103027344,12.30121612548828,4737390,0.0,0.0
2012-08-13,18.761903762817383,20.0476188659668,18.619047164916992,19.647619247436523,12.823348999023438,11351340,0.0,0.0
2012-08-14,19.571428298950195,20.63809585571289,19.56190490722656,19.72380828857422,12.873075485229492,12022185,0.0,0.0
2012-08-15,19.53333282470703,19.933332443237305,19.14285659790039,19.619047164916992,12.804705619812012,5815425,0.0,0.0
2012-08-16,19.619047164916992,19.714284896850582,19.11428451538086,19.43809509277344,12.686601638793944,5644905,0.0,0.0
2012-08-17,19.552379608154297,19.847618103027344,19.25714111328125,19.25714111328125,12.568500518798828,6569220,0.0,0.0
2012-08-20,19.0476188659668,19.323808670043945,18.847618103027344,19.25714111328125,12.568500518798828,4628925,0.0,0.0
2012-08-21,19.238094329833984,19.4761905670166,19.08571434020996,19.180952072143555,12.518773078918455,6019860,0.0,0.0
2012-08-22,19.104761123657227,19.4761905670166,18.97142791748047,19.466665267944336,12.705249786376951,8237775,0.0,0.0
2012-08-23,19.5047607421875,19.571428298950195,18.53333282470703,18.66666603088379,12.183116912841797,7353150,0.0,0.0
2012-08-24,18.542856216430664,19.019046783447266,18.152379989624023,18.990476608276367,12.394452095031738,6123180,0.0,0.0
2012-08-27,19.13333320617676,19.22857093811035,18.44761848449707,18.59047508239746,12.13338851928711,8010555,0.0,0.0
2012-08-28,18.53333282470703,18.70476150512696,18.190475463867188,18.36190414428711,11.984206199645996,6869100,0.0,0.0
2012-08-29,18.314285278320312,18.82857131958008,18.26666641235352,18.466665267944336,12.05258083343506,5839260,0.0,0.0
2012-08-30,18.457141876220703,18.78095245361328,18.0,18.238094329833984,11.903400421142578,5996025,0.0,0.0
2012-08-31,18.28571319580078,18.35238075256348,17.97142791748047,18.14285659790039,11.841240882873535,4617165,0.0,0.0
2012-09-03,18.05714225769043,18.36190414428711,17.761903762817383,17.847618103027344,11.648548126220703,9170385,0.0,0.0
2012-09-04,18.0,18.180952072143555,17.342857360839844,17.847618103027344,11.648548126220703,9994950,0.0,0.0
2012-09-05,17.78095245361328,18.209522247314453,17.676189422607422,18.190475463867188,11.872320175170898,4131645,0.0,0.0
2012-09-06,18.209522247314453,18.30476188659668,17.866666793823242,18.14285659790039,11.841240882873535,4715865,0.0,0.0
2012-09-07,18.11428451538086,18.238094329833984,17.876190185546875,17.904760360717773,11.685842514038086,4109910,0.0,0.0
2012-09-10,18.0476188659668,18.209522247314453,17.990476608276367,18.17142868041992,11.85988998413086,4026645,0.0,0.0
2012-09-11,18.200000762939453,18.33333206176757,17.790475845336914,18.009523391723633,11.75422191619873,7502355,0.0,0.0
2012-09-12,18.05714225769043,18.485713958740234,18.0,18.380952835083008,11.996641159057615,7139685,0.0,0.0
2012-09-13,18.5238094329834,18.65714263916016,18.11428451538086,18.26666641235352,11.92205047607422,8381625,0.0,0.0
2012-09-14,18.190475463867188,18.190475463867188,17.819047927856445,17.923809051513672,11.69827651977539,7645365,0.0,0.0
2012-09-17,17.885713577270508,17.990476608276367,17.123809814453125,17.14285659790039,11.188576698303224,9007320,0.0,0.0
2012-09-18,17.238094329833984,17.4761905670166,17.0,17.209522247314453,11.232085227966309,7205310,0.0,0.0
2012-09-19,16.91428565979004,17.180952072143555,16.847618103027344,17.095237731933594,11.157495498657228,5454330,0.0,0.0
2012-09-20,17.14285659790039,17.552379608154297,17.08571434020996,17.28571319580078,11.28181266784668,6528375,0.0,0.0
2012-09-21,17.4761905670166,17.60952377319336,17.019046783447266,17.190475463867188,11.219654083251951,4747890,0.0,0.0
2012-09-24,17.152379989624023,17.190475463867188,16.685714721679688,16.733333587646484,10.92129135131836,5011965,0.0,0.0
2012-09-25,16.580951690673828,17.076190948486328,16.323808670043945,17.038095474243164,11.120201110839844,3654735,0.0,0.0
2012-09-26,17.095237731933594,17.22857093811035,16.80952262878418,17.133333206176758,11.182361602783203,1864695,0.0,0.0
2012-09-27,17.238094329833984,17.25714111328125,16.80952262878418,16.904760360717773,11.033178329467772,4039245,0.0,0.0
2012-09-28,16.876190185546875,17.123809814453125,16.238094329833984,17.11428451538086,11.169926643371582,13843725,0.0,0.0
2012-10-01,16.885713577270508,17.30476188659668,16.704761505126953,17.21904754638672,11.238303184509276,5135025,0.0,0.0
2012-10-02,17.28571319580078,17.961904525756836,17.05714225769043,17.857141494750977,11.654767990112305,7123410,0.0,0.0
2012-10-03,17.742856979370117,18.0476188659668,17.171428680419922,17.39047622680664,11.350186347961426,7865130,0.0,0.0
2012-10-04,17.39047622680664,17.63809585571289,17.076190948486328,17.238094329833984,11.250730514526367,7129080,0.0,0.0
2012-10-05,17.209522247314453,17.59047508239746,17.076190948486328,17.266666412353516,11.269384384155272,6435345,0.0,0.0
2012-10-08,17.266666412353516,17.5047607421875,17.14285659790039,17.27618980407715,11.275599479675291,2831850,0.0,0.0
2012-10-09,17.22857093811035,17.295238494873047,16.857141494750977,17.209522247314453,11.275595664978027,5724600,0.066667,0.0
2012-10-10,17.14285659790039,17.314285278320312,16.5238094329834,16.761903762817383,10.982319831848145,6537615,0.0,0.0
2012-10-11,16.685714721679688,16.799999237060547,16.352380752563477,16.5047607421875,10.813840866088867,4257540,0.0,0.0
2012-10-12,16.66666603088379,16.97142791748047,16.4761905670166,16.97142791748047,11.119600296020508,3504375,0.0,0.0
2012-10-15,17.14285659790039,17.380952835083008,16.80952262878418,17.266666412353516,11.313039779663086,5008395,0.0,0.0
2012-10-16,17.371427536010742,17.4761905670166,17.161903381347656,17.41904640197754,11.41287612915039,2265585,0.0,0.0
2012-10-17,17.409523010253906,17.95237922668457,17.314285278320312,17.95237922668457,11.762311935424805,5257770,0.0,0.0
2012-10-18,17.857141494750977,17.895238876342773,17.485713958740234,17.600000381469727,11.531436920166016,3514560,0.0,0.0
2012-10-19,17.552379608154297,17.933332443237305,17.14285659790039,17.238094329833984,11.294315338134766,4236120,0.0,0.0
2012-10-22,17.0,17.59047508239746,17.0,17.580951690673828,11.51895809173584,4719120,0.0,0.0
2012-10-23,17.714284896850586,17.799999237060547,17.352380752563477,17.657142639160156,11.568876266479492,6985020,0.0,0.0
2012-10-24,17.75238037109375,17.790475845336914,16.876190185546875,16.876190185546875,11.057201385498049,11391240,0.0,0.0
2012-10-25,17.104761123657227,17.22857093811035,16.714284896850586,16.876190185546875,11.057201385498049,6996885,0.0,0.0
2012-10-26,16.91428565979004,17.133333206176758,16.714284896850586,16.771427154541016,10.98855972290039,5622855,0.0,0.0
2012-10-29,16.95237922668457,17.200000762939453,16.761903762817383,17.152379989624023,11.2381591796875,5405295,0.0,0.0
2012-10-30,17.08571434020996,17.21904754638672,16.91428565979004,17.0285701751709,11.157037734985352,5478795,0.0,0.0
2012-10-31,17.095237731933594,17.647619247436523,17.009523391723633,17.5238094329834,11.481518745422363,6607650,0.0,0.0
2012-11-01,17.438095092773438,17.819047927856445,17.295238494873047,17.761903762817383,11.637516021728516,4772880,0.0,0.0
2012-11-02,17.857141494750977,17.9809513092041,17.619047164916992,17.80952262878418,11.668715476989746,5970195,0.0,0.0
2012-11-05,17.885713577270508,17.95237922668457,17.457141876220703,17.561904907226562,11.506477355957031,8166795,0.0,0.0
2012-11-06,17.399999618530273,17.714284896850586,17.200000762939453,17.30476188659668,11.337998390197754,7090125,0.0,0.0
2012-11-07,17.495237350463867,17.5047607421875,17.0,17.171428680419922,11.250639915466309,6128955,0.0,0.0
2012-11-08,17.180952072143555,17.352380752563477,16.923809051513672,17.038095474243164,11.16327953338623,5679135,0.0,0.0
2012-11-09,17.14285659790039,17.657142639160156,17.05714225769043,17.542856216430664,11.493996620178224,6307560,0.0,0.0
2012-11-12,17.685714721679688,17.742856979370117,17.266666412353516,17.371427536010742,11.381677627563477,7053585,0.0,0.0
2012-11-13,17.571428298950195,17.685714721679688,17.171428680419922,17.21904754638672,11.28183937072754,12485235,0.0,0.0
2012-11-14,16.95237922668457,17.047618865966797,16.761903762817383,16.95237922668457,11.107117652893066,8882895,0.0,0.0
2012-11-15,16.95237922668457,17.27618980407715,16.904760360717773,17.14285659790039,11.231919288635254,5531295,0.0,0.0
2012-11-16,17.22857093811035,17.380952835083008,16.933332443237305,17.019046783447266,11.150797843933104,5787915,0.0,0.0
2012-11-19,17.076190948486328,17.27618980407715,16.933332443237305,17.076190948486328,11.188240051269531,7001085,0.0,0.0
2012-11-20,17.4761905670166,18.180952072143555,17.4761905670166,17.97142791748047,11.774795532226562,13106100,0.0,0.0
2012-11-21,17.885713577270508,18.56190490722656,17.847618103027344,18.380952835083008,12.043115615844728,11702670,0.0,0.0
2012-11-22,18.33333206176757,18.56190490722656,18.0,18.0952377319336,11.855911254882812,8454285,0.0,0.0
2012-11-23,18.0952377319336,18.41904640197754,17.91428565979004,18.323808670043945,12.0056734085083,8046465,0.0,0.0
2012-11-26,18.314285278320312,18.466665267944336,17.761903762817383,17.95237922668457,11.762311935424805,7945140,0.0,0.0
2012-11-27,18.123809814453125,18.17142868041992,17.495237350463867,17.619047164916992,11.543914794921877,9044385,0.0,0.0
2012-11-28,17.66666603088379,17.676189422607422,17.266666412353516,17.495237350463867,11.462796211242676,9555210,0.0,0.0
2012-11-29,17.5047607421875,17.600000381469727,17.180952072143555,17.28571319580078,11.325517654418944,6562290,0.0,0.0
2012-11-30,17.333332061767578,17.59047508239746,17.209522247314453,17.295238494873047,11.331756591796877,5050605,0.0,0.0
2012-12-03,17.333332061767578,17.59047508239746,17.066665649414062,17.066665649414062,11.181999206542969,4880085,0.0,0.0
2012-12-04,17.047618865966797,17.323808670043945,16.828571319580078,17.038095474243164,11.16327953338623,7012845,0.0,0.0
2012-12-05,17.0285701751709,17.371427536010742,17.0,17.238094329833984,11.294315338134766,7310730,0.0,0.0
2012-12-06,17.25714111328125,17.295238494873047,16.97142791748047,17.047618865966797,11.169519424438477,6349665,0.0,0.0
2012-12-07,17.11428451538086,17.22857093811035,16.923809051513672,17.047618865966797,11.169519424438477,2804550,0.0,0.0
2012-12-10,17.047618865966797,17.209522247314453,16.95237922668457,17.047618865966797,11.169519424438477,4005540,0.0,0.0
2012-12-11,17.171428680419922,17.190475463867188,17.0,17.14285659790039,11.231919288635254,3684135,0.0,0.0
2012-12-12,17.08571434020996,17.161903381347656,16.561904907226562,16.847618103027344,11.038479804992676,6586965,0.0,0.0
2012-12-13,16.72380828857422,16.91428565979004,16.133333206176758,16.28571319580078,10.670320510864258,10189410,0.0,0.0
2012-12-14,16.238094329833984,16.628570556640625,16.019046783447266,16.561904907226562,10.851282119750977,5615820,0.0,0.0
2012-12-17,16.5238094329834,16.619047164916992,16.28571319580078,16.409523010253906,10.751441955566406,7546350,0.0,0.0
2012-12-18,16.333332061767578,16.685714721679688,16.30476188659668,16.63809585571289,10.901201248168944,8522640,0.0,0.0
2012-12-19,16.66666603088379,16.75238037109375,16.53333282470703,16.66666603088379,10.919919967651367,4175010,0.0,0.0
2012-12-20,16.647619247436523,16.714284896850586,16.25714111328125,16.514284133911133,10.82007884979248,6750240,0.0,0.0
2012-12-21,16.514284133911133,16.80952262878418,16.428571701049805,16.704761505126953,10.944881439208984,7370895,0.0,0.0
2012-12-27,16.66666603088379,16.771427154541016,16.438095092773438,16.704761505126953,10.944881439208984,4996005,0.0,0.0
2012-12-28,16.66666603088379,16.923809051513672,16.457141876220703,16.552379608154297,10.845040321350098,4327155,0.0,0.0
2013-01-02,16.571428298950195,16.761903762817383,16.24761962890625,16.495237350463867,10.807602882385254,4799235,0.0,0.0
2013-01-03,16.647619247436523,16.819047927856445,16.571428298950195,16.790475845336914,11.001039505004885,3621660,0.0,0.0
2013-01-04,16.69523811340332,16.904760360717773,16.5047607421875,16.704761505126953,10.944881439208984,3491040,0.0,0.0
2013-01-07,16.60952377319336,16.704761505126953,16.24761962890625,16.39047622680664,10.73896026611328,5022780,0.0,0.0
2013-01-08,16.371427536010742,16.380952835083008,15.857142448425291,15.90476131439209,10.420726776123049,7390110,0.0,0.0
2013-01-09,15.923809051513672,16.095237731933594,15.571428298950195,15.600000381469728,10.221043586730955,8578290,0.0,0.0
2013-01-10,15.676190376281738,15.80952262878418,14.885713577270508,14.952380180358888,9.796728134155272,11771760,0.0,0.0
2013-01-11,14.761903762817385,15.590476036071776,14.761903762817385,15.371427536010742,10.071285247802734,12334350,0.0,0.0
2013-01-14,15.561903953552246,15.619047164916992,14.980952262878418,15.438095092773438,10.11496639251709,7964880,0.0,0.0
2013-01-15,15.523809432983398,16.019046783447266,15.161904335021973,15.485713958740234,10.146166801452637,7837200,0.0,0.0
2013-01-16,15.20952320098877,16.0,15.199999809265137,16.0,10.483124732971191,10536855,0.0,0.0
2013-01-17,15.790475845336914,15.876190185546877,15.457141876220703,15.619047164916992,10.233527183532717,9577155,0.0,0.0
2013-01-18,15.457141876220703,15.838094711303713,15.457141876220703,15.666666030883787,10.264726638793944,5210835,0.0,0.0
2013-01-21,15.523809432983398,15.533332824707031,15.066665649414062,15.171427726745604,9.940248489379885,6985335,0.0,0.0
2013-01-22,14.942856788635254,15.2380952835083,14.93333339691162,14.99047565460205,9.82168674468994,7505505,0.0,0.0
2013-01-23,15.066665649414062,15.54285717010498,14.476189613342283,14.476189613342283,9.496800422668455,20103930,0.019048,0.0
2013-01-24,14.895237922668455,15.14285659790039,14.399999618530272,15.05714225769043,9.877922058105469,12421080,0.0,0.0
2013-01-25,15.2380952835083,15.54285717010498,14.942856788635254,15.047618865966797,9.871674537658691,7801920,0.0,0.0
2013-01-28,15.047618865966797,15.380951881408691,14.866665840148926,15.190476417541504,9.965388298034668,7868070,0.0,0.0
2013-01-29,15.114285469055176,15.285714149475098,14.99047565460205,15.2380952835083,9.996630668640137,2870175,0.0,0.0
2013-01-30,15.14285659790039,15.314285278320312,14.876190185546877,14.90476131439209,9.7779541015625,8494710,0.0,0.0
2013-01-31,14.914284706115724,14.980952262878418,14.685713768005373,14.742856979370115,9.67173957824707,7343490,0.0,0.0
2013-02-01,14.857142448425291,14.90476131439209,14.5047607421875,14.761903762817385,9.684237480163574,8242605,0.0,0.0
2013-02-04,14.761903762817385,14.828571319580078,14.380951881408691,14.476189613342283,9.496800422668455,5971350,0.0,0.0
2013-02-05,14.36190414428711,14.552379608154297,14.228570938110352,14.409523010253906,9.453063011169434,5727225,0.0,0.0
2013-02-06,14.36190414428711,14.552379608154297,13.96190357208252,14.123808860778809,9.265625,8304240,0.0,0.0
2013-02-07,14.114285469055176,14.399999618530272,14.009523391723633,14.180952072143556,9.303112983703612,6577410,0.0,0.0
2013-02-08,14.199999809265137,14.285714149475098,14.009523391723633,14.08571434020996,9.240635871887209,5939745,0.0,0.0
2013-02-11,14.180952072143556,14.380951881408691,14.028571128845217,14.247618675231934,9.34684944152832,4608660,0.0,0.0
2013-02-12,14.228570938110352,14.35237979888916,13.923809051513672,14.104761123657228,9.253129959106444,4023810,0.0,0.0
2013-02-13,14.2380952835083,14.714284896850586,14.161904335021973,14.714284896850586,9.652993202209473,7068285,0.0,0.0
2013-02-14,14.619047164916992,14.828571319580078,14.447619438171388,14.638094902038574,9.603012084960938,5178705,0.0,0.0
2013-02-15,14.638094902038574,14.638094902038574,14.638094902038574,14.638094902038574,9.603012084960938,0,0.0,0.0
2013-02-18,14.885713577270508,14.885713577270508,14.495238304138184,14.571428298950195,9.559276580810549,5290110,0.0,0.0
2013-02-19,14.885713577270508,14.885713577270508,14.152379989624023,14.247618675231934,9.34684944152832,5752845,0.0,0.0
2013-02-20,14.20952320098877,14.35237979888916,14.095237731933594,14.247618675231934,9.34684944152832,5166210,0.0,0.0
2013-02-21,14.314285278320312,14.314285278320312,13.952380180358888,14.076189994812012,9.234384536743164,4481925,0.0,0.0
2013-02-22,13.885713577270508,14.428570747375488,13.800000190734863,14.428570747375488,9.465560913085938,6996780,0.0,0.0
2013-02-25,14.371427536010742,14.380951881408691,13.971427917480469,14.076189994812012,9.234384536743164,4848060,0.0,0.0
2013-02-26,14.190476417541504,14.523809432983398,14.104761123657228,14.257142066955566,9.35309600830078,6643140,0.0,0.0
2013-02-27,14.342857360839844,14.533332824707031,14.161904335021973,14.190476417541504,9.309362411499023,6144075,0.0,0.0
2013-02-28,14.2380952835083,14.276189804077148,13.952380180358888,14.152379989624023,9.284369468688965,3921015,0.0,0.0
2013-03-01,14.076189994812012,14.095237731933594,13.742856979370115,13.819046974182127,9.065693855285645,5843985,0.0,0.0
2013-03-04,13.65714168548584,13.78095245361328,13.199999809265137,13.285714149475098,8.715810775756836,6478080,0.0,0.0
2013-03-05,13.380951881408691,13.819046974182127,13.380951881408691,13.819046974182127,9.065693855285645,8605800,0.0,0.0
2013-03-06,13.666666030883787,14.152379989624023,13.619047164916992,14.0,9.184402465820312,13563060,0.0,0.0
2013-03-07,14.08571434020996,14.647619247436523,14.047618865966797,14.571428298950195,9.559276580810549,9008370,0.0,0.0
2013-03-08,14.647619247436523,14.714284896850586,14.20952320098877,14.533332824707031,9.53428554534912,6069630,0.0,0.0
2013-03-11,14.523809432983398,14.580951690673828,14.180952072143556,14.571428298950195,9.559276580810549,3812655,0.0,0.0
2013-03-12,14.457141876220703,14.80952262878418,14.39047622680664,14.761903762817385,9.684237480163574,7434840,0.0,0.0
2013-03-13,14.723809242248535,15.019046783447266,14.609522819519045,14.666666030883787,9.621756553649902,5765970,0.0,0.0
2013-03-14,14.828571319580078,14.876190185546877,14.476189613342283,14.638094902038574,9.603012084960938,6403530,0.0,0.0
2013-03-15,14.638094902038574,14.638094902038574,14.638094902038574,14.638094902038574,9.603012084960938,0,0.0,0.0
2013-03-18,14.523809432983398,14.761903762817385,14.247618675231934,14.580951690673828,9.565526962280272,4763430,0.0,0.0
2013-03-19,14.69523811340332,15.019046783447266,14.438095092773438,14.876190185546877,9.759209632873535,5140590,0.0,0.0
2013-03-20,14.980952262878418,15.066665649414062,14.533332824707031,14.54285717010498,9.540533065795898,4139205,0.0,0.0
2013-03-21,14.75238037109375,14.99047565460205,14.647619247436523,14.69523811340332,9.64050006866455,4661160,0.0,0.0
2013-03-22,14.69523811340332,14.828571319580078,14.533332824707031,14.75238037109375,9.677986145019531,4910955,0.0,0.0
2013-03-25,14.447619438171388,14.69523811340332,14.123808860778809,14.399999618530272,9.44681453704834,14709240,0.0,0.0
2013-03-26,14.314285278320312,14.447619438171388,13.761903762817385,13.80952262878418,9.05944538116455,16920960,0.0,0.0
2013-03-27,13.866665840148926,13.980952262878418,13.533332824707031,13.666666030883787,8.965728759765625,7760970,0.0,0.0
2013-04-02,13.571428298950195,13.65714168548584,13.333333015441896,13.428570747375488,8.80953311920166,6833505,0.0,0.0
2013-04-03,13.39047622680664,13.447619438171388,13.180952072143556,13.247618675231934,8.690818786621094,5847870,0.0,0.0
2013-04-04,13.247618675231934,13.342857360839844,13.019046783447266,13.123808860778809,8.609599113464355,7268520,0.0,0.0
2013-04-05,13.076189994812012,13.14285659790039,12.761903762817385,12.78095245361328,8.384675025939941,11032980,0.0,0.0
2013-04-08,12.857142448425291,13.095237731933594,12.619047164916992,12.84761905670166,8.428409576416016,9166710,0.0,0.0
2013-04-09,13.0,13.08571434020996,12.857142448425291,12.914284706115724,8.472142219543457,5087040,0.0,0.0
2013-04-10,13.0,13.190476417541504,12.857142448425291,13.180952072143556,8.659860610961914,5132715,0.019048,0.0
2013-04-11,13.190476417541504,13.447619438171388,13.123808860778809,13.419047355651855,8.816287994384766,8865465,0.0,0.0
2013-04-12,13.428570747375488,13.580951690673828,13.05714225769043,13.39047622680664,8.797515869140625,9840390,0.0,0.0
2013-04-15,12.96190357208252,13.104761123657228,12.923809051513672,12.971427917480469,8.522200584411621,5771220,0.0,0.0
2013-04-16,12.885713577270508,12.93333339691162,12.54285717010498,12.65714168548584,8.315715789794922,9809415,0.0,0.0
2013-04-17,12.65714168548584,12.80952262878418,12.619047164916992,12.80952262878418,8.4158296585083,1709085,0.0,0.0
2013-04-18,12.923809051513672,12.942856788635254,12.714284896850586,12.866665840148926,8.453370094299316,6675480,0.0,0.0
2013-04-19,12.742856979370115,12.914284706115724,12.600000381469728,12.628570556640623,8.296941757202148,4885965,0.0,0.0
2013-04-22,12.580951690673828,12.69523811340332,12.333333015441896,12.428570747375488,8.165544509887695,9756915,0.0,0.0
2013-04-23,12.428570747375488,12.819046974182127,12.409523010253906,12.80952262878418,8.4158296585083,6481965,0.0,0.0
2013-04-24,12.819046974182127,12.942856788635254,12.685713768005373,12.838094711303713,8.434598922729492,6155310,0.0,0.0
2013-04-25,12.714284896850586,12.742856979370115,12.29523754119873,12.342857360839844,8.10922908782959,9456930,0.0,0.0
2013-04-26,12.371427536010742,12.447619438171388,12.152379989624023,12.342857360839844,8.10922908782959,5969040,0.0,0.0
2013-04-29,12.104761123657228,12.590476036071776,12.05714225769043,12.104761123657228,7.952803611755371,12682425,0.0,0.0
2013-04-30,12.114285469055176,12.228570938110352,11.96190357208252,11.96190357208252,7.858944416046143,4835880,0.0,0.0
2013-05-02,11.857142448425291,11.885713577270508,11.523809432983398,11.571428298950195,7.6024065017700195,8963745,0.0,0.0
2013-05-03,11.714284896850586,11.80952262878418,11.428570747375488,11.638094902038574,7.646202564239502,10402455,0.0,0.0
2013-05-06,11.619047164916992,12.314285278320312,11.580951690673828,12.29523754119873,8.077945709228516,12560940,0.0,0.0
2013-05-07,12.29523754119873,12.29523754119873,11.857142448425291,12.190476417541504,8.00911808013916,10969245,0.0,0.0
2013-05-08,12.247618675231934,12.561903953552246,12.171427726745604,12.2380952835083,8.040400505065918,8565585,0.0,0.0
2013-05-10,12.095237731933594,12.51428508758545,12.028571128845217,12.314285278320312,8.090458869934082,7961835,0.0,0.0
2013-05-13,12.39047622680664,12.51428508758545,11.952380180358888,12.076189994812012,7.934032440185547,9419655,0.0,0.0
2013-05-14,11.857142448425291,12.409523010253906,11.523809432983398,12.35237979888916,8.115487098693848,17207085,0.0,0.0
2013-05-15,12.123808860778809,12.342857360839844,11.84761905670166,11.84761905670166,7.783862113952637,6216105,0.0,0.0
2013-05-16,11.75238037109375,11.761903762817385,11.028571128845217,11.304760932922363,7.42720365524292,11771340,0.0,0.0
2013-05-21,11.438095092773438,11.733332633972168,11.399999618530272,11.552379608154297,7.589889049530029,7098630,0.0,0.0
2013-05-22,11.714284896850586,11.75238037109375,11.380951881408691,11.447619438171388,7.521062850952148,4697490,0.0,0.0
2013-05-23,11.619047164916992,12.14285659790039,11.619047164916992,12.104761123657228,7.952803611755371,10456530,0.0,0.0
2013-05-24,12.047618865966797,12.161904335021973,11.90476131439209,11.96190357208252,7.858944416046143,9931110,0.0,0.0
2013-05-27,12.047618865966797,12.69523811340332,11.90476131439209,12.65714168548584,8.315715789794922,10405500,0.0,0.0
2013-05-28,12.476189613342283,12.638094902038574,12.14285659790039,12.428570747375488,8.165544509887695,12439455,0.0,0.0
2013-05-29,12.35237979888916,12.90476131439209,12.35237979888916,12.819046974182127,8.422088623046875,10177965,0.0,0.0
2013-05-30,12.96190357208252,13.104761123657228,12.638094902038574,12.84761905670166,8.440860748291016,5913075,0.0,0.0
2013-05-31,12.666666030883787,12.828571319580078,12.161904335021973,12.476189613342283,8.196831703186035,10837785,0.0,0.0
2013-06-03,12.304760932922363,12.69523811340332,12.285714149475098,12.333333015441896,8.102974891662598,4576530,0.0,0.0
2013-06-04,12.54285717010498,12.590476036071776,12.14285659790039,12.190476417541504,8.00911808013916,4743060,0.0,0.0
2013-06-05,12.476189613342283,12.628570556640623,12.29523754119873,12.600000381469728,8.27817440032959,6557565,0.0,0.0
2013-06-06,12.571428298950195,12.590476036071776,12.133333206176758,12.14285659790039,7.977831363677978,5312160,0.0,0.0
2013-06-07,12.14285659790039,12.409523010253906,12.14285659790039,12.285714149475098,8.071688652038574,8232525,0.0,0.0
2013-06-10,12.476189613342283,12.65714168548584,12.266666412353516,12.600000381469728,8.27817440032959,6049575,0.0,0.0
2013-06-11,12.666666030883787,13.066665649414062,12.571428298950195,12.952380180358888,8.509687423706055,8213835,0.0,0.0
2013-06-12,12.876190185546877,13.342857360839844,12.790475845336914,13.133333206176758,8.628573417663574,7689255,0.0,0.0
2013-06-13,13.095237731933594,13.266666412353516,13.009523391723633,13.08571434020996,8.597284317016602,5302710,0.0,0.0
2013-06-14,13.066665649414062,13.323808670043944,13.047618865966797,13.247618675231934,8.703655242919922,5510085,0.0,0.0
2013-06-17,13.409523010253906,13.647619247436523,13.399999618530272,13.590476036071776,8.928912162780762,8929725,0.0,0.0
2013-06-18,13.600000381469728,13.78095245361328,13.476189613342283,13.733332633972168,9.0227689743042,8240925,0.0,0.0
2013-06-19,13.51428508758545,14.05714225769043,13.51428508758545,14.019046783447266,9.21048355102539,9213435,0.0,0.0
2013-06-20,14.019046783447266,14.019046783447266,14.019046783447266,14.019046783447266,9.21048355102539,0,0.0,0.0
2013-06-21,13.771428108215332,13.952380180358888,13.552379608154297,13.800000190734863,9.066571235656738,5055855,0.0,0.0
2013-06-24,13.828571319580078,13.93333339691162,13.5047607421875,13.5047607421875,8.872599601745605,7873530,0.0,0.0
2013-06-25,13.923809051513672,14.171427726745604,13.80952262878418,13.895237922668455,9.129140853881836,13667325,0.0,0.0
2013-06-26,14.019046783447266,14.609522819519045,14.0,14.495238304138184,9.52334213256836,14357805,0.0,0.0
2013-06-27,14.51428508758545,14.65714168548584,14.285714149475098,14.36190414428711,9.43574333190918,8482635,0.0,0.0
2013-06-28,14.35237979888916,14.399999618530272,14.152379989624023,14.285714149475098,9.385684967041016,4088385,0.0,0.0
2013-07-01,14.39047622680664,14.39047622680664,13.942856788635254,14.104761123657228,9.266797065734863,7575225,0.0,0.0
2013-07-02,13.952380180358888,14.647619247436523,13.952380180358888,14.438095092773438,9.485796928405762,9604770,0.0,0.0
2013-07-03,14.5047607421875,14.761903762817385,14.428570747375488,14.561903953552246,9.567139625549316,8421315,0.0,0.0
2013-07-04,14.69523811340332,14.923809051513672,14.580951690673828,14.761903762817385,9.698541641235352,10599120,0.0,0.0
2013-07-05,14.923809051513672,15.019046783447266,14.685713768005373,14.790475845336914,9.717309951782228,8016120,0.0,0.0
2013-07-08,14.800000190734863,14.90476131439209,14.447619438171388,14.600000381469728,9.635601997375488,7266000,0.066667,0.0
2013-07-09,14.523809432983398,14.800000190734863,14.438095092773438,14.571428298950195,9.616745948791504,14095935,0.0,0.0
2013-07-10,14.276189804077148,14.714284896850586,14.266666412353516,14.523809432983398,9.585318565368652,10418625,0.0,0.0
2013-07-11,14.523809432983398,15.54285717010498,14.5047607421875,15.485713958740234,10.220149040222168,18385080,0.0,0.0
2013-07-12,15.438095092773438,16.380952835083008,15.399999618530272,16.380952835083008,10.81098175048828,21532245,0.0,0.0
2013-07-15,16.238094329833984,16.266666412353516,15.980952262878418,16.171428680419922,10.67270278930664,11467155,0.0,0.0
2013-07-16,16.047618865966797,16.399999618530273,15.857142448425291,16.22857093811035,10.710412979125977,10370535,0.0,0.0
2013-07-17,16.4761905670166,17.009523391723633,16.371427536010742,16.866666793823242,11.13154125213623,15223005,0.0,0.0
2013-07-18,16.619047164916992,16.828571319580078,16.266666412353516,16.485713958740234,10.880122184753418,16248330,0.0,0.0
2013-07-19,16.571428298950195,16.790475845336914,16.438095092773438,16.457141876220703,10.861263275146484,7727370,0.0,0.0
2013-07-22,16.238094329833984,16.514284133911133,16.133333206176758,16.200000762939453,10.69155979156494,9980775,0.0,0.0
2013-07-23,16.14285659790039,16.44761848449707,16.019046783447266,16.238094329833984,10.716697692871094,5315730,0.0,0.0
2013-07-24,16.295238494873047,16.5047607421875,16.25714111328125,16.457141876220703,10.861263275146484,5406660,0.0,0.0
2013-07-25,16.295238494873047,16.733333587646484,16.076190948486328,16.333332061767578,10.77955150604248,10267740,0.0,0.0
2013-07-26,16.619047164916992,16.857141494750977,16.495237350463867,16.828571319580078,11.106396675109863,5728800,0.0,0.0
2013-07-29,16.885713577270508,17.076190948486328,16.409523010253906,16.53333282470703,10.91154956817627,7177275,0.0,0.0
2013-07-30,16.4761905670166,16.733333587646484,16.323808670043945,16.580951690673828,10.94297695159912,12634755,0.0,0.0
2013-07-31,16.542856216430664,16.542856216430664,16.0285701751709,16.190475463867188,10.68527126312256,13788600,0.0,0.0
2013-08-01,16.409523010253906,16.457141876220703,15.952380180358888,16.047618865966797,10.590991020202637,14047320,0.0,0.0
2013-08-02,15.980952262878418,16.647619247436523,15.96190357208252,16.30476188659668,10.760695457458496,10514280,0.0,0.0
2013-08-05,16.53333282470703,16.685714721679688,16.399999618530273,16.5238094329834,10.905261993408203,10313415,0.0,0.0
2013-08-06,16.571428298950195,16.72380828857422,16.200000762939453,16.28571319580078,10.748125076293944,7117320,0.0,0.0
2013-08-07,16.22857093811035,16.380952835083008,16.047618865966797,16.190475463867188,10.68527126312256,5652675,0.0,0.0
2013-08-08,16.342857360839844,16.342857360839844,16.066665649414062,16.22857093811035,10.710412979125977,3773070,0.0,0.0
2013-08-09,16.352380752563477,16.41904640197754,15.90476131439209,16.047618865966797,10.590991020202637,6124230,0.0,0.0
2013-08-12,15.99047565460205,16.076190948486328,15.733332633972168,15.761903762817385,10.402426719665527,5586000,0.0,0.0
2013-08-13,15.800000190734863,16.019046783447266,15.552379608154297,15.866665840148926,10.471567153930664,12175275,0.0,0.0
2013-08-14,15.952380180358888,15.99047565460205,15.666666030883787,15.80952262878418,10.433853149414062,6037500,0.0,0.0
2013-08-15,15.80952262878418,15.914284706115724,15.676190376281738,15.676190376281738,10.345857620239258,5081580,0.0,0.0
2013-08-16,15.80952262878418,15.980952262878418,15.676190376281738,15.980952262878418,10.546991348266602,5495280,0.0,0.0
2013-08-19,15.80952262878418,16.05714225769043,15.676190376281738,15.866665840148926,10.471567153930664,5337570,0.0,0.0
2013-08-20,15.78095245361328,16.133333206176758,15.761903762817385,16.0,10.559563636779783,5603640,0.0,0.0
2013-08-21,16.009523391723633,16.466665267944336,15.952380180358888,16.190475463867188,10.68527126312256,11184390,0.0,0.0
2013-08-22,16.190475463867188,16.28571319580078,16.076190948486328,16.24761962890625,10.72298526763916,7481565,0.0,0.0
2013-08-23,16.190475463867188,16.28571319580078,15.666666030883787,15.80952262878418,10.433853149414062,10161270,0.0,0.0
2013-08-26,15.771428108215332,15.895237922668455,15.552379608154297,15.69523811340332,10.358428955078123,6960240,0.0,0.0
2013-08-27,15.638094902038574,15.952380180358888,15.638094902038574,15.80952262878418,10.433853149414062,7076475,0.0,0.0
2013-08-28,15.923809051513672,16.038095474243164,15.600000381469728,15.609522819519045,10.301862716674805,8278095,0.0,0.0
2013-08-29,15.571428298950195,16.180952072143555,15.571428298950195,16.133333206176758,10.647558212280272,6055560,0.0,0.0
2013-08-30,16.009523391723633,16.352380752563477,15.885713577270508,16.314285278320312,10.766983032226562,6169590,0.0,0.0
2013-09-02,16.190475463867188,16.371427536010742,16.095237731933594,16.36190414428711,10.798410415649414,3785145,0.0,0.0
2013-09-03,16.495237350463867,16.66666603088379,16.39047622680664,16.542856216430664,10.917832374572754,8638455,0.0,0.0
2013-09-04,16.66666603088379,16.66666603088379,16.342857360839844,16.4761905670166,10.873834609985352,4860870,0.0,0.0
2013-09-05,16.514284133911133,16.885713577270508,16.428571701049805,16.80952262878418,11.09382438659668,5451915,0.0,0.0
2013-09-06,16.828571319580078,17.076190948486328,16.63809585571289,17.0,11.219533920288086,5970405,0.0,0.0
2013-09-09,16.97142791748047,17.180952072143555,16.876190185546875,17.009523391723633,11.225821495056152,6899760,0.0,0.0
2013-09-10,17.104761123657227,17.21904754638672,16.790475845336914,16.95237922668457,11.188106536865234,8486415,0.0,0.0
2013-09-11,16.83809471130371,16.904760360717773,16.14285659790039,16.28571319580078,10.748125076293944,10930290,0.0,0.0
2013-09-12,16.380952835083008,16.457141876220703,15.876190185546877,15.923809051513672,10.509281158447266,8015700,0.0,0.0
2013-09-13,15.952380180358888,16.171428680419922,15.857142448425291,16.152379989624023,10.660130500793455,5390490,0.0,0.0
2013-09-16,16.161903381347656,16.685714721679688,16.095237731933594,16.676189422607422,11.005826950073242,5458425,0.0,0.0
2013-09-17,16.41904640197754,16.571428298950195,16.30476188659668,16.438095092773438,10.848691940307615,4179630,0.0,0.0
2013-09-18,16.552379608154297,16.59047508239746,15.923809051513672,16.152379989624023,10.660130500793455,4881870,0.0,0.0
2013-09-19,16.095237731933594,16.352380752563477,15.84761905670166,15.857142448425291,10.465280532836914,6463170,0.0,0.0
2013-09-20,15.96190357208252,16.152379989624023,15.84761905670166,15.876190185546877,10.477852821350098,4770255,0.0,0.0
2013-09-23,15.980952262878418,16.038095474243164,15.771428108215332,15.838094711303713,10.45271110534668,4049220,0.0,0.0
2013-09-24,15.971427917480469,16.190475463867188,15.923809051513672,16.076190948486328,10.609848022460938,9862125,0.0,0.0
2013-09-25,16.5238094329834,16.885713577270508,16.409523010253906,16.885713577270508,11.144109725952148,10922310,0.0,0.0
2013-09-26,16.80952262878418,17.4761905670166,16.799999237060547,17.44761848449707,11.514949798583984,11182500,0.0,0.0
2013-09-27,17.39047622680664,17.742856979370117,17.171428680419922,17.295238494873047,11.414381980895996,6505485,0.0,0.0
2013-09-30,17.28571319580078,17.41904640197754,17.038095474243164,17.22857093811035,11.370386123657228,6602505,0.0,0.0
2013-10-01,17.238094329833984,17.4761905670166,16.9809513092041,17.380952835083008,11.470952987670898,5266905,0.0,0.0
2013-10-02,17.30476188659668,17.78095245361328,17.047618865966797,17.28571319580078,11.408099174499512,5932815,0.0,0.0
2013-10-03,17.171428680419922,17.542856216430664,16.761903762817383,17.428571701049805,11.502381324768066,10781190,0.0,0.0
2013-10-04,17.41904640197754,17.619047164916992,17.28571319580078,17.380952835083008,11.470952987670898,4016775,0.0,0.0
2013-10-07,17.323808670043945,17.514284133911133,16.94285774230957,17.209522247314453,11.432991981506348,7964565,0.114286,0.0
2013-10-08,17.0,17.24761962890625,16.876190185546875,17.104761123657227,11.363391876220703,4782960,0.0,0.0
2013-10-09,17.209522247314453,17.799999237060547,17.180952072143555,17.5047607421875,11.629130363464355,5739615,0.0,0.0
2013-10-10,17.552379608154297,17.94285774230957,17.53333282470703,17.904760360717773,11.894865036010742,7261275,0.0,0.0
2013-10-11,17.75238037109375,17.83809471130371,17.428571701049805,17.580951690673828,11.6797456741333,5137965,0.0,0.0
2013-10-14,17.21904754638672,17.676189422607422,17.171428680419922,17.60952377319336,11.698728561401367,4667355,0.0,0.0
2013-10-15,17.438095092773438,17.676189422607422,17.133333206176758,17.342857360839844,11.521573066711426,9192435,0.0,0.0
2013-10-16,17.342857360839844,17.352380752563477,16.761903762817383,16.799999237060547,11.160928726196287,6623295,0.0,0.0
2013-10-17,16.714284896850586,17.019046783447266,16.66666603088379,16.714284896850586,11.103983879089355,5323500,0.0,0.0
2013-10-18,16.75238037109375,17.323808670043945,16.704761505126953,17.180952072143555,11.41401195526123,6565440,0.0,0.0
2013-10-21,17.342857360839844,17.41904640197754,16.857141494750977,17.14285659790039,11.388699531555176,3318105,0.0,0.0
2013-10-22,17.095237731933594,17.342857360839844,17.0,17.14285659790039,11.388699531555176,4429110,0.0,0.0
2013-10-23,17.019046783447266,17.333332061767578,16.990476608276367,17.21904754638672,11.43932056427002,7887180,0.0,0.0
2013-10-24,16.961904525756836,17.28571319580078,16.876190185546875,17.009523391723633,11.30012321472168,5627895,0.0,0.0
2013-10-25,17.038095474243164,17.209522247314453,16.95237922668457,16.961904525756836,11.268488883972168,13201545,0.0,0.0
2013-10-28,17.038095474243164,17.571428298950195,16.95237922668457,17.485713958740234,11.616473197937012,7199850,0.0,0.0
2013-10-29,17.619047164916992,17.69523811340332,17.14285659790039,17.295238494873047,11.489933967590332,6084435,0.0,0.0
2013-10-30,17.22857093811035,17.514284133911133,17.104761123657227,17.4761905670166,11.610150337219238,3961650,0.0,0.0
2013-10-31,17.561904907226562,17.561904907226562,17.209522247314453,17.457141876220703,11.597497940063477,4285890,0.0,0.0
2013-11-01,17.399999618530273,17.485713958740234,17.14285659790039,17.314285278320312,11.502586364746094,10105200,0.0,0.0
2013-11-04,17.380952835083008,17.409523010253906,16.95237922668457,17.171428680419922,11.407684326171877,6106380,0.0,0.0
2013-11-05,17.200000762939453,17.399999618530273,16.97142791748047,16.9809513092041,11.281140327453612,6222090,0.0,0.0
2013-11-06,17.038095474243164,17.123809814453125,16.885713577270508,17.0285701751709,11.312776565551758,5730795,0.0,0.0
2013-11-07,17.133333206176758,17.485713958740234,17.038095474243164,17.30476188659668,11.496264457702637,4755030,0.0,0.0
2013-11-08,17.428571701049805,17.961904525756836,17.380952835083008,17.857141494750977,11.863232612609863,9341535,0.0,0.0
2013-11-11,17.866666793823242,18.33333206176757,17.866666793823242,18.161903381347656,12.06569480895996,6702780,0.0,0.0
2013-11-12,18.238094329833984,18.39999961853028,17.876190185546875,18.019046783447266,11.970789909362791,4522980,0.0,0.0
2013-11-13,18.019046783447266,18.25714111328125,17.771427154541016,17.94285774230957,11.920178413391112,3501750,0.0,0.0
2013-11-14,17.923809051513672,17.933332443237305,17.647619247436523,17.761903762817383,11.799959182739258,2483040,0.0,0.0
2013-11-15,17.819047927856445,17.828571319580078,17.39047622680664,17.514284133911133,11.635459899902344,4393620,0.0,0.0
2013-11-18,17.5047607421875,17.714284896850586,17.371427536010742,17.466665267944336,11.6038236618042,3640770,0.0,0.0
2013-11-19,17.66666603088379,17.676189422607422,17.14285659790039,17.371427536010742,11.54055118560791,5817630,0.0,0.0
2013-11-20,17.371427536010742,17.428571701049805,16.923809051513672,17.238094329833984,11.451970100402832,8108205,0.0,0.0
2013-11-21,17.200000762939453,17.333332061767578,16.961904525756836,17.133333206176758,11.382375717163086,5528565,0.0,0.0
2013-11-22,17.22857093811035,17.41904640197754,17.0,17.11428451538086,11.369718551635742,6009885,0.0,0.0
2013-11-25,17.05714225769043,17.485713958740234,16.97142791748047,17.14285659790039,11.388699531555176,4830735,0.0,0.0
2013-11-26,17.133333206176758,17.180952072143555,16.714284896850586,17.0285701751709,11.312776565551758,8640030,0.0,0.0
2013-11-27,16.91428565979004,17.514284133911133,16.866666793823242,17.171428680419922,11.407684326171877,6981870,0.0,0.0
2013-11-28,17.21904754638672,17.238094329833984,16.676189422607422,16.80952262878418,11.16725254058838,10046190,0.0,0.0
2013-11-29,16.714284896850586,16.761903762817383,16.333332061767578,16.380952835083008,10.882539749145508,11256630,0.0,0.0
2013-12-02,16.53333282470703,16.83809471130371,16.428571701049805,16.619047164916992,11.0407133102417,7233555,0.0,0.0
2013-12-03,16.733333587646484,16.97142791748047,16.5047607421875,16.60952377319336,11.034383773803713,6482700,0.0,0.0
2013-12-04,16.619047164916992,16.895238876342773,16.39047622680664,16.466665267944336,10.939478874206545,5246010,0.0,0.0
2013-12-05,16.438095092773438,16.4761905670166,16.161903381347656,16.27618980407715,10.81293773651123,2608305,0.0,0.0
2013-12-06,15.923809051513672,15.923809051513672,15.84761905670166,16.0,10.62945556640625,10657605,0.0,0.0
2013-12-09,16.066665649414062,16.39047622680664,15.838094711303713,16.22857093811035,10.781302452087402,6883800,0.0,0.0
2013-12-10,16.08571434020996,16.495237350463867,16.08571434020996,16.14285659790039,10.724361419677734,5387655,0.0,0.0
2013-12-11,16.095237731933594,16.542856216430664,15.885713577270508,16.14285659790039,10.724361419677734,6400380,0.0,0.0
2013-12-12,16.047618865966797,16.36190414428711,15.90476131439209,15.914284706115724,10.572510719299316,6175470,0.0,0.0
2013-12-13,16.171428680419922,16.171428680419922,15.80952262878418,15.895237922668455,10.559856414794922,6136200,0.0,0.0
2013-12-16,15.800000190734863,16.399999618530273,15.790475845336914,16.314285278320312,10.838248252868652,6687975,0.0,0.0
2013-12-17,16.133333206176758,16.53333282470703,16.047618865966797,16.123809814453125,10.711708068847656,6742890,0.0,0.0
2013-12-18,15.952380180358888,16.36190414428711,15.80952262878418,16.333332061767578,10.850900650024414,7204890,0.0,0.0
2013-12-19,16.180952072143555,16.380952835083008,15.676190376281738,15.75238037109375,10.46495246887207,7150920,0.0,0.0
2013-12-20,15.828571319580078,15.90476131439209,15.447619438171388,15.638094902038574,10.389026641845703,7530390,0.0,0.0
2013-12-23,15.600000381469728,15.733332633972168,15.29523754119873,15.419047355651855,10.243505477905272,8774325,0.0,0.0
2013-12-27,15.495238304138184,15.90476131439209,15.466666221618652,15.69523811340332,10.426987648010254,7193550,0.0,0.0
2013-12-30,15.80952262878418,16.22857093811035,15.80952262878418,16.161903381347656,10.73701286315918,6689235,0.0,0.0
2014-01-02,16.171428680419922,16.28571319580078,15.590476036071776,15.628570556640623,10.38270092010498,4948020,0.0,0.0
2014-01-03,15.742856979370115,15.980952262878418,15.476189613342283,15.723809242248535,10.445967674255373,4909590,0.0,0.0
2014-01-06,15.761903762817385,15.771428108215332,15.219046592712402,15.428570747375488,10.24983024597168,5895645,0.0,0.0
2014-01-07,15.333333015441896,15.571428298950195,15.123808860778809,15.428570747375488,10.24983024597168,6074460,0.0,0.0
2014-01-08,15.571428298950195,15.733332633972168,15.36190414428711,15.552379608154297,10.332085609436035,4092585,0.0,0.0
2014-01-09,15.5047607421875,15.685713768005373,15.019046783447266,15.14285659790039,10.060019493103027,3885630,0.0,0.0
2014-01-10,15.05714225769043,15.219046592712402,14.228570938110352,14.228570938110352,9.452624320983888,11657310,0.0,0.0
2014-01-13,14.123808860778809,14.704760551452637,14.104761123657228,14.51428508758545,9.642434120178224,10309845,0.0,0.0
2014-01-14,14.409523010253906,15.133333206176758,14.304760932922363,14.609522819519045,9.705703735351562,8517180,0.0,0.0
2014-01-15,14.885713577270508,14.93333339691162,14.114285469055176,14.152379989624023,9.402007102966309,11719995,0.0,0.0
2014-01-16,14.199999809265137,14.733332633972168,13.971427917480469,14.561903953552246,9.67406940460205,10223745,0.0,0.0
2014-01-17,14.428570747375488,14.647619247436523,14.228570938110352,14.323808670043944,9.515891075134276,6236790,0.0,0.0
2014-01-20,14.476189613342283,14.51428508758545,13.952380180358888,14.171427726745604,9.41465950012207,5888400,0.0,0.0
2014-01-21,14.190476417541504,14.35237979888916,13.99047565460205,14.104761123657228,9.370369911193848,7680645,0.0,0.0
2014-01-22,14.171427726745604,14.20952320098877,13.75238037109375,13.75238037109375,9.136269569396973,8563170,0.0,0.0
2014-01-23,13.828571319580078,14.0,13.638094902038574,13.666666030883787,9.079323768615724,3447360,0.0,0.0
2014-01-24,13.742856979370115,14.038095474243164,13.438095092773438,13.75238037109375,9.18105697631836,5897535,0.066667,0.0
2014-01-27,13.685713768005373,13.75238037109375,13.247618675231934,13.276189804077148,8.863152503967285,12619215,0.0,0.0
2014-01-28,13.219046592712402,13.219046592712402,12.685713768005373,13.0,8.678767204284668,8879745,0.0,0.0
2014-01-29,13.323808670043944,13.36190414428711,12.914284706115724,13.133333206176758,8.767780303955078,6221775,0.0,0.0
2014-01-30,12.980952262878418,13.409523010253906,12.971427917480469,13.29523754119873,8.875870704650879,7249515,0.0,0.0
2014-01-31,13.409523010253906,13.51428508758545,13.123808860778809,13.171427726745604,8.793211936950684,5320035,0.0,0.0
2014-02-03,13.314285278320312,13.857142448425291,13.247618675231934,13.466666221618652,8.990314483642578,7352940,0.0,0.0
2014-02-04,13.428570747375488,13.800000190734863,13.257142066955566,13.342857360839844,8.907657623291016,4458615,0.0,0.0
2014-02-05,13.314285278320312,13.600000381469728,13.171427726745604,13.533332824707031,9.034819602966309,7012845,0.0,0.0
2014-02-06,13.5047607421875,13.761903762817385,13.35237979888916,13.552379608154297,9.047536849975586,9280845,0.0,0.0
2014-02-07,13.571428298950195,13.733332633972168,13.257142066955566,13.476189613342283,8.996672630310059,7225680,0.0,0.0
2014-02-10,13.371427536010742,14.0,13.35237979888916,13.80952262878418,9.21920394897461,7612500,0.0,0.0
2014-02-11,14.08571434020996,14.08571434020996,13.561903953552246,13.800000190734863,9.212846755981444,6905640,0.0,0.0
2014-02-12,13.866665840148926,13.952380180358888,13.676190376281738,13.733332633972168,9.168340682983398,4742955,0.0,0.0
2014-02-13,13.885713577270508,13.942856788635254,13.457141876220703,13.523809432983398,9.028461456298828,4815825,0.0,0.0
2014-02-14,13.619047164916992,14.028571128845217,13.590476036071776,13.885713577270508,9.27007007598877,10987830,0.0,0.0
2014-02-17,13.99047565460205,13.99047565460205,13.647619247436523,13.771428108215332,9.19377326965332,6723570,0.0,0.0
2014-02-18,13.885713577270508,13.923809051513672,13.647619247436523,13.828571319580078,9.231922149658203,5669160,0.0,0.0
2014-02-19,13.942856788635254,13.99047565460205,13.342857360839844,13.419047355651855,8.958523750305176,8761200,0.0,0.0
2014-02-20,13.428570747375488,13.800000190734863,13.266666412353516,13.69523811340332,9.142905235290527,8316420,0.0,0.0
2014-02-21,13.676190376281738,13.857142448425291,13.533332824707031,13.638094902038574,9.10475730895996,4452000,0.0,0.0
2014-02-24,13.723809242248535,13.80952262878418,13.219046592712402,13.285714149475098,8.86950969696045,8456385,0.0,0.0
2014-02-25,13.409523010253906,13.457141876220703,13.076189994812012,13.152379989624023,8.780497550964355,6209700,0.0,0.0
2014-02-26,13.342857360839844,13.495238304138184,13.133333206176758,13.285714149475098,8.86950969696045,14678265,0.0,0.0
2014-02-27,13.161904335021973,13.257142066955566,12.876190185546877,12.942856788635254,8.640617370605469,7670880,0.0,0.0
2014-02-28,12.942856788635254,13.05714225769043,12.714284896850586,12.942856788635254,8.640617370605469,5106990,0.0,0.0
2014-03-03,12.90476131439209,12.90476131439209,12.69523811340332,12.838094711303713,8.57068157196045,7348740,0.0,0.0
2014-03-04,12.96190357208252,13.019046783447266,12.685713768005373,12.828571319580078,8.564322471618652,5346705,0.0,0.0
2014-03-05,12.80952262878418,12.838094711303713,12.304760932922363,12.590476036071776,8.405370712280273,5986470,0.0,0.0
2014-03-06,12.638094902038574,12.790475845336914,12.476189613342283,12.65714168548584,8.449873924255371,6999720,0.0,0.0
2014-03-07,12.65714168548584,13.419047355651855,12.628570556640623,13.171427726745604,8.793211936950684,7014840,0.0,0.0
2014-03-10,13.190476417541504,13.257142066955566,12.838094711303713,12.952380180358888,8.646974563598633,5642910,0.0,0.0
2014-03-11,12.93333339691162,12.980952262878418,12.714284896850586,12.895237922668455,8.6088285446167,3910095,0.0,0.0
2014-03-12,12.895237922668455,13.019046783447266,12.69523811340332,12.876190185546877,8.596112251281738,5254620,0.0,0.0
2014-03-13,12.857142448425291,12.96190357208252,12.676190376281738,12.885713577270508,8.602472305297852,3799110,0.0,0.0
2014-03-14,12.857142448425291,12.885713577270508,12.628570556640623,12.84761905670166,8.577040672302246,4973850,0.0,0.0
2014-03-17,13.0,13.095237731933594,12.69523811340332,12.790475845336914,8.53888988494873,6382215,0.0,0.0
2014-03-18,12.65714168548584,12.866665840148926,12.600000381469728,12.742856979370115,8.507102012634277,3876810,0.0,0.0
2014-03-19,12.819046974182127,13.380951881408691,12.75238037109375,13.380951881408691,8.933091163635254,6985860,0.0,0.0
2014-03-20,13.333333015441896,13.447619438171388,13.20952320098877,13.323808670043944,8.894943237304688,5318565,0.0,0.0
2014-03-21,13.199999809265137,13.580951690673828,13.180952072143556,13.409523010253906,8.952164649963379,4924710,0.0,0.0
2014-03-24,13.666666030883787,13.857142448425291,13.438095092773438,13.733332633972168,9.168340682983398,9938355,0.0,0.0
2014-03-25,13.733332633972168,13.790475845336914,13.466666221618652,13.69523811340332,9.142905235290527,4099410,0.0,0.0
2014-03-26,13.685713768005373,13.971427917480469,13.476189613342283,13.638094902038574,9.10475730895996,6846105,0.0,0.0
2014-03-27,13.866665840148926,14.0,13.80952262878418,13.942856788635254,9.308215141296388,6066060,0.0,0.0
2014-03-28,14.0,14.0,13.742856979370115,13.771428108215332,9.19377326965332,4140255,0.0,0.0
2014-03-31,13.800000190734863,13.819046974182127,13.5047607421875,13.533332824707031,9.034819602966309,5784135,0.0,0.0
2014-04-01,13.533332824707031,13.723809242248535,13.342857360839844,13.69523811340332,9.142905235290527,4751145,0.0,0.0
2014-04-02,13.723809242248535,13.80952262878418,13.523809432983398,13.619047164916992,9.092041015625,3619875,0.0,0.0
2014-04-03,13.609522819519045,13.609522819519045,13.247618675231934,13.323808670043944,8.894943237304688,3713115,0.0,0.0
2014-04-04,13.323808670043944,13.447619438171388,12.942856788635254,13.104761123657228,8.748705863952637,11323095,0.0,0.0
2014-04-07,13.104761123657228,13.228570938110352,12.857142448425291,12.942856788635254,8.640617370605469,8261190,0.0,0.0
2014-04-08,13.08571434020996,13.095237731933594,12.761903762817385,13.047618865966797,8.755657196044922,3958500,0.066667,0.0
2014-04-09,13.038095474243164,13.123808860778809,12.790475845336914,12.857142448425291,8.627836227416992,4393200,0.0,0.0
2014-04-10,12.952380180358888,13.114285469055176,12.819046974182127,13.028571128845217,8.742875099182129,2907555,0.0,0.0
2014-04-11,13.095237731933594,13.333333015441896,12.952380180358888,13.199999809265137,8.857912063598633,6910260,0.0,0.0
2014-04-14,13.133333206176758,13.257142066955566,13.019046783447266,13.190476417541504,8.851521492004395,6867525,0.0,0.0
2014-04-15,13.285714149475098,13.29523754119873,12.96190357208252,13.066665649414062,8.768437385559082,4896990,0.0,0.0
2014-04-16,13.038095474243164,13.038095474243164,12.647619247436523,12.69523811340332,8.51919174194336,8052030,0.0,0.0
2014-04-22,12.771428108215332,12.876190185546877,12.619047164916992,12.819046974182127,8.602272033691406,5405295,0.0,0.0
2014-04-23,12.771428108215332,13.2380952835083,12.742856979370115,13.219046592712402,8.87069320678711,7433475,0.0,0.0
2014-04-24,13.219046592712402,13.2380952835083,13.047618865966797,13.076189994812012,8.774831771850586,3377535,0.0,0.0
2014-04-25,13.14285659790039,13.20952320098877,12.857142448425291,12.942856788635254,8.685356140136719,4864440,0.0,0.0
2014-04-28,13.228570938110352,13.228570938110352,13.038095474243164,13.05714225769043,8.76204776763916,5334840,0.0,0.0
2014-04-29,13.05714225769043,13.29523754119873,13.009523391723633,13.228570938110352,8.877086639404297,3473190,0.0,0.0
2014-04-30,13.2380952835083,13.29523754119873,13.05714225769043,13.29523754119873,8.92182445526123,4864020,0.0,0.0
2014-05-02,13.314285278320312,13.323808670043944,13.095237731933594,13.14285659790039,8.819565773010254,3889725,0.0,0.0
2014-05-05,13.114285469055176,13.14285659790039,12.857142448425291,12.914284706115724,8.666180610656738,3186645,0.0,0.0
2014-05-06,12.93333339691162,12.96190357208252,12.78095245361328,12.838094711303713,8.6150541305542,6015135,0.0,0.0
2014-05-07,12.857142448425291,13.05714225769043,12.78095245361328,12.980952262878418,8.710922241210938,2101260,0.0,0.0
2014-05-08,12.99047565460205,13.285714149475098,12.952380180358888,13.2380952835083,8.883477210998535,5161380,0.0,0.0
2014-05-09,13.152379989624023,13.20952320098877,13.095237731933594,13.104761123657228,8.794001579284668,4590600,0.0,0.0
2014-05-12,13.104761123657228,13.266666412353516,13.066665649414062,13.14285659790039,8.819565773010254,2737560,0.0,0.0
2014-05-13,13.190476417541504,13.476189613342283,13.095237731933594,13.285714149475098,8.915432929992676,5264805,0.0,0.0
2014-05-14,13.20952320098877,13.2380952835083,12.980952262878418,13.0,8.723701477050781,4171230,0.0,0.0
2014-05-15,13.019046783447266,13.104761123657228,12.75238037109375,12.75238037109375,8.557534217834473,5856270,0.0,0.0
2014-05-16,12.75238037109375,12.75238037109375,12.371427536010742,12.39047622680664,8.314678192138672,8628165,0.0,0.0
2014-05-19,12.438095092773438,12.438095092773438,12.190476417541504,12.323808670043944,8.269941329956055,5218500,0.0,0.0
2014-05-20,12.428570747375488,12.571428298950195,12.285714149475098,12.314285278320312,8.263551712036133,6601665,0.0,0.0
2014-05-21,12.380951881408691,12.647619247436523,12.257142066955566,12.647619247436523,8.487236976623535,6973365,0.0,0.0
2014-05-22,12.628570556640623,13.066665649414062,12.580951690673828,13.028571128845217,8.742875099182129,13220550,0.0,0.0
2014-05-23,13.019046783447266,13.133333206176758,12.942856788635254,13.095237731933594,8.78761100769043,926940,0.0,0.0
2014-05-26,13.0,13.380951881408691,12.895237922668455,13.2380952835083,8.883477210998535,6294435,0.0,0.0
2014-05-27,13.29523754119873,13.304760932922363,13.14285659790039,13.171427726745604,8.838738441467285,2842875,0.0,0.0
2014-05-28,13.333333015441896,13.333333015441896,13.019046783447266,13.05714225769043,8.76204776763916,6675585,0.0,0.0
2014-05-30,13.08571434020996,13.171427726745604,12.952380180358888,13.095237731933594,8.78761100769043,4903290,0.0,0.0
2014-06-02,13.247618675231934,13.428570747375488,13.171427726745604,13.333333015441896,8.947389602661133,5711685,0.0,0.0
2014-06-03,13.371427536010742,13.571428298950195,13.285714149475098,13.5047607421875,9.062422752380373,6572580,0.0,0.0
2014-06-04,13.600000381469728,13.714284896850586,13.257142066955566,13.399999618530272,8.9921236038208,6023640,0.0,0.0
2014-06-05,13.333333015441896,13.39047622680664,12.952380180358888,12.980952262878418,8.710922241210938,12212340,0.0,0.0
2014-06-06,13.399999618530272,13.399999618530272,12.733332633972168,12.733332633972168,8.544755935668945,14076195,0.0,0.0
2014-06-10,12.78095245361328,12.78095245361328,12.495238304138184,12.65714168548584,8.49362564086914,7469280,0.0,0.0
2014-06-11,12.723809242248535,12.78095245361328,12.54285717010498,12.54285717010498,8.416933059692383,5967885,0.0,0.0
2014-06-12,12.533332824707031,12.65714168548584,12.485713958740234,12.638094902038574,8.480844497680664,3455760,0.0,0.0
2014-06-13,12.714284896850586,13.14285659790039,12.666666030883787,13.019046783447266,8.736485481262207,7986615,0.0,0.0
2014-06-16,13.104761123657228,13.20952320098877,12.971427917480469,13.038095474243164,8.749266624450684,3996405,0.0,0.0
2014-06-17,13.095237731933594,13.276189804077148,13.009523391723633,13.05714225769043,8.76204776763916,4255335,0.0,0.0
2014-06-18,13.076189994812012,13.171427726745604,12.96190357208252,13.066665649414062,8.768437385559082,3157560,0.0,0.0
2014-06-19,12.895237922668455,13.0,12.685713768005373,12.733332633972168,8.544755935668945,8819475,0.0,0.0
2014-06-20,12.65714168548584,12.800000190734863,12.552379608154297,12.714284896850586,8.53197193145752,6072150,0.0,0.0
2014-06-23,12.666666030883787,12.761903762817385,12.476189613342283,12.5047607421875,8.39136791229248,5622015,0.0,0.0
2014-06-24,12.561903953552246,12.714284896850586,12.476189613342283,12.666666030883787,8.500018119812012,3720885,0.0,0.0
2014-06-25,12.65714168548584,12.78095245361328,12.533332824707031,12.571428298950195,8.436110496520996,6025740,0.0,0.0
2014-06-26,12.590476036071776,12.75238037109375,12.54285717010498,12.69523811340332,8.51919174194336,3514035,0.0,0.0
2014-06-27,12.723809242248535,12.771428108215332,12.571428298950195,12.600000381469728,8.455283164978027,3587955,0.0,0.0
2014-06-30,12.552379608154297,12.790475845336914,12.552379608154297,12.714284896850586,8.53197193145752,4102665,0.0,0.0
2014-07-01,12.80952262878418,12.857142448425291,12.54285717010498,12.533332824707031,8.410541534423828,8306445,0.0,0.0
2014-07-02,12.447619438171388,12.552379608154297,12.36190414428711,12.380951881408691,8.346339225769043,4989915,0.057143,0.0
2014-07-03,12.447619438171388,12.457141876220703,11.885713577270508,12.047618865966797,8.12163257598877,12862080,0.0,0.0
2014-07-04,12.047618865966797,12.114285469055176,11.885713577270508,11.942856788635254,8.051010131835938,6651015,0.0,0.0
2014-07-07,12.05714225769043,12.095237731933594,11.828571319580078,11.90476131439209,8.025325775146484,6375495,0.0,0.0
2014-07-08,11.980952262878418,12.019046783447266,11.828571319580078,11.90476131439209,8.025325775146484,5336415,0.0,0.0
2014-07-09,11.90476131439209,12.190476417541504,11.90476131439209,12.14285659790039,8.185834884643555,7064820,0.0,0.0
2014-07-10,12.161904335021973,12.276189804077148,12.095237731933594,12.190476417541504,8.217936515808105,4072005,0.0,0.0
2014-07-11,12.133333206176758,12.276189804077148,12.114285469055176,12.266666412353516,8.269296646118164,3785040,0.0,0.0
2014-07-14,12.257142066955566,12.35237979888916,12.180952072143556,12.333333015441896,8.314239501953125,3368715,0.0,0.0
2014-07-15,12.380951881408691,12.552379608154297,12.29523754119873,12.54285717010498,8.455484390258789,7744380,0.0,0.0
2014-07-16,12.571428298950195,12.838094711303713,12.476189613342283,12.771428108215332,8.60957145690918,7824705,0.0,0.0
2014-07-17,12.84761905670166,12.952380180358888,12.733332633972168,12.857142448425291,8.667353630065918,6336015,0.0,0.0
2014-07-18,12.75238037109375,12.78095245361328,12.199999809265137,12.342857360839844,8.320660591125488,6373500,0.0,0.0
2014-07-21,12.29523754119873,12.371427536010742,12.028571128845217,12.371427536010742,8.339920997619629,4841025,0.0,0.0
2014-07-22,12.428570747375488,12.485713958740234,12.076189994812012,12.076189994812012,8.140891075134277,3049515,0.0,0.0
2014-07-23,12.114285469055176,12.5047607421875,12.095237731933594,12.476189613342283,8.410541534423828,5103630,0.0,0.0
2014-07-24,12.476189613342283,12.857142448425291,12.428570747375488,12.78095245361328,8.615991592407227,10403085,0.0,0.0
2014-07-25,12.723809242248535,13.076189994812012,12.676190376281738,12.952380180358888,8.73155689239502,5879685,0.0,0.0
2014-07-28,12.952380180358888,12.96190357208252,12.619047164916992,12.761903762817385,8.603150367736816,3956820,0.0,0.0
2014-07-29,12.885713577270508,12.885713577270508,12.380951881408691,12.419047355651855,8.37202262878418,4379550,0.0,0.0
2014-07-30,12.285714149475098,12.333333015441896,12.114285469055176,12.123808860778809,8.172993659973145,7360185,0.0,0.0
2014-07-31,12.047618865966797,12.076189994812012,11.733332633972168,11.790475845336914,7.948285579681396,9580200,0.0,0.0
2014-08-01,11.866665840148926,11.914284706115724,11.619047164916992,11.676190376281738,7.871241569519043,6922020,0.0,0.0
2014-08-04,11.666666030883787,11.885713577270508,11.571428298950195,11.771428108215332,7.935444831848144,6883590,0.0,0.0
2014-08-05,11.80952262878418,12.009523391723633,11.714284896850586,11.819046974182127,7.967543601989746,4589340,0.0,0.0
2014-08-06,11.838094711303713,11.942856788635254,11.742856979370115,11.771428108215332,7.935444831848144,6394710,0.0,0.0
2014-08-07,11.790475845336914,11.99047565460205,11.790475845336914,11.90476131439209,8.025325775146484,6449100,0.0,0.0
2014-08-08,11.895237922668455,12.190476417541504,11.828571319580078,11.96190357208252,8.063848495483398,6521445,0.0,0.0
2014-08-11,12.028571128845217,12.180952072143556,11.971427917480469,12.066665649414062,8.134469985961914,5262390,0.0,0.0
2014-08-12,11.99047565460205,11.99047565460205,11.609522819519045,11.685713768005373,7.877662658691406,4526865,0.0,0.0
2014-08-13,11.704760551452637,11.838094711303713,11.638094902038574,11.676190376281738,7.871241569519043,2579430,0.0,0.0
2014-08-14,11.714284896850586,11.80952262878418,11.628570556640623,11.723809242248535,7.9033427238464355,4103295,0.0,0.0
2014-08-15,11.676190376281738,11.78095245361328,11.552379608154297,11.742856979370115,7.916182518005371,4048485,0.0,0.0
2014-08-18,11.685713768005373,11.761903762817385,11.485713958740234,11.571428298950195,7.800617694854736,5467350,0.0,0.0
2014-08-19,11.342857360839844,11.561903953552246,11.199999809265137,11.342857360839844,7.646533012390137,4913580,0.0,0.0
2014-08-20,11.2380952835083,11.333333015441896,10.971427917480469,11.219046592712402,7.563067436218262,5638185,0.0,0.0
2014-08-21,11.038095474243164,11.371427536010742,11.038095474243164,11.152379989624023,7.518126487731934,6321315,0.0,0.0
2014-08-22,11.333333015441896,11.495238304138184,11.019046783447266,11.39047622680664,7.678633213043213,5054175,0.0,0.0
2014-08-25,11.533332824707031,11.609522819519045,11.304760932922363,11.399999618530272,7.685052871704102,3913875,0.0,0.0
2014-08-26,11.628570556640623,11.971427917480469,11.371427536010742,11.419047355651855,7.697892189025879,8652420,0.0,0.0
2014-08-27,11.485713958740234,11.571428298950195,11.20952320098877,11.247618675231934,7.582327365875244,5433960,0.0,0.0
2014-08-28,11.323808670043944,11.371427536010742,11.028571128845217,11.276189804077148,7.601591110229492,8718675,0.0,0.0
2014-08-29,11.399999618530272,11.428570747375488,10.923809051513672,10.952380180358888,7.383299350738525,11498865,0.0,0.0
2014-09-01,10.399999618530272,10.399999618530272,10.399999618530272,10.399999618530272,7.010925769805908,10575495,0.0,0.0
2014-09-02,10.676190376281738,10.838094711303713,10.533332824707031,10.685713768005373,7.203535556793213,7281435,0.0,0.0
2014-09-03,10.75238037109375,11.066665649414062,10.69523811340332,10.923809051513672,7.364039421081543,5786340,0.0,0.0
2014-09-04,10.666666030883787,10.923809051513672,10.619047164916992,10.800000190734863,7.280576705932617,5520480,0.0,0.0
2014-09-05,10.580951690673828,10.704760551452637,10.380951881408691,10.590476036071776,7.139331817626953,5078955,0.0,0.0
2014-09-08,10.761903762817385,10.84761905670166,10.571428298950195,10.600000381469728,7.145751476287842,4691400,0.0,0.0
2014-09-09,10.69523811340332,10.69523811340332,10.447619438171388,10.476189613342283,7.062289237976074,2916795,0.0,0.0
2014-09-10,10.476189613342283,10.476189613342283,10.476189613342283,10.476189613342283,7.062289237976074,6165390,0.0,0.0
2014-09-11,10.409523010253906,10.54285717010498,10.333333015441896,10.409523010253906,7.017347812652588,4303110,0.0,0.0
2014-09-12,10.333333015441896,11.247618675231934,10.2380952835083,10.90476131439209,7.351200103759766,11947845,0.0,0.0
2014-09-15,10.90476131439209,11.2380952835083,10.80952262878418,11.076189994812012,7.466764450073242,8858010,0.0,0.0
2014-09-16,10.952380180358888,11.047618865966797,10.628570556640623,10.685713768005373,7.203535556793213,12511800,0.0,0.0
2014-09-17,10.80952262878418,10.885713577270508,10.495238304138184,10.638094902038574,7.171435356140137,7949970,0.0,0.0
2014-09-18,10.561903953552246,10.771428108215332,10.14285659790039,10.428570747375488,7.03018856048584,13373955,0.0,0.0
2014-09-19,10.333333015441896,10.419047355651855,10.095237731933594,10.14285659790039,6.837578773498535,8730015,0.0,0.0
2014-09-22,10.314285278320312,10.628570556640623,10.171427726745604,10.561903953552246,7.12006950378418,8890455,0.0,0.0
2014-09-23,10.552379608154297,10.69523811340332,10.371427536010742,10.571428298950195,7.126490592956543,4161990,0.0,0.0
2014-09-24,10.571428298950195,10.980952262878418,10.438095092773438,10.90476131439209,7.351200103759766,6764415,0.0,0.0
2014-09-25,10.742856979370115,11.14285659790039,10.742856979370115,10.838094711303713,7.306258201599121,5670945,0.0,0.0
2014-09-26,10.742856979370115,10.857142448425291,10.380951881408691,10.75238037109375,7.248475074768066,5986785,0.0,0.0
2014-09-29,10.771428108215332,11.14285659790039,10.628570556640623,11.038095474243164,7.441085815429687,5192145,0.0,0.0
2014-09-30,11.038095474243164,11.180952072143556,10.761903762817385,10.800000190734863,7.280576705932617,3476865,0.0,0.0
2014-10-01,10.723809242248535,10.800000190734863,10.438095092773438,10.561903953552246,7.12006950378418,4277070,0.0,0.0
2014-10-02,10.580951690673828,10.857142448425291,10.51428508758545,10.580951690673828,7.1329121589660645,4012995,0.0,0.0
2014-10-03,10.571428298950195,10.742856979370115,10.285714149475098,10.285714149475098,6.933884143829346,5106780,0.0,0.0
2014-10-06,10.285714149475098,10.533332824707031,10.133333206176758,10.466666221618652,7.055868625640869,6626655,0.0,0.0
2014-10-07,10.51428508758545,10.523809432983398,10.114285469055176,10.08571434020996,6.799057960510254,4499145,0.0,0.0
2014-10-08,10.161904335021973,10.171427726745604,9.838094711303713,9.876190185546877,6.689394950866699,6281835,0.047619,0.0
2014-10-09,9.923809051513672,10.104761123657228,9.866665840148926,9.90476131439209,6.708746910095215,6518610,0.0,0.0
2014-10-10,9.857142448425291,10.35237979888916,9.857142448425291,10.304760932922363,6.979676723480225,11918025,0.0,0.0
2014-10-13,10.457141876220703,10.666666030883787,10.2380952835083,10.466666221618652,7.089341163635254,6309765,0.0,0.0
2014-10-14,10.5047607421875,10.609522819519045,10.333333015441896,10.476189613342283,7.095790386199951,4665780,0.0,0.0
2014-10-15,10.580951690673828,10.600000381469728,10.0,10.0,6.773254871368408,5323290,0.0,0.0
2014-10-16,10.08571434020996,10.228570938110352,9.914284706115724,10.095237731933594,6.837761878967285,2640855,0.0,0.0
2014-10-17,10.08571434020996,10.466666221618652,10.047618865966797,10.380951881408691,7.031282901763916,6420960,0.0,0.0
2014-10-20,10.066665649414062,10.076189994812012,9.666666030883787,9.75238037109375,6.605535984039307,92401702,0.0,0.0
2014-10-21,9.761903762817385,9.876190185546877,9.647619247436523,9.65714168548584,6.541026592254639,47589279,0.0,0.0
2014-10-22,9.761903762817385,9.828571319580078,9.638094902038574,9.75238037109375,6.605535984039307,4498830,0.0,0.0
2014-10-23,9.857142448425291,9.857142448425291,9.495238304138184,9.600000381469728,6.50232458114624,3332280,0.0,0.0
2014-10-24,9.552379608154297,9.771428108215332,9.523809432983398,9.704760551452637,6.573281764984131,9730035,0.0,0.0
2014-10-27,9.704760551452637,9.84761905670166,9.304760932922363,9.39047622680664,6.360407829284668,4808265,0.0,0.0
2014-10-28,9.333333015441896,9.371427536010742,8.80952262878418,8.885713577270508,6.018519401550293,8615355,0.0,0.0
2014-10-29,8.914284706115723,9.08571434020996,8.69523811340332,8.723809242248535,5.908858299255371,5618130,0.0,0.0
2014-10-30,8.819046974182129,8.866665840148926,8.485713958740234,8.523809432983398,5.773394107818604,6103230,0.0,0.0
2014-10-31,8.552379608154297,8.628570556640625,7.895237922668457,7.914285182952881,5.360545635223389,13798995,0.0,0.0
2014-11-03,7.952380180358887,8.066665649414062,7.685713768005371,7.723808765411377,5.231533050537109,10887450,0.0,0.0
2014-11-04,7.647618770599365,8.419047355651855,7.485713958740234,8.219046592712402,5.566969871520996,14016450,0.0,0.0
2014-11-05,8.333333015441895,8.838094711303711,8.2380952835083,8.54285717010498,5.786295413970947,12551280,0.0,0.0
2014-11-06,8.723809242248535,9.019046783447266,8.676190376281738,8.733332633972168,5.915309906005859,8967315,0.0,0.0
2014-11-07,8.800000190734863,9.2380952835083,8.590476036071777,9.2380952835083,6.25719690322876,7628145,0.0,0.0
2014-11-10,9.219046592712402,9.2380952835083,8.838094711303711,8.923809051513672,6.044323444366455,6108900,0.0,0.0
2014-11-11,8.914284706115723,9.314285278320312,8.876190185546875,9.304760932922363,6.302351474761963,4298385,0.0,0.0
2014-11-12,9.333333015441896,9.333333015441896,8.876190185546875,8.914284706115723,6.037873268127441,2646420,0.0,0.0
2014-11-13,8.923809051513672,9.20952320098877,8.923809051513672,9.133333206176758,6.186239242553711,2236290,0.0,0.0
2014-11-14,9.199999809265137,9.304760932922363,9.05714225769043,9.123808860778809,6.179787635803223,6425685,0.0,0.0
2014-11-17,9.08571434020996,9.08571434020996,8.580951690673828,8.733332633972168,5.915309906005859,5497065,0.0,0.0
2014-11-18,8.609522819519043,8.638094902038574,8.190476417541504,8.333333015441895,5.644379615783691,6934830,0.0,0.0
2014-11-19,8.304760932922363,9.2380952835083,8.304760932922363,9.20952320098877,6.237843036651611,12899040,0.0,0.0
2014-11-20,9.476189613342283,9.93333339691162,9.447619438171388,9.885713577270508,6.695846080780029,17751510,0.0,0.0
2014-11-21,10.038095474243164,10.152379989624023,9.533332824707031,9.65714168548584,6.541026592254639,9029685,0.0,0.0
2014-11-24,9.65714168548584,9.65714168548584,9.199999809265137,9.219046592712402,6.244295120239258,7295925,0.0,0.0
2014-11-25,9.2380952835083,9.257142066955566,8.885713577270508,9.0,6.095927715301514,7195965,0.0,0.0
2014-11-26,9.019046783447266,9.304760932922363,8.666666030883789,8.742856979370117,5.921757698059082,7200270,0.0,0.0
2014-11-27,8.476189613342285,8.5047607421875,8.199999809265137,8.409523010253906,5.695984363555908,11833395,0.0,0.0
2014-11-28,8.285714149475098,8.704760551452637,8.285714149475098,8.552379608154297,5.792745113372803,9479505,0.0,0.0
2014-12-01,8.571428298950195,9.152379989624023,8.476189613342285,8.971427917480469,6.076578617095947,6508950,0.0,0.0
2014-12-02,8.942856788635254,9.123808860778809,8.36190414428711,8.580951690673828,5.812097072601318,6923070,0.0,0.0
2014-12-03,8.666666030883789,8.90476131439209,8.54285717010498,8.75238037109375,5.928210258483887,10621800,0.0,0.0
2014-12-04,8.90476131439209,8.942856788635254,8.399999618530273,8.704760551452637,5.895956039428711,12011895,0.0,0.0
2014-12-05,8.714284896850586,8.914284706115723,8.552379608154297,8.666666030883789,5.870154857635498,12628770,0.0,0.0
2014-12-08,8.619047164916992,8.619047164916992,8.447619438171387,8.5047607421875,5.760491847991943,8521485,0.0,0.0
2014-12-09,8.380951881408691,8.609522819519043,8.285714149475098,8.51428508758545,5.766943454742432,5354265,0.0,0.0
2014-12-10,8.495238304138184,8.54285717010498,8.104761123657227,8.371427536010742,5.670181274414063,7106400,0.0,0.0
2014-12-11,8.247618675231934,8.523809432983398,8.114285469055176,8.304760932922363,5.625025749206543,5901000,0.0,0.0
2014-12-12,8.333333015441895,8.714284896850586,8.333333015441895,8.51428508758545,5.766943454742432,8363880,0.0,0.0
2014-12-15,8.36190414428711,8.84761905670166,8.199999809265137,8.828571319580078,5.979816436767578,9034200,0.0,0.0
2014-12-16,8.761903762817383,9.20952320098877,8.704760551452637,9.028571128845217,6.115281105041504,8438640,0.0,0.0
2014-12-17,9.266666412353516,9.457141876220703,9.104761123657228,9.199999809265137,6.231393337249756,9051105,0.0,0.0
2014-12-18,9.180952072143556,9.409523010253906,9.019046783447266,9.104761123657228,6.166886329650879,5275935,0.0,0.0
2014-12-19,9.05714225769043,9.285714149475098,9.05714225769043,9.199999809265137,6.231393337249756,5381040,0.0,0.0
2014-12-22,9.095237731933594,9.323808670043944,8.828571319580078,9.304760932922363,6.302351474761963,4745055,0.0,0.0
2014-12-23,9.2380952835083,10.028571128845217,9.2380952835083,9.84761905670166,6.670045375823975,11551785,0.0,0.0
2014-12-29,9.666666030883787,9.923809051513672,9.266666412353516,9.285714149475098,6.289452075958252,8670690,0.0,0.0
2014-12-30,9.285714149475098,9.647619247436523,9.247618675231934,9.647619247436523,6.5345778465271,7361130,0.0,0.0
2015-01-02,9.619047164916992,9.800000190734863,9.257142066955566,9.371427536010742,6.347507953643799,6181245,0.0,0.0
2015-01-05,9.39047622680664,9.800000190734863,9.380951881408691,9.65714168548584,6.541026592254639,9122085,0.0,0.0
2015-01-06,9.723809242248535,9.99047565460205,9.723809242248535,9.790475845336914,6.631339550018311,5598285,0.0,0.0
2015-01-07,9.885713577270508,9.885713577270508,9.438095092773438,9.628570556640623,6.521677494049072,5624430,0.0,0.0
2015-01-08,9.666666030883787,9.84761905670166,9.54285717010498,9.69523811340332,6.566830635070801,5161380,0.0,0.0
2015-01-09,9.619047164916992,9.771428108215332,9.495238304138184,9.523809432983398,6.450719356536865,4786320,0.0,0.0
2015-01-12,9.628570556640623,9.733332633972168,9.51428508758545,9.609522819519045,6.508774280548096,3792600,0.0,0.0
2015-01-13,9.523809432983398,9.761903762817385,9.495238304138184,9.723809242248535,6.586185455322266,3512775,0.0,0.0
2015-01-14,9.523809432983398,9.761903762817385,9.409523010253906,9.704760551452637,6.573281764984131,5240130,0.0,0.0
2015-01-15,9.704760551452637,9.942856788635254,9.619047164916992,9.65714168548584,6.541026592254639,6993630,0.0,0.0
2015-01-16,9.609522819519045,9.714284896850586,9.304760932922363,9.333333015441896,6.321704864501953,6418860,0.0,0.0
2015-01-19,9.333333015441896,9.590476036071776,9.333333015441896,9.533332824707031,6.45716667175293,3792600,0.0,0.0
2015-01-20,9.51428508758545,10.114285469055176,9.51428508758545,9.96190357208252,6.747453212738037,14043855,0.0,0.0
2015-01-21,10.05714225769043,10.228570938110352,10.0,10.076189994812012,6.8248610496521,15879780,0.0,0.0
2015-01-22,10.076189994812012,10.219046592712402,9.800000190734863,10.219046592712402,6.921621322631836,7158375,0.0,0.0
2015-01-23,9.99047565460205,10.580951690673828,9.876190185546877,10.476189613342283,7.095790386199951,10214925,0.0,0.0
2015-01-26,10.428570747375488,10.78095245361328,10.285714149475098,10.380951881408691,7.031282901763916,15605730,0.0,0.0
2015-01-27,10.495238304138184,10.561903953552246,10.14285659790039,10.371427536010742,7.024832248687744,7427385,0.0,0.0
2015-01-28,10.523809432983398,10.609522819519045,10.180952072143556,10.323808670043944,6.992578983306885,7038780,0.0,0.0
2015-01-29,10.076189994812012,10.647619247436523,10.047618865966797,10.323808670043944,6.992578983306885,12276495,0.0,0.0
2015-01-30,10.552379608154297,10.552379608154297,10.047618865966797,10.2380952835083,6.934524059295654,10217340,0.0,0.0
2015-02-02,10.29523754119873,10.609522819519045,10.20952320098877,10.561903953552246,7.200735092163086,7719600,0.066667,0.0
2015-02-03,10.54285717010498,10.857142448425291,10.35237979888916,10.857142448425291,7.40201997756958,8823465,0.0,0.0
2015-02-04,10.771428108215332,10.895237922668455,10.552379608154297,10.628570556640623,7.246186256408691,7062510,0.0,0.0
2015-02-05,10.80952262878418,10.857142448425291,10.438095092773438,10.51428508758545,7.168271064758301,10364865,0.0,0.0
2015-02-06,10.65714168548584,10.666666030883787,10.447619438171388,10.571428298950195,7.207231044769287,4718175,0.0,0.0
2015-02-09,10.580951690673828,10.580951690673828,10.14285659790039,10.39047622680664,7.083864212036133,5124105,0.0,0.0
2015-02-10,10.466666221618652,10.666666030883787,10.380951881408691,10.590476036071776,7.220214366912842,9749775,0.0,0.0
2015-02-11,10.533332824707031,10.571428298950195,10.304760932922363,10.304760932922363,7.025425910949707,6835185,0.0,0.0
2015-02-12,10.342857360839844,10.342857360839844,9.380951881408691,9.485713958740234,6.4670281410217285,31366545,0.0,0.0
2015-02-13,9.54285717010498,9.942856788635254,9.476189613342283,9.84761905670166,6.71376371383667,11289390,0.0,0.0
2015-02-16,9.666666030883787,9.828571319580078,9.571428298950195,9.619047164916992,6.557929039001465,8301615,0.0,0.0
2015-02-17,9.69523811340332,9.895237922668455,9.69523811340332,9.714284896850586,6.622857570648193,8143485,0.0,0.0
2015-02-18,9.761903762817385,9.84761905670166,9.495238304138184,9.561903953552246,6.518971920013428,10774575,0.0,0.0
2015-02-19,9.523809432983398,9.600000381469728,9.399999618530272,9.523809432983398,6.493000507354736,8893710,0.0,0.0
2015-02-20,9.51428508758545,9.628570556640623,9.342857360839844,9.419047355651855,6.421576023101807,8483475,0.0,0.0
2015-02-23,9.51428508758545,9.523809432983398,9.180952072143556,9.199999809265137,6.272238254547119,8232315,0.0,0.0
2015-02-24,9.2380952835083,9.447619438171388,9.152379989624023,9.2380952835083,6.298209190368652,6370875,0.0,0.0
2015-02-25,9.247618675231934,9.36190414428711,9.076189994812012,9.133333206176758,6.226785182952881,4134585,0.0,0.0
2015-02-26,9.161904335021973,9.2380952835083,9.08571434020996,9.2380952835083,6.298209190368652,3910200,0.0,0.0
2015-02-27,9.257142066955566,9.409523010253906,9.171427726745604,9.29523754119873,6.337166786193848,5066250,0.0,0.0
2015-03-02,9.371427536010742,9.723809242248535,9.371427536010742,9.523809432983398,6.493000507354736,7572600,0.0,0.0
2015-03-03,9.561903953552246,9.647619247436523,9.104761123657228,9.190476417541504,6.265744209289551,8811600,0.0,0.0
2015-03-04,9.104761123657228,9.104761123657228,8.723809242248535,8.800000190734863,5.999530792236328,9461655,0.0,0.0
2015-03-05,8.84761905670166,9.104761123657228,8.800000190734863,8.952380180358887,6.103420257568359,6000645,0.0,0.0
2015-03-06,9.076189994812012,9.380951881408691,9.028571128845217,9.285714149475098,6.330674171447754,7327110,0.0,0.0
2015-03-09,9.276189804077148,9.819046974182127,9.199999809265137,9.75238037109375,6.648829936981201,9151590,0.0,0.0
2015-03-10,9.895237922668455,10.133333206176758,9.895237922668455,10.0,6.817649841308594,9380910,0.0,0.0
2015-03-11,10.05714225769043,10.323808670043944,9.628570556640623,9.666666030883787,6.590394496917725,6921600,0.0,0.0
2015-03-12,9.638094902038574,9.838094711303713,9.466666221618652,9.628570556640623,6.5644211769104,6406575,0.0,0.0
2015-03-13,9.523809432983398,9.561903953552246,9.323808670043944,9.447619438171388,6.4410576820373535,4946340,0.0,0.0
2015-03-16,9.342857360839844,9.628570556640623,9.266666412353516,9.54285717010498,6.505986213684082,5407815,0.0,0.0
2015-03-17,9.69523811340332,9.980952262878418,9.638094902038574,9.876190185546877,6.733239650726318,5213145,0.0,0.0
2015-03-18,9.790475845336914,10.333333015441896,9.790475845336914,10.123808860778809,6.902057647705078,8005830,0.0,0.0
2015-03-19,10.123808860778809,10.228570938110352,9.742856979370115,9.742856979370115,6.642337799072266,7886025,0.0,0.0
2015-03-20,9.647619247436523,9.75238037109375,9.419047355651855,9.552379608154297,6.512475967407227,4300905,0.0,0.0
2015-03-23,9.704760551452637,10.019046783447266,9.571428298950195,9.857142448425291,6.720253467559815,11315010,0.0,0.0
2015-03-24,9.876190185546877,10.161904335021973,9.80952262878418,9.952380180358888,6.785182476043701,6393240,0.0,0.0
2015-03-25,9.876190185546877,10.047618865966797,9.600000381469728,9.638094902038574,6.570913314819336,6691020,0.0,0.0
2015-03-26,9.666666030883787,9.69523811340332,9.276189804077148,9.447619438171388,6.4410576820373535,10078005,0.0,0.0
2015-03-27,9.5047607421875,9.580951690673828,9.314285278320312,9.523809432983398,6.493000507354736,8410920,0.0,0.0
2015-03-30,9.5047607421875,9.609522819519045,9.438095092773438,9.523809432983398,6.493000507354736,4361070,0.0,0.0
2015-03-31,9.600000381469728,9.600000381469728,9.247618675231934,9.29523754119873,6.337166786193848,7869015,0.0,0.0
2015-04-01,9.285714149475098,9.29523754119873,8.933333396911621,9.009523391723633,6.142378330230713,6148380,0.0,0.0
2015-04-07,8.971427917480469,9.104761123657228,8.84761905670166,8.942856788635254,6.096926212310791,6839700,0.0,0.0
2015-04-08,8.923809051513672,9.047618865966797,8.80952262878418,9.028571128845217,6.155363082885742,5347860,0.0,0.0
2015-04-09,9.028571128845217,9.095237731933594,8.742856979370117,8.75238037109375,6.005073070526123,9167235,0.057143,0.0
2015-04-10,8.742856979370117,8.885713577270508,8.666666030883789,8.761903762817383,6.011606216430664,3069150,0.0,0.0
2015-04-13,8.780952453613281,8.780952453613281,8.51428508758545,8.561903953552246,5.874387264251709,9343635,0.0,0.0
2015-04-14,8.571428298950195,8.733332633972168,8.399999618530273,8.638094902038574,5.926660060882568,7730415,0.0,0.0
2015-04-15,8.523809432983398,8.619047164916992,8.36190414428711,8.476189613342285,5.815577983856201,11245395,0.0,0.0
2015-04-16,8.571428298950195,8.609522819519043,8.190476417541504,8.199999809265137,5.626079559326172,12226305,0.0,0.0
2015-04-17,8.29523754119873,8.495238304138184,8.257142066955566,8.485713958740234,5.822111129760742,7516845,0.0,0.0
2015-04-20,8.5047607421875,8.704760551452637,8.495238304138184,8.609522819519043,5.9070587158203125,6694800,0.0,0.0
2015-04-21,8.628570556640625,8.69523811340332,8.428570747375488,8.466666221618652,5.809041500091553,5854065,0.0,0.0
2015-04-22,8.371427536010742,8.466666221618652,8.228570938110352,8.247618675231934,5.658751964569092,4957260,0.0,0.0
2015-04-23,8.304760932922363,8.304760932922363,8.104761123657227,8.161904335021973,5.599942684173584,7975170,0.0,0.0
2015-04-24,8.190476417541504,8.399999618530273,8.133333206176758,8.199999809265137,5.626079559326172,8639190,0.0,0.0
2015-04-27,8.29523754119873,8.428570747375488,7.942856788635254,8.076189994812012,5.541132926940918,9070845,0.0,0.0
2015-04-28,8.114285469055176,8.314285278320312,7.971427917480469,8.285714149475098,5.6848907470703125,8335215,0.0,0.0
2015-04-29,8.247618675231934,8.276189804077148,8.123808860778809,8.161904335021973,5.599942684173584,9000915,0.0,0.0
2015-04-30,8.123808860778809,8.123808860778809,8.0,8.066665649414062,5.534599781036377,4036935,0.0,0.0
2015-05-04,8.076189994812012,8.095237731933594,7.790475845336914,7.819046974182129,5.364706516265869,8115555,0.0,0.0
2015-05-05,7.800000190734863,7.809523105621338,7.52380895614624,7.552380084991455,5.18174409866333,9362220,0.0,0.0
2015-05-06,7.619047164916992,7.761903762817383,7.533332824707031,7.685713768005371,5.273225784301758,7248360,0.0,0.0
2015-05-07,7.628571033477783,7.790475845336914,7.580952167510986,7.761903762817383,5.325500011444092,6479025,0.0,0.0
2015-05-08,7.809523105621338,7.857141971588135,7.609522819519043,7.628571033477783,5.234018325805664,7531230,0.0,0.0
2015-05-11,7.723808765411377,7.723808765411377,7.514285087585449,7.514285087585449,5.155607223510742,6376965,0.0,0.0
2015-05-12,7.571427822113037,7.571427822113037,7.180952072143555,7.228570938110352,4.95957612991333,11081595,0.0,0.0
2015-05-13,7.199999809265137,7.266665935516357,7.095238208770752,7.180952072143555,4.926904678344727,8926995,0.0,0.0
2015-05-15,7.2095232009887695,7.3333330154418945,7.180952072143555,7.3333330154418945,5.031453609466553,5551455,0.0,0.0
2015-05-18,7.190475940704346,7.4285712242126465,7.152379989624023,7.419046878814697,5.0902628898620605,9187710,0.0,0.0
2015-05-19,7.4285712242126465,7.476190090179443,7.057141780853272,7.133333206176758,4.894234657287598,8931300,0.0,0.0
2015-05-20,7.171428203582764,7.199999809265137,6.800000190734863,6.857141971588135,4.704736232757568,9684255,0.0,0.0
2015-05-21,6.857141971588135,6.857141971588135,6.533332824707031,6.561903953552246,4.502171039581299,13720455,0.0,0.0
2015-05-22,6.514285087585449,6.5428571701049805,6.323809146881104,6.3428568840026855,4.3518805503845215,7061565,0.0,0.0
2015-05-26,6.276189804077148,6.666666030883789,6.2190470695495605,6.52380895614624,4.476033687591553,9236745,0.0,0.0
2015-05-27,6.514285087585449,6.723808765411377,6.3714280128479,6.704761028289795,4.600185394287109,16256835,0.0,0.0
2015-05-28,6.571427822113037,6.780951976776123,6.4476189613342285,6.514285087585449,4.469499111175537,10125255,0.0,0.0
2015-05-29,6.714284896850586,6.733333110809326,6.390476226806641,6.419046878814697,4.404155254364014,10665375,0.0,0.0
2015-06-01,6.457141876220703,6.809523105621338,6.257142066955566,6.704761028289795,4.600185394287109,12527340,0.0,0.0
2015-06-02,6.380951881408691,6.495237827301025,6.114284992218018,6.199999809265137,4.253866195678711,23811900,0.0,0.0
2015-06-03,6.199999809265137,6.400000095367432,6.114284992218018,6.199999809265137,4.253866195678711,12416775,0.0,0.0
2015-06-04,6.295238018035889,6.35237979888916,6.161903858184815,6.2095232009887695,4.26039981842041,10021620,0.0,0.0
2015-06-05,6.257142066955566,6.276189804077148,5.895237922668457,5.961904048919678,4.090506076812744,11466630,0.0,0.0
2015-06-08,5.971427917480469,6.057141780853272,5.780951976776123,5.800000190734863,3.9794228076934814,9869055,0.0,0.0
2015-06-09,5.838095188140869,6.066666126251221,5.723808765411377,5.885714054107666,4.038231372833252,12677280,0.0,0.0
2015-06-10,5.752379894256592,5.790475845336914,5.533332824707031,5.571427822113037,3.822598218917847,9733710,0.0,0.0
2015-06-11,5.599999904632568,5.809523105621338,5.580952167510986,5.723808765411377,3.927147626876831,8689800,0.0,0.0
2015-06-12,5.857141971588135,5.876190185546875,5.5428571701049805,5.561903953552246,3.816062450408936,8555295,0.0,0.0
2015-06-15,5.495237827301025,5.638094902038574,5.295238018035889,5.35237979888916,3.672306776046753,8044470,0.0,0.0
2015-06-16,5.419046878814697,5.714284896850586,5.380951881408691,5.69523811340332,3.9075446128845215,8888145,0.0,0.0
2015-06-17,5.628571033477783,5.704761028289795,5.533332824707031,5.67618989944458,3.894475698471069,6992895,0.0,0.0
2015-06-18,5.771428108215332,5.82857084274292,5.466666221618652,5.52380895614624,3.789926052093506,7068285,0.0,0.0
2015-06-19,5.514285087585449,5.67618989944458,5.4380950927734375,5.609522819519043,3.848734855651856,5344290,0.0,0.0
2015-06-22,5.571427822113037,5.742856979370117,5.5428571701049805,5.609522819519043,3.848734855651856,4565085,0.0,0.0
2015-06-23,5.657142162322998,5.790475845336914,5.638094902038574,5.771428108215332,3.959818840026856,6179985,0.0,0.0
2015-06-24,5.82857084274292,6.133333206176758,5.790475845336914,5.942856788635254,4.077436923980713,9609495,0.0,0.0
2015-06-25,5.876190185546875,6.104761123657227,5.838095188140869,5.904760837554932,4.051300525665283,8958390,0.0,0.0
2015-06-26,5.857141971588135,5.904760837554932,5.685713768005371,5.723808765411377,3.927147626876831,6237105,0.0,0.0
2015-06-29,5.761903762817383,5.82857084274292,5.552380084991455,5.742856979370117,3.940217256546021,6571215,0.0,0.0
2015-06-30,5.657142162322998,5.685713768005371,5.514285087585449,5.685713768005371,3.901009798049927,8573250,0.0,0.0
2015-07-01,5.580952167510986,5.69523811340332,5.428571224212647,5.533332824707031,3.7964601516723633,11041695,0.0,0.0
2015-07-02,5.552380084991455,5.619047164916992,5.323809146881104,5.409523010253906,3.711512804031372,8407455,0.0,0.0
2015-07-03,5.4476189613342285,5.485713958740234,5.333333015441895,5.333333015441895,3.6592397689819336,4625565,0.0,0.0
2015-07-06,5.295238018035889,5.5428571701049805,5.285714149475098,5.457141876220703,3.744185447692871,8053710,0.0,0.0
2015-07-07,5.4476189613342285,5.52380895614624,5.35237979888916,5.35237979888916,3.672306776046753,9747465,0.0,0.0
2015-07-08,5.400000095367432,5.400000095367432,5.142857074737549,5.161903858184815,3.54162073135376,12463185,0.0,0.0
2015-07-09,5.095238208770752,5.238094806671143,5.009522914886475,5.038094997406006,3.4566752910614014,7132335,0.0,0.0
2015-07-10,5.0,5.038094997406006,4.885714054107666,4.914285182952881,3.37172794342041,6420855,0.0,0.0
2015-07-13,4.504761219024658,4.733333110809326,4.4476189613342285,4.599999904632568,3.156094074249268,10639335,0.0,0.0
2015-07-14,4.723808765411377,4.723808765411377,4.314284801483154,4.314284801483154,2.9910264015197754,10873590,0.047619,0.0
2015-07-15,4.409523010253906,4.67618989944458,4.228570938110352,4.647618770599365,3.222120523452759,13608945,0.0,0.0
2015-07-16,4.714284896850586,5.2095232009887695,4.714284896850586,5.199999809265137,3.605077981948853,14627235,0.0,0.0
2015-07-17,5.047618865966797,5.285714149475098,4.961904048919678,5.038094997406006,3.4928324222564697,9402015,0.0,0.0
2015-07-20,4.790475845336914,5.066666126251221,4.790475845336914,5.0,3.466421127319336,10229940,0.0,0.0
2015-07-21,4.800000190734863,5.323809146881104,4.780951976776123,5.2095232009887695,3.611680030822754,11900700,0.0,0.0
2015-07-22,5.247619152069092,5.733333110809326,5.238094806671143,5.733333110809326,3.974829435348511,14739165,0.0,0.0
2015-07-23,5.771428108215332,5.952380180358887,5.514285087585449,5.647618770599365,3.915404796600342,11415180,0.0,0.0
2015-07-24,5.5428571701049805,5.819046974182129,5.485713958740234,5.780951976776123,4.007842063903809,8627430,0.0,0.0
2015-07-27,5.914285182952881,6.057141780853272,5.809523105621338,5.971427917480469,4.139897346496582,10400565,0.0,0.0
2015-07-28,6.247619152069092,6.266665935516357,5.914285182952881,5.942856788635254,4.120088577270508,9087330,0.0,0.0
2015-07-29,5.647618770599365,6.400000095367432,5.647618770599365,6.400000095367432,4.437019348144531,14282310,0.0,0.0
2015-07-30,6.409523010253906,6.599999904632568,6.2095232009887695,6.361904144287109,4.41060733795166,9965970,0.0,0.0
2015-07-31,6.380951881408691,6.514285087585449,5.819046974182129,6.0,4.159705638885498,10585050,0.0,0.0
2015-08-03,5.971427917480469,6.228570938110352,5.714284896850586,6.076189994812012,4.212526798248291,9279585,0.0,0.0
2015-08-04,6.161903858184815,6.276189804077148,6.076189994812012,6.171428203582764,4.278554916381836,8245650,0.0,0.0
2015-08-05,6.095238208770752,6.314284801483154,6.028571128845215,6.161903858184815,4.271951198577881,9553950,0.0,0.0
2015-08-06,6.123808860778809,6.266665935516357,5.819046974182129,6.085713863372803,4.21912956237793,16025625,0.0,0.0
2015-08-07,6.047618865966797,6.161903858184815,5.923809051513672,5.923809051513672,4.106883525848389,7441140,0.0,0.0
2015-08-10,5.780951976776123,5.923809051513672,5.733333110809326,5.82857084274292,4.040857315063477,9012990,0.0,0.0
2015-08-11,5.809523105621338,5.876190185546875,5.580952167510986,5.619047164916992,3.895598888397217,11863215,0.0,0.0
2015-08-12,5.400000095367432,5.990476131439209,5.333333015441895,5.809523105621338,4.027650833129883,11470200,0.0,0.0
2015-08-13,5.923809051513672,6.028571128845215,5.69523811340332,5.819046974182129,4.0342535972595215,7092750,0.0,0.0
2015-08-14,5.723808765411377,5.82857084274292,5.590476036071777,5.599999904632568,3.882392644882202,4924500,0.0,0.0
2015-08-17,5.580952167510986,5.771428108215332,5.390476226806641,5.409523010253906,3.750335693359375,10311735,0.0,0.0
2015-08-18,5.571427822113037,5.590476036071777,5.019046783447266,5.2095232009887695,3.611680030822754,24508995,0.0,0.0
2015-08-19,5.276189804077148,5.361904144287109,5.047618865966797,5.190475940704346,3.598475217819214,14019180,0.0,0.0
2015-08-20,5.095238208770752,5.4380950927734375,5.057141780853272,5.390476226806641,3.737131595611572,9138885,0.0,0.0
2015-08-21,5.4476189613342285,5.704761028289795,5.380951881408691,5.67618989944458,3.935213327407837,7476945,0.0,0.0
2015-08-24,5.666666030883789,5.857141971588135,5.599999904632568,5.723808765411377,3.968226909637451,6818280,0.0,0.0
2015-08-25,5.876190185546875,6.228570938110352,5.876190185546875,6.123808860778809,4.245541095733643,12304110,0.0,0.0
2015-08-26,6.180952072143555,6.457141876220703,6.057141780853272,6.35237979888916,4.404004096984863,8842575,0.0,0.0
2015-08-27,6.409523010253906,6.552380084991455,6.390476226806641,6.390476226806641,4.430416584014893,8336790,0.0,0.0
2015-08-28,6.2095232009887695,6.257142066955566,5.933332920074463,6.0,4.159705638885498,9141195,0.0,0.0
2015-08-31,5.961904048919678,6.171428203582764,5.923809051513672,6.009522914886475,4.166306972503662,13063995,0.0,0.0
2015-09-01,6.095238208770752,6.2095232009887695,5.866665840148926,6.085713863372803,4.21912956237793,6698475,0.0,0.0
2015-09-02,6.114284992218018,6.180952072143555,5.904760837554932,5.904760837554932,4.093677043914795,7451115,0.0,0.0
2015-09-03,5.961904048919678,5.98095178604126,5.723808765411377,5.819046974182129,4.0342535972595215,8645280,0.0,0.0
2015-09-04,5.819046974182129,5.904760837554932,5.714284896850586,5.780951976776123,4.007842063903809,6321420,0.0,0.0
2015-09-07,5.771428108215332,6.057141780853272,5.771428108215332,5.933332920074463,4.1134867668151855,7800450,0.0,0.0
2015-09-08,5.942856788635254,6.038094997406006,5.723808765411377,5.723808765411377,3.968226909637451,10952970,0.0,0.0
2015-09-09,5.82857084274292,5.895237922668457,5.485713958740234,5.485713958740234,3.80315899848938,11481330,0.0,0.0
2015-09-10,5.552380084991455,5.599999904632568,5.390476226806641,5.4380950927734375,3.7701451778411865,4060560,0.0,0.0
2015-09-11,5.466666221618652,5.514285087585449,5.361904144287109,5.3714280128479,3.723926544189453,6521445,0.0,0.0
2015-09-14,5.3714280128479,5.390476226806641,5.35237979888916,5.3714280128479,3.723926544189453,520695,0.0,0.0
2015-09-15,5.285714149475098,5.628571033477783,5.171428203582764,5.171428203582764,3.5852696895599365,15960525,0.0,0.0
2015-09-16,5.171428203582764,5.323809146881104,5.104761123657227,5.171428203582764,3.5852696895599365,6556725,0.0,0.0
2015-09-17,5.257142066955566,5.714284896850586,5.257142066955566,5.599999904632568,3.882392644882202,12826065,0.0,0.0
2015-09-18,5.67618989944458,5.771428108215332,5.390476226806641,5.409523010253906,3.750335693359375,11077920,0.0,0.0
2015-09-21,5.390476226806641,5.609522819519043,5.3428568840026855,5.514285087585449,3.822967529296875,5970930,0.0,0.0
2015-09-22,5.514285087585449,5.533332824707031,5.285714149475098,5.390476226806641,3.737131595611572,10026030,0.0,0.0
2015-09-23,5.35237979888916,5.476190090179443,5.295238018035889,5.295238018035889,3.671104669570923,7048650,0.0,0.0
2015-09-24,5.276189804077148,5.333333015441895,5.2095232009887695,5.285714149475098,3.691056728363037,5545785,0.038095,0.0
2015-09-25,5.380951881408691,5.466666221618652,5.285714149475098,5.295238018035889,3.697706699371338,7900095,0.0,0.0
2015-09-28,5.35237979888916,5.35237979888916,4.971427917480469,4.98095178604126,3.4782395362854004,16301355,0.0,0.0
2015-09-29,4.933332920074463,5.123808860778809,4.866665840148926,4.98095178604126,3.4782395362854004,13371330,0.0,0.0
2015-09-30,5.009522914886475,5.095238208770752,4.800000190734863,4.800000190734863,3.351877927780152,10246215,0.0,0.0
2015-10-01,4.857141971588135,5.085713863372803,4.571427822113037,5.019046783447266,3.50484037399292,22085070,0.0,0.0
2015-10-02,5.199999809265137,5.5428571701049805,5.066666126251221,5.095238208770752,3.5580453872680664,27637575,0.0,0.0
2015-10-05,5.2190470695495605,5.571427822113037,5.161903858184815,5.561903953552246,3.883922576904297,20849850,0.0,0.0
2015-10-06,5.580952167510986,5.733333110809326,5.428571224212647,5.476190090179443,3.824067354202272,15585045,0.0,0.0
2015-10-07,5.457141876220703,5.876190185546875,5.400000095367432,5.838095188140869,4.076788902282715,13425510,0.0,0.0
2015-10-08,5.761903762817383,6.142857074737549,5.714284896850586,5.952380180358887,4.156595230102539,13148415,0.0,0.0
2015-10-09,5.98095178604126,6.142857074737549,5.800000190734863,5.809523105621338,4.056836128234863,6458340,0.0,0.0
2015-10-12,5.761903762817383,5.895237922668457,5.666666030883789,5.742856979370117,4.010283470153809,9986760,0.0,0.0
2015-10-13,5.714284896850586,5.933332920074463,5.628571033477783,5.809523105621338,4.056836128234863,14452095,0.0,0.0
2015-10-14,5.866665840148926,5.942856788635254,5.638094902038574,5.638094902038574,3.937126636505127,11349555,0.0,0.0
2015-10-15,5.714284896850586,5.752379894256592,5.400000095367432,5.638094902038574,3.937126636505127,16161075,0.0,0.0
2015-10-16,5.876190185546875,5.914285182952881,5.599999904632568,5.733333110809326,4.003632545471191,9030525,0.0,0.0
2015-10-19,5.704761028289795,5.714284896850586,5.161903858184815,5.180952072143555,3.617900848388672,15408750,0.0,0.0
2015-10-20,5.228570938110352,5.35237979888916,4.971427917480469,5.047618865966797,3.5247933864593506,8005095,0.0,0.0
2015-10-21,5.047618865966797,5.047618865966797,4.742856979370117,4.752379894256592,3.318624973297119,8230740,0.0,0.0
2015-10-22,4.866665840148926,4.98095178604126,4.704761028289795,4.704761028289795,3.2853732109069824,10133760,0.0,0.0
2015-10-23,4.704761028289795,4.819046974182129,4.628571033477783,4.761903762817383,3.325275421142578,7764225,0.0,0.0
2015-10-26,4.733333110809326,4.790475845336914,4.599999904632568,4.657142162322998,3.252118825912476,7723905,0.0,0.0
2015-10-27,4.657142162322998,4.685713768005371,4.476190090179443,4.609522819519043,3.2188663482666016,6215055,0.0,0.0
2015-10-28,4.657142162322998,4.780951976776123,4.628571033477783,4.666666030883789,3.258770227432251,5473020,0.0,0.0
2015-10-29,4.638094902038574,4.723808765411377,4.580952167510986,4.638094902038574,3.238819122314453,5873910,0.0,0.0
2015-10-30,4.704761028289795,4.819046974182129,4.619047164916992,4.619047164916992,3.225517988204956,6550845,0.0,0.0
2015-11-02,4.52380895614624,4.69523811340332,4.514285087585449,4.69523811340332,3.2787225246429443,10007760,0.0,0.0
2015-11-03,4.733333110809326,4.866665840148926,4.428571224212647,4.428571224212647,3.092507123947144,11670750,0.0,0.0
2015-11-04,4.485713958740234,4.590476036071777,4.4380950927734375,4.495237827301025,3.1390602588653564,8232210,0.0,0.0
2015-11-05,4.647618770599365,4.67618989944458,4.571427822113037,4.599999904632568,3.212216854095459,5589570,0.0,0.0
2015-11-06,4.590476036071777,4.685713768005371,4.476190090179443,4.533332824707031,3.1656627655029297,3976875,0.0,0.0
2015-11-09,4.5428571701049805,4.580952167510986,4.419046878814697,4.419046878814697,3.085856437683105,4167240,0.0,0.0
2015-11-10,4.409523010253906,4.533332824707031,4.380951881408691,4.428571224212647,3.092507123947144,5445300,0.0,0.0
2015-11-11,4.380951881408691,4.4476189613342285,4.295238018035889,4.323809146881104,3.019351005554199,5311530,0.0,0.0
2015-11-12,4.333333015441895,4.390476226806641,4.123808860778809,4.123808860778809,2.879688262939453,7231770,0.0,0.0
2015-11-13,4.123808860778809,4.123808860778809,3.790476083755493,3.790476083755493,2.6469202041625977,10758090,0.0,0.0
2015-11-16,3.714284896850586,3.714284896850586,3.52380895614624,3.619046926498413,2.527209520339966,12898515,0.0,0.0
2015-11-17,3.733333110809326,3.857141971588135,3.704761028289795,3.742856979370117,2.6136674880981445,11227020,0.0,0.0
2015-11-18,3.714284896850586,3.904761075973511,3.5999999046325684,3.5999999046325684,2.513908624649048,10473330,0.0,0.0
2015-11-19,3.638094902038574,3.68571400642395,3.4095230102539062,3.4952380657196045,2.440753221511841,10383240,0.0,0.0
2015-11-20,3.5809519290924072,3.619046926498413,3.2571420669555664,3.2666659355163574,2.2811388969421387,13107150,0.0,0.0
2015-11-23,3.2476189136505127,3.400000095367432,3.171427965164185,3.3619039058685303,2.347644805908203,9590490,0.0,0.0
2015-11-24,3.2380950450897217,3.304760932922364,3.2095229625701904,3.2857139110565186,2.294440507888794,6672015,0.0,0.0
2015-11-25,3.2666659355163574,3.3714280128479004,3.2476189136505127,3.35238003730774,2.340993881225586,4199055,0.0,0.0
2015-11-26,3.476190090179444,3.514285087585449,3.2761900424957275,3.2761900424957275,2.287790060043335,6275325,0.0,0.0
2015-11-27,3.2095229625701904,3.2857139110565186,3.142857074737549,3.2380950450897217,2.2611875534057617,7170660,0.0,0.0
2015-11-30,3.2380950450897217,3.3714280128479004,3.1523799896240234,3.1523799896240234,2.2013325691223145,8590995,0.0,0.0
2015-12-01,3.228570938110352,3.3142850399017334,3.1619040966033936,3.1619040966033936,2.2079832553863525,10834845,0.0,0.0
2015-12-02,3.1333329677581787,3.1904759407043457,3.076189994812012,3.123809099197388,2.1813805103302,4225305,0.0,0.0
2015-12-03,3.1333329677581787,3.2476189136505127,3.1142849922180176,3.200000047683716,2.234585762023926,7035840,0.0,0.0
2015-12-04,3.2476189136505127,3.2857139110565186,3.142857074737549,3.2476189136505127,2.267838478088379,7295085,0.0,0.0
2015-12-07,3.2952380180358887,3.4857139587402344,3.2761900424957275,3.4285709857940674,2.3941988945007324,15555120,0.0,0.0
2015-12-08,3.476190090179444,3.638094902038574,3.390475988388061,3.619046926498413,2.527209520339966,14164185,0.0,0.0
2015-12-09,3.552380084991455,3.866666078567505,3.52380895614624,3.571428060531616,2.4939568042755127,15137745,0.0,0.0
2015-12-10,3.67618989944458,3.69523811340332,3.4952380657196045,3.5428569316864014,2.4740052223205566,11751810,0.0,0.0
2015-12-11,3.628571033477783,4.047618865966797,3.628571033477783,3.9142849445343018,2.7333765029907227,18830490,0.0,0.0
2015-12-14,4.057141780853272,4.171428203582764,3.952379941940308,3.980952024459839,2.779930830001831,11845680,0.0,0.0
2015-12-15,3.857141971588135,4.066666126251221,3.780951976776123,4.009522914886475,2.799882173538208,5852385,0.0,0.0
2015-12-16,3.9142849445343018,3.99047589302063,3.52380895614624,3.5428569316864014,2.4740052223205566,16820475,0.0,0.0
2015-12-17,3.657141923904419,3.714284896850586,3.552380084991455,3.571428060531616,2.4939568042755127,10731525,0.0,0.0
2015-12-18,3.714284896850586,3.742856979370117,3.609523057937622,3.609523057937622,2.520558834075928,4586715,0.0,0.0
2015-12-21,3.638094902038574,3.9619040489196777,3.619046926498413,3.904761075973511,2.7267262935638428,12774510,0.0,0.0
2015-12-22,3.9619040489196777,4.285714149475098,3.923809051513672,4.019046783447266,2.806533098220825,18712470,0.0,0.0
2015-12-23,4.047618865966797,4.133333206176758,3.885714054107666,3.895237922668457,2.720075845718384,12254655,0.0,0.0
2015-12-28,3.857141971588135,4.0,3.780951976776123,3.895237922668457,2.720075845718384,8324925,0.0,0.0
2015-12-29,4.047618865966797,4.076189994812012,3.933332920074463,3.933332920074463,2.746677875518799,20399085,0.0,0.0
2015-12-30,3.933332920074463,4.028571128845215,3.69523811340332,3.704761028289795,2.587064027786255,16640715,0.0,0.0
2016-01-04,3.619046926498413,3.666666030883789,3.52380895614624,3.5904760360717773,2.507258176803589,19307400,0.0,0.0
2016-01-05,3.2761900424957275,3.4476189613342285,3.2476189136505127,3.4190471172332764,2.3875479698181152,30262050,0.0,0.0
2016-01-06,3.52380895614624,3.5904760360717773,3.3238089084625244,3.3238089084625244,2.321042537689209,12789945,0.0,0.0
2016-01-07,3.3619039058685303,3.4571421146392822,3.3238089084625244,3.3619039058685303,2.347644805908203,13201545,0.0,0.0
2016-01-08,3.4476189613342285,3.5428569316864014,3.400000095367432,3.4285709857940674,2.3941988945007324,19713225,0.0,0.0
2016-01-11,3.4476189613342285,3.628571033477783,3.4285709857940674,3.571428060531616,2.4939568042755127,22875405,0.0,0.0
2016-01-12,3.609523057937622,3.933332920074463,3.609523057937622,3.84761905670166,2.6868231296539307,36701595,0.0,0.0
2016-01-13,4.133333206176758,4.714284896850586,4.0,4.466666221618652,3.1191091537475586,41600265,0.0,0.0
2016-01-14,4.628571033477783,4.82857084274292,4.504761219024658,4.714284896850586,3.292023181915283,32973990,0.0,0.0
2016-01-15,4.628571033477783,4.790475845336914,4.4380950927734375,4.590476036071777,3.205566644668579,23405550,0.0,0.0
2016-01-18,4.723808765411377,4.923809051513672,4.599999904632568,4.666666030883789,3.258770227432251,25880085,0.0,0.0
2016-01-19,4.866665840148926,5.161903858184815,4.733333110809326,5.114284992218018,3.5713462829589844,24863475,0.0,0.0
2016-01-20,5.142857074737549,5.228570938110352,4.819046974182129,4.885714054107666,3.4117331504821777,20082090,0.0,0.0
2016-01-21,5.0,5.228570938110352,4.857141971588135,5.028571128845215,3.511492252349853,20746635,0.0,0.0
2016-01-22,4.742856979370117,4.752379894256592,4.333333015441895,4.52380895614624,3.15901255607605,18710055,0.0,0.0
2016-01-25,4.476190090179443,4.819046974182129,4.304760932922363,4.761903762817383,3.325275421142578,19900755,0.0,0.0
2016-01-26,5.142857074737549,5.304760932922363,4.990476131439209,5.228570938110352,3.651153564453125,19776750,0.0,0.0
2016-01-27,5.323809146881104,5.571427822113037,5.266665935516357,5.571427822113037,3.890573501586914,17682420,0.0,0.0
2016-01-28,5.580952167510986,5.780951976776123,5.476190090179443,5.571427822113037,3.890573501586914,11593470,0.0,0.0
2016-01-29,5.552380084991455,6.028571128845215,5.495237827301025,5.923809051513672,4.136643409729004,15371580,0.0,0.0
2016-02-01,5.723808765411377,6.009522914886475,5.52380895614624,5.552380084991455,3.8772714138031006,16935660,0.0,0.0
2016-02-02,5.400000095367432,5.800000190734863,5.266665935516357,5.69523811340332,3.977030515670776,15833475,0.0,0.0
2016-02-03,5.904760837554932,5.990476131439209,5.666666030883789,5.895237922668457,4.116692066192627,11366145,0.0,0.0
2016-02-04,5.914285182952881,6.076189994812012,5.733333110809326,5.790475845336914,4.043536186218262,14672910,0.0,0.0
2016-02-05,5.961904048919678,6.638094902038574,5.952380180358887,6.419046878814697,4.4824724197387695,29134140,0.0,0.0
2016-02-08,6.228570938110352,6.228570938110352,6.228570938110352,6.228570938110352,4.349460124969482,97335,0.0,0.0
2016-02-09,6.704761028289795,6.704761028289795,6.704761028289795,6.704761028289795,4.681988716125488,102795,0.0,0.0
2016-02-10,6.133333206176758,6.133333206176758,6.133333206176758,6.133333206176758,4.282956600189209,236775,0.0,0.0
2016-02-11,6.2095232009887695,6.2095232009887695,6.2095232009887695,6.2095232009887695,4.336159706115723,147420,0.0,0.0
2016-02-12,5.971427917480469,5.971427917480469,5.971427917480469,5.971427917480469,4.169896602630615,103635,0.0,0.0
2016-02-15,5.84761905670166,5.84761905670166,5.84761905670166,5.84761905670166,4.083440780639648,121275,0.0,0.0
2016-02-16,6.095238208770752,6.52380895614624,6.057141780853272,6.485713958740234,4.529025554656982,18527460,0.0,0.0
2016-02-17,6.895237922668457,6.895237922668457,6.895237922668457,6.895237922668457,4.814999580383301,153720,0.0,0.0
2016-02-18,7.361904144287109,7.361904144287109,7.361904144287109,7.361904144287109,5.1408772468566895,342720,0.0,0.0
2016-02-19,7.933332920074463,7.933332920074463,7.933332920074463,7.933332920074463,5.539909362792969,278985,0.0,0.0
2016-02-22,8.171427726745605,8.2380952835083,6.971427917480469,7.114284992218018,4.967963218688965,26775420,0.0,0.0
2016-02-23,7.3333330154418945,7.609522819519043,7.009522914886475,7.476190090179443,5.220683097839356,16454655,0.0,0.0
2016-02-24,7.590476036071777,7.590476036071777,7.047618865966797,7.047618865966797,4.921408176422119,18044040,0.0,0.0
2016-02-25,7.704761028289795,7.704761028289795,7.704761028289795,7.704761028289795,5.380297183990479,136605,0.0,0.0
2016-02-26,7.619047164916992,7.904760837554932,7.4285712242126465,7.752379894256592,5.413549423217773,16558080,0.0,0.0
2016-02-29,7.52380895614624,7.857141971588135,7.3333330154418945,7.390476226806641,5.160828113555908,17162460,0.0,0.0
2016-03-01,7.323809146881103,7.409523010253906,6.866665840148926,6.904760837554932,4.821649074554443,14773185,0.0,0.0
2016-03-02,6.961904048919678,7.342856884002685,6.628571033477783,7.304760932922363,5.100972652435303,18792375,0.0,0.0
2016-03-03,7.3714280128479,7.761903762817383,7.247619152069092,7.704761028289795,5.380297183990479,17995425,0.0,0.0
2016-03-04,7.733333110809326,7.895237922668457,7.380951881408691,7.390476226806641,5.160828113555908,15732675,0.0,0.0
2016-03-07,7.533332824707031,7.714284896850586,7.314284801483154,7.438095092773437,5.194080829620361,14021805,0.0,0.0
2016-03-08,7.580952167510986,7.590476036071777,7.228570938110352,7.228570938110352,5.047769546508789,11028465,0.0,0.0
2016-03-09,7.047618865966797,7.133333206176758,6.752379894256592,6.761903762817383,4.7218918800354,17464230,0.0,0.0
2016-03-10,6.666666030883789,7.171428203582764,6.533332824707031,7.0,4.888155937194824,18500895,0.0,0.0
2016-03-11,7.161903858184815,7.238094806671143,6.657142162322998,6.67618989944458,4.662037372589111,14890050,0.0,0.0
2016-03-14,6.485713958740234,7.009522914886475,6.4380950927734375,7.0,4.888155937194824,15470910,0.0,0.0
2016-03-15,6.809523105621338,6.923809051513672,6.428571224212647,6.571427822113037,4.588881015777588,21272055,0.0,0.0
2016-03-16,6.819046974182129,6.904760837554932,6.638094902038574,6.838095188140869,4.775096416473389,13214880,0.0,0.0
2016-03-17,7.0,7.2095232009887695,6.82857084274292,6.98095178604126,4.874855041503906,15786330,0.0,0.0
2016-03-18,7.095238208770752,7.142857074737549,6.647618770599365,6.714284896850586,4.6886396408081055,20117895,0.0,0.0
2016-03-21,6.704761028289795,6.819046974182129,6.285714149475098,6.285714149475098,4.389364719390869,20836305,0.0,0.0
2016-03-22,6.333333015441895,6.647618770599365,5.771428108215332,5.866665840148926,4.09674072265625,27176310,0.0,0.0
2016-03-23,5.733333110809326,6.0,5.476190090179443,5.714284896850586,3.9903311729431152,26385030,0.0,0.0
2016-03-29,5.599999904632568,5.923809051513672,5.571427822113037,5.628571033477783,3.930476188659668,16289805,0.0,0.0
2016-03-30,5.590476036071777,5.666666030883789,5.361904144287109,5.400000095367432,3.77086329460144,16554195,0.0,0.0
2016-03-31,5.514285087585449,5.714284896850586,5.428571224212647,5.533332824707031,3.863970518112183,13828185,0.0,0.0
2016-04-01,5.400000095367432,5.752379894256592,5.3428568840026855,5.599999904632568,3.910525798797608,12336345,0.0,0.0
2016-04-04,5.742856979370117,5.771428108215332,5.361904144287109,5.419046878814697,3.7841639518737793,19599720,0.0,0.0
2016-04-05,5.52380895614624,5.714284896850586,5.485713958740234,5.552380084991455,3.8772714138031006,11782575,0.0,0.0
2016-04-06,5.67618989944458,5.67618989944458,5.380951881408691,5.419046878814697,3.7841639518737793,10907715,0.0,0.0
2016-04-07,5.428571224212647,5.504761219024658,5.285714149475098,5.333333015441895,3.724309682846069,4907490,0.0,0.0
2016-04-08,5.35237979888916,5.4476189613342285,5.266665935516357,5.304760932922363,3.704356670379639,18321555,0.0,0.0
2016-04-11,5.295238018035889,5.409523010253906,5.247619152069092,5.3714280128479,3.750911712646485,9284520,0.0,0.0
2016-04-12,5.428571224212647,5.52380895614624,5.35237979888916,5.476190090179443,3.824067354202272,9676485,0.0,0.0
2016-04-13,5.571427822113037,5.895237922668457,5.52380895614624,5.819046974182129,4.0634870529174805,16077390,0.0,0.0
2016-04-14,5.904760837554932,6.114284992218018,5.838095188140869,6.047618865966797,4.223101139068604,25351515,0.0,0.0
2016-04-15,6.047618865966797,6.266665935516357,5.952380180358887,6.009522914886475,4.196496963500977,15097320,0.0,0.0
2016-04-18,6.114284992218018,6.285714149475098,6.076189994812012,6.190475940704346,4.322859764099121,12659745,0.0,0.0
2016-04-19,6.123808860778809,6.171428203582764,5.84761905670166,5.885714054107666,4.11004114151001,9446640,0.0,0.0
2016-04-20,5.714284896850586,5.761903762817383,5.561903953552246,5.580952167510986,3.897223949432373,7876575,0.0,0.0
2016-04-21,5.400000095367432,5.561903953552246,5.380951881408691,5.495237827301025,3.837368965148926,11028675,0.0,0.0
2016-04-22,5.504761219024658,5.780951976776123,5.35237979888916,5.380951881408691,3.757562160491944,16179450,0.0,0.0
2016-04-25,5.514285087585449,5.666666030883789,5.457141876220703,5.580952167510986,3.897223949432373,15975855,0.0,0.0
2016-04-26,5.52380895614624,5.723808765411377,5.457141876220703,5.685713768005371,3.970378398895264,13308120,0.0,0.0
2016-04-27,5.761903762817383,5.904760837554932,5.590476036071777,5.590476036071777,3.903874397277832,13310220,0.0,0.0
2016-04-28,5.82857084274292,5.857141971588135,5.571427822113037,5.571427822113037,3.890573501586914,10702230,0.0,0.0
2016-04-29,5.571427822113037,5.638094902038574,5.428571224212647,5.495237827301025,3.837368965148926,11892195,0.0,0.0
2016-05-02,5.561903953552246,5.69523811340332,5.514285087585449,5.52380895614624,3.857320308685303,10072440,0.0,0.0
2016-05-03,5.657142162322998,5.952380180358887,5.599999904632568,5.952380180358887,4.156595230102539,14174160,0.0,0.0
2016-05-04,5.590476036071777,5.790475845336914,5.504761219024658,5.580952167510986,3.897223949432373,15170505,0.0,0.0
2016-05-06,5.609522819519043,5.69523811340332,5.4380950927734375,5.457141876220703,3.81076717376709,8824095,0.0,0.0
2016-05-09,5.619047164916992,5.67618989944458,5.4380950927734375,5.476190090179443,3.824067354202272,12842235,0.0,0.0
2016-05-10,5.561903953552246,5.666666030883789,5.514285087585449,5.52380895614624,3.857320308685303,9512475,0.0,0.0
2016-05-11,5.52380895614624,5.647618770599365,5.4380950927734375,5.609522819519043,3.9171745777130127,12035835,0.0,0.0
2016-05-12,5.647618770599365,6.0,5.619047164916992,5.895237922668457,4.116692066192627,17054205,0.0,0.0
2016-05-13,6.0,6.123808860778809,5.971427917480469,6.0,4.189847946166992,7724010,0.0,0.0
2016-05-18,5.933332920074463,6.0,5.685713768005371,5.714284896850586,3.9903311729431152,8874180,0.0,0.0
2016-05-19,5.666666030883789,5.857141971588135,5.552380084991455,5.84761905670166,4.083440780639648,11114670,0.0,0.0
2016-05-20,5.876190185546875,5.990476131439209,5.704761028289795,5.723808765411377,3.996982097625733,10586625,0.0,0.0
2016-05-23,5.857141971588135,5.914285182952881,5.771428108215332,5.866665840148926,4.09674072265625,7546455,0.0,0.0
2016-05-24,6.0,6.038094997406006,5.885714054107666,5.971427917480469,4.169896602630615,7637070,0.0,0.0
2016-05-25,6.114284992218018,6.428571224212647,6.114284992218018,6.323809146881104,4.4159674644470215,24073350,0.0,0.0
2016-05-26,6.314284801483154,6.638094902038574,5.942856788635254,6.609522819519043,4.615483283996582,28063455,0.0,0.0
2016-05-27,6.752379894256592,6.790475845336914,6.390476226806641,6.466666221618652,4.515725135803223,19750710,0.0,0.0
2016-05-30,6.466666221618652,6.657142162322998,6.409523010253906,6.609522819519043,4.615483283996582,13175925,0.0,0.0
2016-05-31,6.580952167510986,6.838095188140869,6.52380895614624,6.790475845336914,4.741843700408936,16562280,0.0,0.0
2016-06-01,6.714284896850586,6.838095188140869,6.590476036071777,6.69523811340332,4.675338745117188,11432610,0.0,0.0
2016-06-02,6.69523811340332,6.723808765411377,6.476190090179443,6.504761219024658,4.542326927185059,12442395,0.0,0.0
2016-06-03,6.533332824707031,6.704761028289795,6.533332824707031,6.590476036071777,4.602182388305664,11971890,0.0,0.0
2016-06-06,6.609522819519043,6.961904048919678,6.552380084991455,6.942856788635254,4.84825325012207,15723330,0.0,0.0
2016-06-07,7.019046783447266,7.133333206176758,6.819046974182129,6.98095178604126,4.874855041503906,11533095,0.0,0.0
2016-06-08,7.019046783447266,7.276189804077148,6.961904048919678,7.238094806671143,5.054419994354248,16165905,0.0,0.0
2016-06-09,7.323809146881103,7.571427822113037,7.295238018035889,7.54285717010498,5.267237186431885,17235855,0.0,0.0
2016-06-10,7.619047164916992,7.666666030883789,7.180952072143555,7.447618961334228,5.2007317543029785,17761590,0.0,0.0
2016-06-13,7.4285712242126465,7.438095092773437,7.2095232009887695,7.380951881408691,5.154177665710449,10528140,0.0,0.0
2016-06-14,7.419046878814697,7.666666030883789,7.419046878814697,7.533332824707031,5.260587215423584,15051015,0.0,0.0
2016-06-15,7.466666221618652,7.599999904632568,7.190475940704346,7.21904706954956,5.041118621826172,10275405,0.0,0.0
2016-06-16,7.285714149475098,7.504761219024658,7.047618865966797,7.476190090179443,5.220683097839356,12411315,0.0,0.0
2016-06-17,7.619047164916992,7.971427917480469,7.599999904632568,7.857141971588135,5.486705303192139,22138515,0.0,0.0
2016-06-20,8.047618865966797,8.20952320098877,7.952380180358887,8.161904335021973,5.699522972106934,17588130,0.0,0.0
2016-06-21,8.304760932922363,8.304760932922363,7.69523811340332,7.761903762817383,5.420200347900391,16897125,0.0,0.0
2016-06-22,7.914285182952881,8.14285659790039,7.809523105621338,7.942856788635254,5.546560287475586,23554020,0.0,0.0
2016-06-23,8.190476417541504,8.39047622680664,7.952380180358887,8.190476417541504,5.719474792480469,23542575,0.0,0.0
2016-06-24,8.36190414428711,8.619047164916992,8.05714225769043,8.619047164916992,6.018749713897705,19563495,0.0,0.0
2016-06-27,8.666666030883789,8.84761905670166,8.523809432983398,8.628570556640625,6.0254011154174805,17466225,0.0,0.0
2016-06-28,8.666666030883789,9.266666412353516,8.638094902038574,9.247618675231934,6.457686424255371,19744200,0.0,0.0
2016-06-29,9.257142066955566,9.54285717010498,9.019046783447266,9.133333206176758,6.377879619598389,23994075,0.0,0.0
2016-06-30,9.08571434020996,9.523809432983398,8.857142448425293,9.447619438171388,6.597349643707275,26643855,0.0,0.0
2016-07-01,9.466666221618652,9.971427917480469,9.39047622680664,9.84761905670166,6.876674175262451,27238155,0.0,0.0
2016-07-04,9.895237922668455,9.99047565460205,9.533332824707031,9.790475845336914,6.836767196655273,19211430,0.0,0.0
2016-07-05,9.771428108215332,9.80952262878418,9.161904335021973,9.20952320098877,6.431082248687744,17879505,0.0,0.0
2016-07-06,9.466666221618652,9.561903953552246,9.2380952835083,9.257142066955566,6.484453201293945,19568535,0.028571,0.0
2016-07-07,9.171427726745604,9.171427726745604,8.638094902038574,8.676190376281738,6.077507972717285,18875535,0.0,0.0
2016-07-08,8.638094902038574,8.99047565460205,8.552379608154297,8.69523811340332,6.090849876403809,15424080,0.0,0.0
2016-07-11,8.780952453613281,9.038095474243164,8.628570556640625,8.761903762817383,6.137547969818115,16663605,0.0,0.0
2016-07-12,8.828571319580078,8.99047565460205,8.628570556640625,8.857142448425293,6.2042622566223145,13250265,0.0,0.0
2016-07-13,8.876190185546875,9.104761123657228,8.69523811340332,8.761903762817383,6.137547969818115,11730705,0.0,0.0
2016-07-14,8.84761905670166,8.90476131439209,8.457141876220703,8.647619247436523,6.057493686676025,15631875,0.0,0.0
2016-07-15,8.742856979370117,8.771428108215332,8.495238304138184,8.523809432983398,5.970767974853516,12797295,0.0,0.0
2016-07-18,8.600000381469727,9.038095474243164,8.600000381469727,9.019046783447266,6.317672252655029,13769385,0.0,0.0
2016-07-19,9.123808860778809,9.314285278320312,9.123808860778809,9.180952072143556,6.431083679199219,8548680,0.0,0.0
2016-07-20,9.247618675231934,9.323808670043944,8.933333396911621,9.152379989624023,6.411068916320801,12579840,0.0,0.0
2016-07-21,9.152379989624023,9.39047622680664,9.114285469055176,9.304760932922363,6.517809867858887,17012730,0.0,0.0
2016-07-22,9.190476417541504,9.2380952835083,8.800000190734863,8.828571319580078,6.1842474937438965,17505390,0.0,0.0
2016-07-25,8.69523811340332,9.038095474243164,8.51428508758545,9.028571128845217,6.324343204498291,16339470,0.0,0.0
2016-07-26,8.84761905670166,8.980952262878418,8.199999809265137,8.2380952835083,5.7706298828125,27502335,0.0,0.0
2016-07-27,8.35237979888916,8.5047607421875,8.180952072143555,8.323808670043945,5.830670833587647,17577000,0.0,0.0
2016-07-28,8.35237979888916,8.476189613342285,8.266666412353516,8.29523754119873,5.810657024383545,11563860,0.0,0.0
2016-07-29,8.219046592712402,8.2380952835083,7.838095188140869,7.990476131439209,5.597176551818848,18655455,0.0,0.0
2016-08-01,8.14285659790039,8.29523754119873,7.923809051513672,8.019046783447266,5.617191314697266,10246635,0.0,0.0
2016-08-02,8.095237731933594,8.171427726745605,7.790475845336914,7.904760837554932,5.537134647369385,11577930,0.0,0.0
2016-08-03,7.98095178604126,8.419047355651855,7.98095178604126,8.35237979888916,5.85068416595459,17495625,0.0,0.0
2016-08-04,8.5047607421875,8.638094902038574,8.266666412353516,8.285714149475098,5.803987979888916,15143310,0.0,0.0
2016-08-05,8.247618675231934,8.447619438171387,8.114285469055176,8.276189804077148,5.797314643859863,8584905,0.0,0.0
2016-08-08,8.180952072143555,8.323808670043945,8.114285469055176,8.266666412353516,5.790643692016602,6530055,0.0,0.0
2016-08-09,8.304760932922363,8.304760932922363,8.028571128845215,8.219046592712402,5.757287502288818,9519930,0.0,0.0
2016-08-10,8.276189804077148,8.609522819519043,8.257142066955566,8.609522819519043,6.030808448791504,14344575,0.0,0.0
2016-08-11,8.590476036071777,8.84761905670166,8.476189613342285,8.590476036071777,6.0174665451049805,16763985,0.0,0.0
2016-08-12,8.65714168548584,8.714284896850586,8.438095092773438,8.438095092773438,5.910726070404053,12272505,0.0,0.0
2016-08-15,8.533332824707031,8.600000381469727,8.428570747375488,8.571428298950195,6.004124641418457,8525370,0.0,0.0
2016-08-16,8.571428298950195,8.638094902038574,8.39047622680664,8.428570747375488,5.904054164886475,9132585,0.0,0.0
2016-08-17,8.495238304138184,8.704760551452637,8.457141876220703,8.647619247436523,6.057493686676025,8872290,0.0,0.0
2016-08-18,8.609522819519043,8.952380180358887,8.590476036071777,8.866665840148926,6.210929870605469,15540735,0.0,0.0
2016-08-19,9.009523391723633,9.276189804077148,8.99047565460205,9.20952320098877,6.451096534729004,18685695,0.0,0.0
2016-08-22,9.285714149475098,9.35237979888916,9.133333206176758,9.285714149475098,6.5044684410095215,11480595,0.0,0.0
2016-08-23,9.228570938110352,9.371427536010742,9.028571128845217,9.047618865966797,6.337687015533447,14117040,0.0,0.0
2016-08-24,8.952380180358887,8.99047565460205,8.733332633972168,8.914284706115723,6.244289875030518,15688365,0.0,0.0
2016-08-25,9.104761123657228,9.2380952835083,8.971427917480469,8.99047565460205,6.2976579666137695,11153100,0.0,0.0
2016-08-26,9.038095474243164,9.190476417541504,9.019046783447266,9.08571434020996,6.364369869232178,6537825,0.0,0.0
2016-08-29,9.190476417541504,9.638094902038574,9.190476417541504,9.54285717010498,6.684591770172119,19494300,0.0,0.0
2016-08-30,9.619047164916992,9.742856979370115,9.466666221618652,9.666666030883787,6.771317958831787,22198050,0.0,0.0
2016-08-31,9.476189613342283,9.923809051513672,9.419047355651855,9.742856979370115,6.824686050415039,14465850,0.0,0.0
2016-09-01,9.666666030883787,10.228570938110352,9.571428298950195,10.133333206176758,7.098209381103516,14522550,0.0,0.0
2016-09-02,10.39047622680664,10.580951690673828,10.009523391723633,10.08571434020996,7.064853191375732,15863295,0.0,0.0
2016-09-05,10.2380952835083,10.304760932922363,9.733332633972168,10.038095474243164,7.031497001647949,12534270,0.0,0.0
2016-09-06,9.857142448425291,10.152379989624023,9.80952262878418,10.104761123657228,7.078192710876465,10364970,0.0,0.0
2016-09-07,10.104761123657228,10.333333015441896,10.104761123657228,10.190476417541504,7.1382365226745605,8753850,0.0,0.0
2016-09-08,10.2380952835083,10.51428508758545,10.199999809265137,10.447619438171388,7.318360805511475,13328595,0.0,0.0
2016-09-09,10.485713958740234,10.65714168548584,10.257142066955566,10.495238304138184,7.351715564727783,9430470,0.0,0.0
2016-09-12,10.619047164916992,10.704760551452637,9.952380180358888,10.05714225769043,7.044838905334473,13575450,0.0,0.0
2016-09-13,9.857142448425291,10.104761123657228,9.666666030883787,9.676190376281738,6.777988910675049,15625995,0.0,0.0
2016-09-14,9.65714168548584,10.152379989624023,9.552379608154297,9.90476131439209,6.938098430633545,11019015,0.0,0.0
2016-09-15,10.35237979888916,10.590476036071776,10.247618675231934,10.580951690673828,7.411756992340088,9476040,0.0,0.0
2016-09-16,10.580951690673828,10.819046974182127,10.304760932922363,10.78095245361328,7.551852703094482,9402960,0.0,0.0
2016-09-19,10.257142066955566,11.78095245361328,10.190476417541504,11.466666221618652,8.032182693481445,24623865,0.0,0.0
2016-09-20,11.838094711303713,12.685713768005373,11.714284896850586,11.90476131439209,8.33906078338623,62647095,0.0,0.0
2016-09-21,12.047618865966797,12.257142066955566,11.066665649414062,11.51428508758545,8.065539360046387,24728025,0.0,0.0
2016-09-22,11.428570747375488,12.714284896850586,10.952380180358888,12.714284896850586,8.906115531921387,19938135,0.0,0.0
2016-09-23,12.152379989624023,12.552379608154297,11.666666030883787,12.0,8.40577220916748,21147945,0.0,0.0
2016-09-26,12.285714149475098,12.466666221618652,12.076189994812012,12.199999809265137,8.545869827270508,9138780,0.0,0.0
2016-09-27,12.08571434020996,12.666666030883787,11.914284706115724,12.666666030883787,8.872759819030762,14497875,0.0,0.0
2016-09-28,12.866665840148926,13.29523754119873,12.714284896850586,12.895237922668455,9.032869338989258,16617405,0.0,0.0
2016-09-29,13.35237979888916,13.533332824707031,13.066665649414062,13.419047355651855,9.413697242736816,12756975,0.019048,0.0
2016-09-30,13.323808670043944,13.714284896850586,13.0,13.685713768005373,9.600764274597168,16063320,0.0,0.0
2016-10-03,13.647619247436523,13.790475845336914,13.247618675231934,13.333333015441896,9.353567123413086,5736360,0.0,0.0
2016-10-04,13.180952072143556,13.523809432983398,13.047618865966797,13.523809432983398,9.487187385559082,9018345,0.0,0.0
2016-10-05,13.523809432983398,13.942856788635254,13.476189613342283,13.923809051513672,9.767793655395508,8741145,0.0,0.0
2016-10-06,13.761903762817385,13.838094711303713,13.199999809265137,13.199999809265137,9.260029792785645,10673775,0.0,0.0
2016-10-07,13.190476417541504,13.495238304138184,12.800000190734863,12.90476131439209,9.052913665771484,15356250,0.0,0.0
2016-10-10,13.257142066955566,13.314285278320312,12.228570938110352,12.333333015441896,8.652046203613281,15117480,0.0,0.0
2016-10-11,12.14285659790039,12.419047355651855,11.580951690673828,12.285714149475098,8.61864185333252,20598795,0.0,0.0
2016-10-12,12.571428298950195,12.761903762817385,12.304760932922363,12.428570747375488,8.718856811523438,8920905,0.0,0.0
2016-10-13,12.285714149475098,12.580951690673828,12.095237731933594,12.476189613342283,8.752262115478516,8522850,0.0,0.0
2016-10-14,12.80952262878418,13.133333206176758,12.628570556640623,13.066665649414062,9.16649055480957,11193105,0.0,0.0
2016-10-17,13.314285278320312,13.314285278320312,12.761903762817385,12.93333339691162,9.072957038879396,10233405,0.0,0.0
2016-10-18,13.0,13.114285469055176,12.08571434020996,12.257142066955566,8.598596572875977,16127160,0.0,0.0
2016-10-19,11.99047565460205,11.99047565460205,11.409523010253906,11.54285717010498,8.097516059875488,13542165,0.0,0.0
2016-10-20,11.533332824707031,11.647619247436523,11.114285469055176,11.133333206176758,7.810225009918213,12555480,0.0,0.0
2016-10-21,11.047618865966797,11.095237731933594,10.380951881408691,10.380951881408691,7.282417774200439,26939430,0.0,0.0
2016-10-24,10.495238304138184,11.028571128845217,10.219046592712402,10.90476131439209,7.649879455566406,14524860,0.0,0.0
2016-10-25,10.971427917480469,11.08571434020996,10.399999618530272,10.399999618530272,7.295781135559082,13987260,0.0,0.0
2016-10-26,10.35237979888916,10.800000190734863,10.019046783447266,10.038095474243164,7.04189920425415,14947695,0.0,0.0
2016-10-27,10.247618675231934,10.380951881408691,9.866665840148926,10.114285469055176,7.095346927642822,11746560,0.0,0.0
2016-10-28,10.228570938110352,10.419047355651855,10.114285469055176,10.266666412353516,7.202245712280273,11119500,0.0,0.0
2016-10-31,10.180952072143556,10.20952320098877,9.771428108215332,9.828571319580078,6.8949127197265625,9986550,0.0,0.0
2016-11-01,9.952380180358888,10.038095474243164,9.761903762817385,9.80952262878418,6.881549835205078,9906225,0.0,0.0
2016-11-02,9.84761905670166,10.114285469055176,9.828571319580078,10.114285469055176,7.095346927642822,2669520,0.0,0.0
2016-11-03,10.219046592712402,10.485713958740234,10.161904335021973,10.457141876220703,7.335865974426269,8977290,0.0,0.0
2016-11-04,10.523809432983398,10.828571319580078,10.199999809265137,10.257142066955566,7.195563793182373,12428640,0.0,0.0
2016-11-07,10.342857360839844,10.380951881408691,10.05714225769043,10.285714149475098,7.215605735778809,6766095,0.0,0.0
2016-11-08,10.190476417541504,10.447619438171388,10.038095474243164,10.323808670043944,7.242331027984619,3354330,0.0,0.0
2016-11-09,10.533332824707031,10.733332633972168,10.399999618530272,10.619047164916992,7.449446201324463,12937050,0.0,0.0
2016-11-10,10.571428298950195,10.733332633972168,10.419047355651855,10.495238304138184,7.36259126663208,10133655,0.0,0.0
2016-11-11,10.65714168548584,11.314285278320312,10.590476036071776,11.2380952835083,7.883721351623535,18490290,0.0,0.0
2016-11-14,11.14285659790039,11.276189804077148,10.952380180358888,11.171427726745604,7.836950778961182,10225635,0.0,0.0
2016-11-15,11.228570938110352,11.5047607421875,11.180952072143556,11.180952072143556,7.843629837036133,10832640,0.0,0.0
2016-11-16,11.438095092773438,11.466666221618652,11.2380952835083,11.409523010253906,8.003978729248047,9308355,0.0,0.0
2016-11-17,11.523809432983398,12.0,11.371427536010742,12.0,8.418208122253418,18973290,0.0,0.0
2016-11-18,12.380951881408691,12.447619438171388,12.066665649414062,12.190476417541504,8.551831245422363,11838750,0.0,0.0
2016-11-21,12.123808860778809,12.590476036071776,12.009523391723633,12.438095092773438,8.725540161132812,10164630,0.0,0.0
2016-11-22,12.476189613342283,12.65714168548584,12.466666221618652,12.571428298950195,8.819076538085938,6287925,0.0,0.0
2016-11-23,12.476189613342283,12.5047607421875,12.066665649414062,12.371427536010742,8.678771018981934,11917920,0.0,0.0
2016-11-24,12.371427536010742,12.742856979370115,11.666666030883787,12.009523391723633,8.42488956451416,18637500,0.0,0.0
2016-11-25,12.180952072143556,12.180952072143556,11.380951881408691,11.523809432983398,8.084152221679688,16726920,0.0,0.0
2016-11-28,11.419047355651855,11.69523811340332,11.342857360839844,11.638094902038574,8.164327621459961,12476730,0.0,0.0
2016-11-29,11.704760551452637,12.133333206176758,11.685713768005373,12.08571434020996,8.478338241577148,10396470,0.0,0.0
2016-11-30,12.314285278320312,12.428570747375488,11.75238037109375,11.96190357208252,8.39148235321045,13276095,0.0,0.0
2016-12-01,12.333333015441896,12.35237979888916,11.761903762817385,11.895237922668455,8.34471607208252,8617560,0.0,0.0
2016-12-02,11.942856788635254,11.980952262878418,11.600000381469728,11.971427917480469,8.398163795471191,7684005,0.0,0.0
2016-12-05,11.828571319580078,11.93333339691162,11.428570747375488,11.466666221618652,8.04406452178955,6523860,0.0,0.0
2016-12-06,11.561903953552246,11.800000190734863,11.247618675231934,11.619047164916992,8.150960922241211,8338785,0.0,0.0
2016-12-07,11.733332633972168,11.942856788635254,11.647619247436523,11.828571319580078,8.297948837280273,11604705,0.0,0.0
2016-12-08,11.761903762817385,12.228570938110352,11.685713768005373,12.123808860778809,8.505061149597168,10409700,0.0,0.0
2016-12-09,12.009523391723633,12.095237731933594,11.742856979370115,12.095237731933594,8.485017776489258,15182475,0.0,0.0
2016-12-12,12.2380952835083,12.314285278320312,11.80952262878418,11.80952262878418,8.284585952758789,5424930,0.0,0.0
2016-12-13,12.05714225769043,12.171427726745604,11.666666030883787,11.742856979370115,8.237818717956543,7725375,0.0,0.0
2016-12-14,11.90476131439209,11.90476131439209,11.399999618530272,11.647619247436523,8.17100715637207,7887810,0.0,0.0
2016-12-15,11.704760551452637,11.942856788635254,11.628570556640623,11.90476131439209,8.351397514343262,6439440,0.0,0.0
2016-12-16,12.114285469055176,12.285714149475098,12.047618865966797,12.276189804077148,8.611960411071777,7667415,0.0,0.0
2016-12-19,12.39047622680664,12.790475845336914,12.371427536010742,12.666666030883787,8.885885238647461,13878375,0.0,0.0
2016-12-20,12.69523811340332,12.78095245361328,12.323808670043944,12.51428508758545,8.778987884521484,10322865,0.0,0.0
2016-12-21,12.590476036071776,12.885713577270508,12.523809432983398,12.723809242248535,8.925972938537598,14094360,0.0,0.0
2016-12-22,12.647619247436523,12.980952262878418,12.419047355651855,12.819046974182127,8.992783546447754,16465680,0.0,0.0
2016-12-23,12.714284896850586,12.75238037109375,12.495238304138184,12.685713768005373,8.899247169494629,7876995,0.0,0.0
2016-12-27,12.828571319580078,13.019046783447266,12.714284896850586,12.80952262878418,8.986102104187012,6735960,0.0,0.0
2016-12-28,12.876190185546877,13.095237731933594,12.800000190734863,13.019046783447266,9.13308811187744,9902760,0.0,0.0
2016-12-29,12.857142448425291,12.923809051513672,12.39047622680664,12.485713958740234,8.758947372436523,11700780,0.0,0.0
2016-12-30,12.619047164916992,12.914284706115724,12.05714225769043,12.199999809265137,8.558511734008789,12402495,0.0,0.0
2017-01-02,12.047618865966797,12.457141876220703,11.952380180358888,12.333333015441896,8.652046203613281,9803955,0.0,0.0
2017-01-03,12.666666030883787,12.90476131439209,12.609522819519045,12.666666030883787,8.885885238647461,11586645,0.0,0.0
2017-01-04,12.676190376281738,12.819046974182127,12.39047622680664,12.447619438171388,8.732221603393555,12871005,0.0,0.0
2017-01-05,12.495238304138184,12.742856979370115,12.409523010253906,12.714284896850586,8.919290542602539,8087100,0.0,0.0
2017-01-06,12.714284896850586,12.838094711303713,12.409523010253906,12.485713958740234,8.758947372436523,9765315,0.0,0.0
2017-01-09,12.5047607421875,12.876190185546877,12.399999618530272,12.399999618530272,8.698813438415527,10498530,0.0,0.0
2017-01-10,12.285714149475098,12.35237979888916,11.552379608154297,11.561903953552246,8.11087703704834,25929015,0.0,0.0
2017-01-11,11.51428508758545,11.895237922668455,11.190476417541504,11.380951881408691,7.983935356140137,17618160,0.0,0.0
2017-01-12,11.561903953552246,11.666666030883787,11.123808860778809,11.342857360839844,7.957211971282959,13754370,0.0,0.0
2017-01-13,11.495238304138184,11.78095245361328,11.39047622680664,11.78095245361328,8.264542579650879,9046170,0.0,0.0
2017-01-16,11.714284896850586,11.857142448425291,11.552379608154297,11.828571319580078,8.297948837280273,9296910,0.0,0.0
2017-01-17,11.90476131439209,12.447619438171388,11.771428108215332,12.447619438171388,8.732221603393555,15352260,0.0,0.0
2017-01-18,12.476189613342283,12.571428298950195,12.133333206176758,12.20952320098877,8.565194129943848,8447250,0.0,0.0
2017-01-19,12.304760932922363,12.35237979888916,11.75238037109375,11.75238037109375,8.244498252868652,15770895,0.0,0.0
2017-01-20,11.571428298950195,12.08571434020996,11.247618675231934,12.038095474243164,8.444934844970703,9638895,0.0,0.0
2017-01-23,11.838094711303713,11.895237922668455,11.038095474243164,11.180952072143556,7.843629837036133,12218325,0.0,0.0
2017-01-24,11.047618865966797,11.380951881408691,10.638094902038574,11.180952072143556,7.843629837036133,15337245,0.0,0.0
2017-01-25,11.161904335021973,11.342857360839844,10.819046974182127,10.90476131439209,7.649879455566406,10759035,0.0,0.0
2017-01-26,10.93333339691162,11.047618865966797,10.447619438171388,10.619047164916992,7.449446201324463,8239035,0.0,0.0
2017-01-27,10.380951881408691,10.552379608154297,10.190476417541504,10.485713958740234,7.355911731719971,9906855,0.0,0.0
2017-01-30,10.523809432983398,10.628570556640623,10.285714149475098,10.476189613342283,7.349227905273437,9254175,0.0,0.0
2017-01-31,10.561903953552246,10.685713768005373,10.428570747375488,10.533332824707031,7.389314651489258,6658890,0.0,0.0
2017-02-01,10.619047164916992,10.619047164916992,10.123808860778809,10.190476417541504,7.1487956047058105,7442820,0.0,0.0
2017-02-02,10.152379989624023,10.54285717010498,10.095237731933594,10.371427536010742,7.275735855102539,8148735,0.0,0.0
2017-02-03,10.447619438171388,10.466666221618652,10.123808860778809,10.228570938110352,7.175520420074463,7622895,0.0,0.0
2017-02-06,10.219046592712402,10.476189613342283,10.199999809265137,10.380951881408691,7.282417774200439,5058900,0.0,0.0
2017-02-07,10.5047607421875,10.742856979370115,10.047618865966797,10.14285659790039,7.115389347076416,10552290,0.0,0.0
2017-02-08,10.199999809265137,10.247618675231934,9.857142448425291,9.971427917480469,6.995128631591797,7881510,0.0,0.0
2017-02-09,9.800000190734863,10.285714149475098,9.685713768005373,10.047618865966797,7.048579216003418,8545005,0.0,0.0
2017-02-10,10.114285469055176,10.152379989624023,9.723809242248535,9.857142448425291,6.914956569671631,9695280,0.0,0.0
2017-02-13,9.866665840148926,9.914284706115724,9.447619438171388,9.552379608154297,6.701160430908203,11274585,0.0,0.0
2017-02-14,9.380951881408691,9.485713958740234,9.05714225769043,9.066665649414062,6.360423564910889,18539850,0.0,0.0
2017-02-15,9.180952072143556,9.35237979888916,8.96190357208252,9.0,6.31365442276001,14788725,0.0,0.0
2017-02-16,9.047618865966797,9.228570938110352,8.942856788635254,9.161904335021973,6.42723560333252,8598240,0.0,0.0
2017-02-17,9.047618865966797,9.08571434020996,8.80952262878418,8.923809051513672,6.2602057456970215,12832575,0.0,0.0
2017-02-20,9.009523391723633,9.161904335021973,8.75238037109375,8.857142448425293,6.213439464569092,9900450,0.0,0.0
2017-02-21,8.971427917480469,9.133333206176758,8.914284706115723,9.095237731933594,6.380467414855957,12683685,0.0,0.0
2017-02-22,9.314285278320312,9.35237979888916,9.123808860778809,9.199999809265137,6.453959941864014,8568525,0.0,0.0
2017-02-23,9.14285659790039,9.399999618530272,9.123808860778809,9.371427536010742,6.574218273162842,7860825,0.0,0.0
2017-02-24,9.380951881408691,9.485713958740234,9.247618675231934,9.342857360839844,6.554178237915039,10517115,0.0,0.0
2017-02-27,9.39047622680664,9.457141876220703,9.066665649414062,9.219046592712402,6.467321395874023,7871535,0.0,0.0
2017-02-28,9.247618675231934,9.523809432983398,9.2380952835083,9.333333015441896,6.5474958419799805,9566865,0.0,0.0
2017-03-01,9.39047622680664,9.647619247436523,9.39047622680664,9.571428298950195,6.714523315429688,8617350,0.0,0.0
2017-03-02,9.561903953552246,9.561903953552246,9.047618865966797,9.104761123657228,6.387147426605225,16452555,0.0,0.0
2017-03-03,8.971427917480469,9.019046783447266,8.704760551452637,8.90476131439209,6.2468438148498535,14875875,0.0,0.0
2017-03-06,8.838094711303711,9.104761123657228,8.80952262878418,8.876190185546875,6.226802825927734,8382045,0.0,0.0
2017-03-07,8.876190185546875,8.952380180358887,8.619047164916992,8.75238037109375,6.139946460723877,6126855,0.0,0.0
2017-03-08,8.857142448425293,9.171427726745604,8.819046974182129,9.114285469055176,6.393831253051758,12231555,0.0,0.0
2017-03-09,9.266666412353516,9.428570747375488,9.247618675231934,9.342857360839844,6.554178237915039,11555880,0.0,0.0
2017-03-10,9.371427536010742,9.580951690673828,9.095237731933594,9.495238304138184,6.661074638366699,8607060,0.0,0.0
2017-03-13,9.580951690673828,9.685713768005373,9.123808860778809,9.161904335021973,6.42723560333252,12665205,0.0,0.0
2017-03-14,9.29523754119873,9.580951690673828,9.2380952835083,9.5047607421875,6.667754650115967,17760015,0.0,0.0
2017-03-15,9.619047164916992,9.885713577270508,9.476189613342283,9.857142448425291,6.914956569671631,12906915,0.0,0.0
2017-03-16,9.80952262878418,9.971427917480469,9.571428298950195,9.742856979370115,6.834782600402832,12545295,0.0,0.0
2017-03-17,7.857141971588135,9.095237731933594,7.857141971588135,8.571428298950195,6.013006210327148,24750495,0.0,0.0
2017-03-20,8.857142448425293,9.257142066955566,8.69523811340332,9.104761123657228,6.387147426605225,19659780,0.0,0.0
2017-03-21,9.038095474243164,9.038095474243164,8.638094902038574,8.952380180358887,6.280251502990723,14376705,0.0,0.0
2017-03-22,8.933333396911621,9.39047622680664,8.84761905670166,9.371427536010742,6.574218273162842,14252700,0.0,0.0
2017-03-23,9.419047355651855,9.51428508758545,9.199999809265137,9.199999809265137,6.453959941864014,11480805,0.0,0.0
2017-03-24,9.199999809265137,9.428570747375488,9.0,9.08571434020996,6.373785018920898,8877225,0.0,0.0
2017-03-27,9.076189994812012,9.276189804077148,9.028571128845217,9.095237731933594,6.380467414855957,7721700,0.0,0.0
2017-03-28,9.095237731933594,9.095237731933594,9.095237731933594,9.095237731933594,6.380467414855957,0,0.0,0.0
2017-03-29,9.314285278320312,9.5047607421875,9.247618675231934,9.466666221618652,6.641030311584473,8239140,0.0,0.0
2017-03-30,9.419047355651855,9.457141876220703,9.066665649414062,9.08571434020996,6.373785018920898,11020485,0.0,0.0
2017-03-31,9.152379989624023,9.304760932922363,8.952380180358887,9.066665649414062,6.360423564910889,10132605,0.0,0.0
2017-04-03,9.180952072143556,9.285714149475098,9.066665649414062,9.104761123657228,6.387147426605225,9574845,0.0,0.0
2017-04-04,9.028571128845217,9.161904335021973,8.923809051513672,8.99047565460205,6.306974411010742,5022255,0.0,0.0
2017-04-05,8.980952262878418,9.180952072143556,8.828571319580078,9.019046783447266,6.3270182609558105,8486205,0.0,0.0
2017-04-06,9.104761123657228,9.171427726745604,8.780952453613281,8.895237922668457,6.240163803100586,12118365,0.0,0.0
2017-04-07,8.876190185546875,9.199999809265137,8.676190376281738,9.114285469055176,6.393831253051758,14423115,0.0,0.0
2017-04-10,9.14285659790039,9.438095092773438,9.133333206176758,9.20952320098877,6.460638999938965,11221875,0.0,0.0
2017-04-11,9.285714149475098,9.304760932922363,8.971427917480469,9.066665649414062,6.360423564910889,8218770,0.0,0.0
2017-04-12,9.095237731933594,9.199999809265137,8.923809051513672,9.028571128845217,6.3336992263793945,5595240,0.0,0.0
2017-04-13,9.08571434020996,9.14285659790039,8.75238037109375,8.790475845336914,6.166671276092529,11741835,0.0,0.0
2017-04-18,8.790475845336914,8.790475845336914,8.790475845336914,8.790475845336914,6.166671276092529,0,0.0,0.0
2017-04-19,8.69523811340332,8.733332633972168,8.5047607421875,8.590476036071777,6.026368141174316,12463500,0.0,0.0
2017-04-20,8.65714168548584,8.819046974182129,8.647619247436523,8.771428108215332,6.15330982208252,5185845,0.0,0.0
2017-04-21,8.666666030883789,8.69523811340332,8.466666221618652,8.600000381469727,6.033049583435059,14036295,0.0,0.0
2017-04-24,8.619047164916992,8.75238037109375,8.51428508758545,8.75238037109375,6.139946460723877,11145330,0.0,0.0
2017-04-25,8.761903762817383,8.96190357208252,8.69523811340332,8.914284706115723,6.25352668762207,6143445,0.0,0.0
2017-04-26,8.980952262878418,9.371427536010742,8.876190185546875,9.2380952835083,6.480683326721191,9604350,0.0,0.0
2017-04-27,9.342857360839844,9.571428298950195,9.247618675231934,9.552379608154297,6.701160430908203,9613170,0.0,0.0
2017-04-28,9.619047164916992,9.742856979370115,9.457141876220703,9.495238304138184,6.661074638366699,13019895,0.0,0.0
2017-05-02,9.600000381469728,9.885713577270508,9.600000381469728,9.78095245361328,6.861506462097168,11233110,0.0,0.0
2017-05-03,9.971427917480469,9.971427917480469,9.54285717010498,9.676190376281738,6.788015365600586,8949780,0.0,0.0
2017-05-04,9.676190376281738,9.84761905670166,9.619047164916992,9.790475845336914,6.86818790435791,9179520,0.0,0.0
2017-05-05,9.80952262878418,9.971427917480469,9.80952262878418,9.90476131439209,6.948361396789551,4690560,0.0,0.0
2017-05-08,9.80952262878418,9.942856788635254,9.761903762817385,9.866665840148926,6.921638488769531,1970955,0.0,0.0
2017-05-09,9.90476131439209,10.08571434020996,9.828571319580078,10.08571434020996,7.0753045082092285,13170150,0.0,0.0
2017-05-10,9.980952262878418,10.36190414428711,9.942856788635254,10.219046592712402,7.168837547302246,11987325,0.0,0.0
2017-05-11,10.314285278320312,10.419047355651855,10.0,10.247618675231934,7.188882350921631,9500085,0.0,0.0
2017-05-12,10.247618675231934,10.523809432983398,10.190476417541504,10.495238304138184,7.36259126663208,8873340,0.0,0.0
2017-05-15,10.476189613342283,10.571428298950195,10.380951881408691,10.428570747375488,7.315822124481201,8238720,0.0,0.0
2017-05-16,10.533332824707031,10.590476036071776,10.304760932922363,10.495238304138184,7.36259126663208,8862210,0.0,0.0
2017-05-18,10.476189613342283,10.533332824707031,10.199999809265137,10.399999618530272,7.295781135559082,11522700,0.0,0.0
2017-05-19,10.419047355651855,10.523809432983398,10.380951881408691,10.419047355651855,7.309142589569092,4194330,0.0,0.0
2017-05-22,10.466666221618652,10.571428298950195,10.409523010253906,10.495238304138184,7.36259126663208,4091640,0.0,0.0
2017-05-23,10.552379608154297,10.561903953552246,10.20952320098877,10.314285278320312,7.23564863204956,6585285,0.0,0.0
2017-05-24,10.342857360839844,10.533332824707031,10.333333015441896,10.533332824707031,7.389314651489258,7689885,0.0,0.0
2017-05-26,10.5047607421875,10.552379608154297,10.20952320098877,10.35237979888916,7.262374877929687,6720105,0.0,0.0
2017-05-29,10.342857360839844,10.380951881408691,10.08571434020996,10.180952072143556,7.142114639282227,5403720,0.0,0.0
2017-05-30,10.199999809265137,10.476189613342283,10.190476417541504,10.438095092773438,7.322505474090576,6308400,0.0,0.0
2017-05-31,10.380951881408691,10.666666030883787,10.333333015441896,10.609522819519045,7.442765712738037,8111460,0.0,0.0
2017-06-01,10.600000381469728,10.600000381469728,10.019046783447266,10.047618865966797,7.048579216003418,14075355,0.0,0.0
2017-06-02,10.161904335021973,10.190476417541504,9.96190357208252,10.066665649414062,7.061939239501953,7281015,0.0,0.0
2017-06-06,10.047618865966797,10.133333206176758,9.914284706115724,10.08571434020996,7.0753045082092285,6847575,0.0,0.0
2017-06-07,10.304760932922363,10.342857360839844,10.114285469055176,10.152379989624023,7.122070789337158,8317785,0.0,0.0
2017-06-08,10.171427726745604,10.219046592712402,10.0,10.05714225769043,7.055261135101318,5144055,0.0,0.0
2017-06-09,10.028571128845217,10.39047622680664,9.980952262878418,10.35237979888916,7.262374877929687,8631525,0.0,0.0
2017-06-12,10.409523010253906,10.457141876220703,10.247618675231934,10.39047622680664,7.289100170135498,6690705,0.0,0.0
2017-06-13,10.476189613342283,10.676190376281738,10.380951881408691,10.647619247436523,7.469488143920898,9613485,0.0,0.0
2017-06-14,10.857142448425291,11.14285659790039,10.790475845336914,11.038095474243164,7.743415355682373,10473645,0.0,0.0
2017-06-15,10.952380180358888,11.14285659790039,10.828571319580078,10.923809051513672,7.663241386413574,6104175,0.0,0.0
2017-06-16,10.885713577270508,11.0,10.69523811340332,10.828571319580078,7.596431732177734,8412180,0.0,0.0
2017-06-19,10.800000190734863,10.942856788635254,10.628570556640623,10.914284706115724,7.656562805175781,6256635,0.0,0.0
2017-06-20,10.838094711303713,10.923809051513672,10.69523811340332,10.75238037109375,7.542981147766113,6153840,0.0,0.0
2017-06-21,10.742856979370115,10.876190185546877,10.638094902038574,10.666666030883787,7.482851982116699,5174400,0.0,0.0
2017-06-22,10.65714168548584,10.733332633972168,10.447619438171388,10.447619438171388,7.329186916351318,7343595,0.0,0.0
2017-06-23,10.51428508758545,10.771428108215332,10.51428508758545,10.742856979370115,7.536298751831055,8053185,0.0,0.0
2017-06-26,10.771428108215332,10.99047565460205,10.704760551452637,10.704760551452637,7.50957727432251,7598220,0.0,0.0
2017-06-27,10.838094711303713,10.942856788635254,10.647619247436523,10.647619247436523,7.469488143920898,6053565,0.0,0.0
2017-06-28,10.761903762817385,10.876190185546877,10.523809432983398,10.523809432983398,7.382635116577148,5941950,0.0,0.0
2017-06-29,10.619047164916992,10.857142448425291,10.619047164916992,10.819046974182127,7.603511810302734,8157345,0.019048,0.0
2017-06-30,10.819046974182127,11.219046592712402,10.75238037109375,11.08571434020996,7.79092264175415,15622320,0.0,0.0
2017-07-03,11.133333206176758,11.199999809265137,10.971427917480469,11.019046783447266,7.744069576263428,11371605,0.0,0.0
2017-07-04,11.019046783447266,11.190476417541504,10.819046974182127,10.923809051513672,7.677138328552246,6494565,0.0,0.0
2017-07-05,10.923809051513672,11.019046783447266,10.819046974182127,10.971427917480469,7.710603713989258,3730965,0.0,0.0
2017-07-06,10.895237922668455,10.93333339691162,10.78095245361328,10.90476131439209,7.663750648498535,6692910,0.0,0.0
2017-07-07,10.90476131439209,11.36190414428711,10.828571319580078,11.257142066955566,7.911400318145752,13616190,0.0,0.0
2017-07-10,11.495238304138184,11.54285717010498,11.247618675231934,11.285714149475098,7.931478500366211,15160005,0.0,0.0
2017-07-11,11.533332824707031,12.123808860778809,11.533332824707031,11.99047565460205,8.426777839660645,24177615,0.0,0.0
2017-07-12,11.99047565460205,12.35237979888916,11.923809051513672,12.29523754119873,8.640963554382324,6080655,0.0,0.0
2017-07-13,12.800000190734863,12.895237922668455,11.99047565460205,12.019046783447266,8.446858406066895,19449780,0.0,0.0
2017-07-14,12.190476417541504,12.380951881408691,12.066665649414062,12.29523754119873,8.640963554382324,11136195,0.0,0.0
2017-07-17,12.29523754119873,12.29523754119873,12.29523754119873,12.29523754119873,8.640963554382324,0,0.0,0.0
2017-07-18,12.190476417541504,12.247618675231934,11.590476036071776,11.638094902038574,8.179130554199219,16063005,0.0,0.0
2017-07-19,11.723809242248535,12.0,11.69523811340332,11.771428108215332,8.272834777832031,12556845,0.0,0.0
2017-07-20,11.876190185546877,11.895237922668455,11.571428298950195,11.619047164916992,8.165741920471191,15375150,0.0,0.0
2017-07-21,11.628570556640623,11.742856979370115,11.333333015441896,11.457141876220703,8.051956176757812,13150095,0.0,0.0
2017-07-24,11.419047355651855,11.419047355651855,11.219046592712402,11.371427536010742,7.991719245910644,9391200,0.0,0.0
2017-07-25,11.371427536010742,11.676190376281738,11.36190414428711,11.580951690673828,8.138970375061035,16112460,0.0,0.0
2017-07-26,11.742856979370115,11.895237922668455,11.600000381469728,11.676190376281738,8.205903053283691,10558065,0.0,0.0
2017-07-27,11.571428298950195,11.69523811340332,11.266666412353516,11.333333015441896,7.964945316314697,14954835,0.0,0.0
2017-07-28,11.36190414428711,11.51428508758545,10.971427917480469,11.266666412353516,7.9180908203125,18348120,0.0,0.0
2017-07-31,11.161904335021973,11.2380952835083,11.0,11.0,7.730683326721191,8632365,0.0,0.0
2017-08-01,11.038095474243164,11.05714225769043,10.685713768005373,10.771428108215332,7.570045471191406,7005495,0.0,0.0
2017-08-02,10.723809242248535,10.876190185546877,10.35237979888916,10.447619438171388,7.342476844787598,8526630,0.0,0.0
2017-08-03,10.590476036071776,10.838094711303713,10.523809432983398,10.580951690673828,7.436182498931885,8519280,0.0,0.0
2017-08-04,10.723809242248535,10.790475845336914,10.14285659790039,10.628570556640623,7.46964693069458,14862330,0.0,0.0
2017-08-07,10.666666030883787,10.666666030883787,10.266666412353516,10.342857360839844,7.268851280212402,17586555,0.0,0.0
2017-08-08,10.457141876220703,10.600000381469728,10.371427536010742,10.51428508758545,7.389329433441162,8273580,0.0,0.0
2017-08-09,10.580951690673828,10.666666030883787,10.409523010253906,10.476189613342283,7.362555980682373,11420220,0.0,0.0
2017-08-10,10.495238304138184,11.0,10.485713958740234,10.857142448425291,7.630285739898682,13988625,0.0,0.0
2017-08-11,10.761903762817385,10.857142448425291,10.666666030883787,10.828571319580078,7.610206604003906,9169020,0.0,0.0
2017-08-14,10.93333339691162,11.199999809265137,10.552379608154297,10.552379608154297,7.416102886199951,12859560,0.0,0.0
2017-08-15,10.466666221618652,10.495238304138184,10.161904335021973,10.247618675231934,7.201918125152588,14873985,0.0,0.0
2017-08-16,10.314285278320312,10.371427536010742,9.93333339691162,10.190476417541504,7.161757469177246,11403840,0.0,0.0
2017-08-17,10.285714149475098,10.704760551452637,10.228570938110352,10.619047164916992,7.462954521179199,19076925,0.0,0.0
2017-08-18,10.590476036071776,10.761903762817385,10.36190414428711,10.495238304138184,7.375941276550293,13929405,0.0,0.0
2017-08-21,10.495238304138184,10.495238304138184,10.495238304138184,10.495238304138184,7.375941276550293,0,0.0,0.0
2017-08-22,10.761903762817385,10.952380180358888,10.69523811340332,10.895237922668455,7.657058715820312,9149700,0.0,0.0
2017-08-23,11.019046783447266,11.161904335021973,10.828571319580078,10.876190185546877,7.643669128417969,8450820,0.0,0.0
2017-08-24,10.828571319580078,11.009523391723633,10.733332633972168,10.78095245361328,7.576737880706787,7414890,0.0,0.0
2017-08-25,10.914284706115724,11.152379989624023,10.790475845336914,11.104761123657228,7.804307460784912,13442100,0.0,0.0
2017-08-28,10.980952262878418,11.266666412353516,10.885713577270508,11.161904335021973,7.844468593597412,10807650,0.0,0.0
2017-08-29,11.257142066955566,11.36190414428711,11.123808860778809,11.123808860778809,7.817692756652832,7481460,0.0,0.0
2017-08-30,11.2380952835083,11.333333015441896,11.019046783447266,11.076189994812012,7.784227848052978,7597800,0.0,0.0
2017-08-31,11.095237731933594,11.466666221618652,11.095237731933594,11.447619438171388,8.045267105102539,8576610,0.0,0.0
2017-09-01,11.476189613342283,11.552379608154297,11.247618675231934,11.476189613342283,8.06534481048584,6856500,0.0,0.0
2017-09-04,11.54285717010498,11.619047164916992,11.08571434020996,11.180952072143556,7.857855319976807,10154550,0.0,0.0
2017-09-05,11.133333206176758,11.285714149475098,10.885713577270508,11.028571128845217,7.750762462615967,9700635,0.0,0.0
2017-09-06,10.980952262878418,11.05714225769043,10.600000381469728,10.714284896850586,7.529885768890381,9675645,0.0,0.0
2017-09-07,10.761903762817385,10.80952262878418,10.304760932922363,10.428570747375488,7.329089164733887,16649220,0.0,0.0
2017-09-08,10.495238304138184,10.619047164916992,10.104761123657228,10.161904335021973,7.141679286956787,17181990,0.0,0.0
2017-09-11,10.161904335021973,10.161904335021973,10.161904335021973,10.161904335021973,7.141679286956787,0,0.0,0.0
2017-09-12,10.285714149475098,10.304760932922363,9.704760551452637,10.266666412353516,7.215305328369141,14478660,0.0,0.0
2017-09-13,10.476189613342283,10.561903953552246,10.247618675231934,10.438095092773438,7.335782051086426,8582595,0.0,0.0
2017-09-14,10.447619438171388,10.457141876220703,10.0,10.066665649414062,7.074745655059815,12573750,0.0,0.0
2017-09-15,10.2380952835083,10.35237979888916,10.076189994812012,10.190476417541504,7.161757469177246,11763570,0.0,0.0
2017-09-18,10.123808860778809,10.14285659790039,9.761903762817385,9.971427917480469,7.007813930511475,9924705,0.0,0.0
2017-09-19,10.0,10.028571128845217,9.685713768005373,9.790475845336914,6.880642890930176,8340255,0.0,0.0
2017-09-20,9.78095245361328,9.942856788635254,9.676190376281738,9.942856788635254,6.987734317779541,8014125,0.0,0.0
2017-09-21,10.0,10.0,9.476189613342283,9.476189613342283,6.65976619720459,12354825,0.0,0.0
2017-09-22,9.476189613342283,9.476189613342283,9.476189613342283,9.476189613342283,6.65976619720459,0,0.0,0.0
2017-09-25,9.600000381469728,9.857142448425291,9.561903953552246,9.761903762817385,6.860564231872559,8920695,0.0,0.0
2017-09-26,9.761903762817385,10.08571434020996,9.676190376281738,10.038095474243164,7.054666519165039,9660105,0.0,0.0
2017-09-27,10.038095474243164,10.038095474243164,10.038095474243164,10.038095474243164,7.054666519165039,0,0.0,0.0
2017-09-28,10.180952072143556,10.257142066955566,9.980952262878418,10.028571128845217,7.0479736328125,9177735,0.0,0.0
2017-09-29,10.152379989624023,10.314285278320312,10.019046783447266,10.180952072143556,7.17550802230835,9875565,0.028571,0.0
2017-10-02,10.180952072143556,10.399999618530272,10.114285469055176,10.333333015441896,7.282906055450439,5035275,0.0,0.0
2017-10-03,10.380951881408691,10.466666221618652,10.14285659790039,10.257142066955566,7.229207515716553,8025255,0.0,0.0
2017-10-04,10.257142066955566,10.590476036071776,10.247618675231934,10.533332824707031,7.423864841461182,9188865,0.0,0.0
2017-10-05,10.571428298950195,10.676190376281738,10.447619438171388,10.457141876220703,7.370166778564453,10648365,0.0,0.0
2017-10-06,10.523809432983398,10.619047164916992,10.399999618530272,10.571428298950195,7.4507155418396,11885160,0.0,0.0
2017-10-09,10.51428508758545,10.647619247436523,10.35237979888916,10.552379608154297,7.437290191650391,22811460,0.0,0.0
2017-10-10,10.5047607421875,10.65714168548584,10.266666412353516,10.523809432983398,7.417153835296631,9734025,0.0,0.0
2017-10-11,10.65714168548584,10.84761905670166,10.580951690673828,10.75238037109375,7.578248500823975,8459535,0.0,0.0
2017-10-12,10.78095245361328,10.93333339691162,10.580951690673828,10.600000381469728,7.470852851867676,6568065,0.0,0.0
2017-10-13,10.54285717010498,10.666666030883787,10.447619438171388,10.600000381469728,7.470852851867676,5235615,0.0,0.0
2017-10-16,10.457141876220703,10.800000190734863,10.314285278320312,10.733332633972168,7.564823627471924,11472510,0.0,0.0
2017-10-17,10.78095245361328,11.20952320098877,10.69523811340332,11.14285659790039,7.853456020355225,17672445,0.0,0.0
2017-10-18,11.20952320098877,11.409523010253906,11.152379989624023,11.276189804077148,7.94743013381958,12658275,0.0,0.0
2017-10-19,11.219046592712402,11.428570747375488,10.980952262878418,11.428570747375488,8.054825782775879,7890015,0.0,0.0
2017-10-20,11.457141876220703,11.5047607421875,11.104761123657228,11.190476417541504,7.88701868057251,10687740,0.0,0.0
2017-10-23,11.076189994812012,11.342857360839844,11.0,11.276189804077148,7.94743013381958,7924035,0.0,0.0
2017-10-24,11.266666412353516,11.485713958740234,11.219046592712402,11.485713958740234,8.095100402832031,11145855,0.0,0.0
2017-10-25,11.54285717010498,11.704760551452637,11.2380952835083,11.409523010253906,8.041400909423828,7667415,0.0,0.0
2017-10-26,11.399999618530272,11.533332824707031,11.323808670043944,11.533332824707031,8.128661155700684,4507125,0.0,0.0
2017-10-27,11.523809432983398,11.761903762817385,11.495238304138184,11.685713768005373,8.236061096191406,6885165,0.0,0.0
2017-10-30,11.69523811340332,11.895237922668455,11.561903953552246,11.895237922668455,8.383731842041016,8890665,0.0,0.0
2017-10-31,11.800000190734863,11.952380180358888,11.742856979370115,11.84761905670166,8.350170135498047,6065325,0.0,0.0
2017-11-01,11.84761905670166,11.84761905670166,11.84761905670166,11.84761905670166,8.350170135498047,0,0.0,0.0
2017-11-02,11.895237922668455,12.0,11.761903762817385,11.78095245361328,8.303182601928711,4239585,0.0,0.0
2017-11-03,11.828571319580078,11.952380180358888,11.69523811340332,11.761903762817385,8.289758682250977,4964085,0.0,0.0
2017-11-06,11.857142448425291,11.857142448425291,11.590476036071776,11.790475845336914,8.309896469116211,7113120,0.0,0.0
2017-11-07,11.790475845336914,11.790475845336914,11.790475845336914,11.790475845336914,8.309896469116211,0,0.0,0.0
2017-11-08,11.952380180358888,12.35237979888916,11.952380180358888,12.35237979888916,8.705924987792969,8991675,0.0,0.0
2017-11-09,12.285714149475098,12.714284896850586,12.228570938110352,12.333333015441896,8.692500114440918,13789125,0.0,0.0
2017-11-10,12.409523010253906,13.123808860778809,12.409523010253906,13.0,9.16236400604248,28936845,0.0,0.0
2017-11-13,13.0,13.285714149475098,12.704760551452637,12.838094711303713,9.048255920410156,18066615,0.0,0.0
2017-11-14,12.790475845336914,13.285714149475098,12.628570556640623,13.285714149475098,9.363737106323242,16119810,0.0,0.0
2017-11-15,13.285714149475098,13.590476036071776,13.114285469055176,13.36190414428711,9.417434692382812,37386930,0.0,0.0
2017-11-16,13.190476417541504,13.438095092773438,12.980952262878418,13.180952072143556,9.289899826049805,19459860,0.0,0.0
2017-11-17,13.247618675231934,14.257142066955566,13.247618675231934,14.257142066955566,10.048396110534668,18132030,0.0,0.0
2017-11-20,14.14285659790039,14.647619247436523,13.923809051513672,14.257142066955566,10.048396110534668,25154115,0.0,0.0
2017-11-21,14.409523010253906,14.485713958740234,14.114285469055176,14.114285469055176,9.947710037231444,7694400,0.0,0.0
2017-11-22,14.05714225769043,14.323808670043944,13.75238037109375,13.771428108215332,9.706066131591797,13942110,0.0,0.0
2017-11-23,13.790475845336914,14.314285278320312,13.714284896850586,14.285714149475098,10.06853485107422,16246965,0.0,0.0
2017-11-24,14.285714149475098,14.371427536010742,13.84761905670166,13.84761905670166,9.759765625,10590720,0.0,0.0
2017-11-27,13.96190357208252,14.038095474243164,13.123808860778809,13.485713958740234,9.5046968460083,27127590,0.0,0.0
2017-11-28,13.523809432983398,13.647619247436523,13.304760932922363,13.314285278320312,9.383874893188477,12140835,0.0,0.0
2017-11-29,13.199999809265137,13.314285278320312,12.771428108215332,13.05714225769043,9.202638626098633,22242255,0.0,0.0
2017-11-30,13.114285469055176,13.714284896850586,13.104761123657228,13.466666221618652,9.491271018981934,14386155,0.0,0.0
2017-12-01,13.466666221618652,13.466666221618652,13.466666221618652,13.466666221618652,9.491271018981934,0,0.0,0.0
2017-12-04,13.685713768005373,14.228570938110352,13.495238304138184,14.228570938110352,10.028258323669434,12053895,0.0,0.0
2017-12-05,14.104761123657228,14.180952072143556,13.80952262878418,13.923809051513672,9.813464164733888,9814245,0.0,0.0
2017-12-06,13.819046974182127,14.019046783447266,13.619047164916992,14.019046783447266,9.880586624145508,12048330,0.0,0.0
2017-12-07,14.114285469055176,14.457141876220703,13.714284896850586,13.714284896850586,9.665793418884276,19229805,0.0,0.0
2017-12-08,13.819046974182127,14.219046592712402,13.733332633972168,13.923809051513672,9.813464164733888,13764660,0.0,0.0
2017-12-11,13.90476131439209,14.190476417541504,13.723809242248535,13.876190185546877,9.779903411865234,13088355,0.0,0.0
2017-12-12,13.666666030883787,13.876190185546877,13.08571434020996,13.08571434020996,9.222777366638184,11237625,0.0,0.0
2017-12-13,12.942856788635254,13.876190185546877,12.885713577270508,13.876190185546877,9.779903411865234,13399365,0.0,0.0
2017-12-14,13.800000190734863,13.952380180358888,13.39047622680664,13.39047622680664,9.43757152557373,8310015,0.0,0.0
2017-12-15,13.495238304138184,13.65714168548584,12.99047565460205,13.104761123657228,9.236202239990234,8789760,0.0,0.0
2017-12-18,13.20952320098877,13.428570747375488,12.876190185546877,13.36190414428711,9.417434692382812,11834445,0.0,0.0
2017-12-19,13.69523811340332,14.266666412353516,13.647619247436523,14.247618675231934,10.041685104370115,10353105,0.0,0.0
2017-12-20,14.285714149475098,14.476189613342283,13.99047565460205,14.285714149475098,10.06853485107422,10267740,0.0,0.0
2017-12-21,14.304760932922363,15.171427726745604,14.047618865966797,15.171427726745604,10.69278335571289,23541840,0.0,0.0
2017-12-22,15.428570747375488,16.095237731933594,15.257142066955566,15.93333339691162,11.229769706726074,17093055,0.0,0.0
2017-12-27,15.714284896850586,15.876190185546877,15.190476417541504,15.380951881408691,10.840452194213867,23249415,0.0,0.0
2017-12-28,15.495238304138184,15.980952262878418,15.495238304138184,15.523809432983398,10.941139221191406,20259750,0.0,0.0
2017-12-29,15.685713768005373,15.93333339691162,15.342857360839844,15.342857360839844,10.813606262207031,11206545,0.0,0.0
2018-01-02,15.609522819519045,15.857142448425291,15.380951881408691,15.828571319580078,11.155933380126951,10185315,0.0,0.0
2018-01-03,16.05714225769043,16.5238094329834,15.952380180358888,16.21904754638672,11.431142807006836,12996375,0.0,0.0
2018-01-04,16.28571319580078,16.380952835083008,15.819046974182127,15.857142448425291,11.176071166992188,11002215,0.0,0.0
2018-01-05,16.047618865966797,16.514284133911133,15.828571319580078,15.828571319580078,11.155933380126951,19716270,0.0,0.0
2018-01-08,16.161903381347656,16.495237350463867,16.009523391723633,16.333332061767578,11.51168727874756,27979980,0.0,0.0
2018-01-09,16.095237731933594,16.24761962890625,15.380951881408691,16.095237731933594,11.343880653381348,19129215,0.0,0.0
2018-01-10,16.05714225769043,16.428571701049805,15.676190376281738,16.25714111328125,11.45799160003662,12453735,0.0,0.0
2018-01-11,16.352380752563477,16.75238037109375,15.495238304138184,15.54285717010498,10.954564094543455,18717720,0.0,0.0
2018-01-12,15.80952262878418,15.93333339691162,15.171427726745604,15.93333339691162,11.229769706726074,15268785,0.0,0.0
2018-01-15,15.885713577270508,15.885713577270508,15.095237731933594,15.266666412353516,10.759906768798828,15220905,0.0,0.0
2018-01-16,15.161904335021973,15.685713768005373,14.914284706115724,15.36190414428711,10.827031135559082,16147110,0.0,0.0
2018-01-17,15.571428298950195,15.638094902038574,15.380951881408691,15.619047164916992,11.028773307800291,8554770,0.028571,0.0
2018-01-18,15.714284896850586,15.90476131439209,15.39047622680664,15.51428508758545,10.954803466796877,6436605,0.0,0.0
2018-01-19,15.685713768005373,15.80952262878418,15.180952072143556,15.285714149475098,10.793404579162598,7267155,0.0,0.0
2018-01-22,15.190476417541504,15.2380952835083,14.666666030883787,14.800000190734863,10.450437545776367,16341675,0.0,0.0
2018-01-23,14.952380180358888,14.980952262878418,14.54285717010498,14.714284896850586,10.389912605285645,12055470,0.0,0.0
2018-01-24,14.476189613342283,14.714284896850586,14.20952320098877,14.314285278320312,10.107465744018556,10723755,0.0,0.0
2018-01-25,14.447619438171388,15.123808860778809,14.304760932922363,14.99047565460205,10.584932327270508,17409525,0.0,0.0
2018-01-26,15.05714225769043,15.219046592712402,14.923809051513672,15.219046592712402,10.746329307556152,11026050,0.0,0.0
2018-01-29,15.190476417541504,15.190476417541504,14.466666221618652,14.628570556640623,10.329388618469238,16700670,0.0,0.0
2018-01-30,14.561903953552246,14.75238037109375,14.285714149475098,14.371427536010742,10.147818565368652,10347435,0.0,0.0
2018-01-31,14.600000381469728,14.80952262878418,14.257142066955566,14.580951690673828,10.295764923095703,9308880,0.0,0.0
2018-02-01,14.714284896850586,14.761903762817385,14.276189804077148,14.39047622680664,10.16126823425293,7166670,0.0,0.0
2018-02-02,14.247618675231934,14.304760932922363,13.742856979370115,14.2380952835083,10.053668022155762,11500125,0.0,0.0
2018-02-05,14.428570747375488,14.90476131439209,14.35237979888916,14.761903762817385,10.42353630065918,6897660,0.0,0.0
2018-02-06,14.895237922668455,15.171427726745604,14.619047164916992,14.895237922668455,10.517684936523438,8669220,0.0,0.0
2018-02-07,15.0,15.114285469055176,14.819046974182127,14.980952262878418,10.578208923339844,5646270,0.0,0.0
2018-02-08,14.533332824707031,14.771428108215332,14.457141876220703,14.619047164916992,10.322665214538574,7889490,0.0,0.0
2018-02-09,15.133333206176758,15.619047164916992,14.980952262878418,15.600000381469728,11.01532745361328,13458585,0.0,0.0
2018-02-12,15.485713958740234,15.704760551452637,15.199999809265137,15.36190414428711,10.847203254699709,9754920,0.0,0.0
2018-02-13,15.457141876220703,15.54285717010498,14.895237922668455,15.05714225769043,10.632006645202637,9793035,0.0,0.0
2018-02-14,15.314285278320312,15.495238304138184,15.028571128845217,15.371427536010742,10.85392951965332,9471210,0.0,0.0
2018-02-15,15.304760932922363,15.609522819519045,15.190476417541504,15.257142066955566,10.77322769165039,7601160,0.0,0.0
2018-02-16,15.2380952835083,15.733332633972168,15.219046592712402,15.666666030883787,11.06239891052246,7733145,0.0,0.0
2018-02-19,15.800000190734863,15.93333339691162,15.628570556640623,15.628570556640623,11.035500526428224,8178135,0.0,0.0
2018-02-20,15.54285717010498,15.714284896850586,15.342857360839844,15.580951690673828,11.001875877380373,10282650,0.0,0.0
2018-02-21,15.65714168548584,16.05714225769043,15.638094902038574,16.0,11.297768592834473,7562835,0.0,0.0
2018-02-22,16.095237731933594,16.66666603088379,16.095237731933594,16.514284133911133,11.660911560058594,11128950,0.0,0.0
2018-02-23,16.380952835083008,16.657142639160156,16.152379989624023,16.352380752563477,11.546589851379396,9098040,0.0,0.0
2018-02-26,16.409523010253906,16.495237350463867,15.971427917480469,16.14285659790039,11.398643493652344,6750135,0.0,0.0
2018-02-27,16.238094329833984,16.25714111328125,15.866665840148926,15.93333339691162,11.25069522857666,6564495,0.0,0.0
2018-02-28,16.095237731933594,16.314285278320312,15.800000190734863,15.96190357208252,11.270870208740234,6773760,0.0,0.0
2018-03-01,15.723809242248535,16.152379989624023,15.580951690673828,15.971427917480469,11.277593612670898,4916310,0.0,0.0
2018-03-02,15.971427917480469,16.342857360839844,15.93333339691162,16.209522247314453,11.445716857910156,5917695,0.0,0.0
2018-03-05,16.39047622680664,16.399999618530273,15.800000190734863,15.885713577270508,11.217069625854492,10706535,0.0,0.0
2018-03-06,15.828571319580078,16.009523391723633,15.723809242248535,15.857142448425291,11.19689655303955,3791130,0.0,0.0
2018-03-07,15.666666030883787,15.99047565460205,15.466666221618652,15.466666221618652,10.921177864074709,7581735,0.0,0.0
2018-03-08,15.476189613342283,15.800000190734863,15.409523010253906,15.704760551452637,11.089298248291016,7202370,0.0,0.0
2018-03-09,15.69523811340332,16.123809814453125,15.571428298950195,16.038095474243164,11.32466983795166,7144410,0.0,0.0
2018-03-12,16.047618865966797,16.21904754638672,15.552379608154297,15.580951690673828,11.001875877380373,6345885,0.0,0.0
2018-03-13,15.580951690673828,15.771428108215332,15.228570938110352,15.552379608154297,10.98169994354248,9882075,0.0,0.0
2018-03-14,16.28571319580078,16.571428298950195,16.161903381347656,16.53333282470703,11.674362182617188,23576280,0.0,0.0
2018-03-15,16.628570556640625,17.14285659790039,16.580951690673828,17.0,12.003880500793455,13790595,0.0,0.0
2018-03-16,17.019046783447266,17.27618980407715,16.733333587646484,16.904760360717773,11.936633110046388,10873905,0.0,0.0
2018-03-19,17.047618865966797,17.25714111328125,16.72380828857422,16.866666793823242,11.909733772277832,6776595,0.0,0.0
2018-03-20,16.676189422607422,16.9809513092041,16.428571701049805,16.933332443237305,11.956804275512695,9418710,0.0,0.0
2018-03-21,16.761903762817383,17.495237350463867,16.733333587646484,17.380952835083008,12.27287483215332,12702585,0.0,0.0
2018-03-22,17.323808670043945,17.647619247436523,16.990476608276367,17.104761123657227,12.077852249145508,13325655,0.0,0.0
2018-03-23,16.847618103027344,17.380952835083008,16.733333587646484,16.91428565979004,11.943354606628418,10741605,0.0,0.0
2018-03-26,17.333332061767578,17.333332061767578,16.333332061767578,16.352380752563477,11.546589851379396,13667955,0.0,0.0
2018-03-27,16.380952835083008,16.561904907226562,15.914284706115724,16.095237731933594,11.418219566345217,11698260,0.07619,0.0
2018-03-28,15.857142448425291,16.0,15.647619247436523,15.733332633972168,11.161477088928224,5573505,0.0,0.0
2018-04-03,15.51428508758545,15.971427917480469,15.399999618530272,15.75238037109375,11.174988746643066,14264250,0.0,0.0
2018-04-04,15.714284896850586,15.93333339691162,14.761903762817385,15.095237731933594,10.7088041305542,17360385,0.0,0.0
2018-04-05,15.047618865966797,15.047618865966797,14.076189994812012,14.152379989624023,10.039923667907717,9731505,0.0,0.0
2018-04-06,14.571428298950195,14.952380180358888,14.29523754119873,14.36190414428711,10.188562393188477,11549685,0.0,0.0
2018-04-09,14.304760932922363,14.495238304138184,13.93333339691162,14.095237731933594,9.999384880065918,14811090,0.0,0.0
2018-04-10,14.466666221618652,14.80952262878418,14.019046783447266,14.723809242248535,10.445305824279783,10413585,0.0,0.0
2018-04-11,14.942856788635254,15.171427726745604,14.733332633972168,15.114285469055176,10.722314834594728,9351300,0.0,0.0
2018-04-12,15.20952320098877,15.761903762817385,15.199999809265137,15.380951881408691,10.911494255065918,19150950,0.0,0.0
2018-04-13,15.342857360839844,15.666666030883787,15.009523391723633,15.152379989624023,10.749338150024414,20543355,0.0,0.0
2018-04-16,14.857142448425291,15.123808860778809,13.20952320098877,14.133333206176758,10.026413917541504,22417500,0.0,0.0
2018-04-17,14.285714149475098,14.323808670043944,13.342857360839844,13.638094902038574,9.67508316040039,13650525,0.0,0.0
2018-04-18,13.952380180358888,14.152379989624023,13.438095092773438,13.523809432983398,9.594006538391112,11033820,0.0,0.0
2018-04-19,13.628570556640623,13.895237922668455,13.533332824707031,13.828571319580078,9.810209274291992,9266250,0.0,0.0
2018-04-20,13.714284896850586,13.952380180358888,13.447619438171388,13.78095245361328,9.77642822265625,11695005,0.0,0.0
2018-04-23,13.838094711303713,13.90476131439209,13.371427536010742,13.590476036071776,9.641301155090332,11237100,0.0,0.0
2018-04-24,13.438095092773438,13.571428298950195,13.0,13.371427536010742,9.485904693603516,15111810,0.0,0.0
2018-04-25,13.180952072143556,13.54285717010498,13.0,13.428570747375488,9.526442527770996,7557060,0.0,0.0
2018-04-26,13.133333206176758,13.476189613342283,12.980952262878418,13.371427536010742,9.485904693603516,10925250,0.0,0.0
2018-04-27,13.552379608154297,14.228570938110352,13.380951881408691,14.038095474243164,9.958847999572754,21630735,0.0,0.0
2018-04-30,13.90476131439209,14.114285469055176,13.257142066955566,13.323808670043944,9.45212173461914,8381835,0.0,0.0
2018-05-02,13.476189613342283,13.78095245361328,13.190476417541504,13.580951690673828,9.634543418884276,10108350,0.0,0.0
2018-05-03,13.65714168548584,13.733332633972168,12.96190357208252,13.20952320098877,9.371047019958496,9369360,0.0,0.0
2018-05-04,13.257142066955566,13.266666412353516,12.742856979370115,12.819046974182127,9.094036102294922,13359780,0.0,0.0
2018-05-07,12.761903762817385,13.123808860778809,12.466666221618652,12.914284706115724,9.161599159240724,11550315,0.0,0.0
2018-05-08,12.80952262878418,13.39047622680664,12.561903953552246,13.266666412353516,9.411585807800291,12199845,0.0,0.0
2018-05-09,13.447619438171388,13.571428298950195,13.0,13.247618675231934,9.398072242736816,13596240,0.0,0.0
2018-05-11,13.171427726745604,13.419047355651855,13.0,13.257142066955566,9.404826164245604,6876450,0.0,0.0
2018-05-14,13.428570747375488,13.771428108215332,13.29523754119873,13.609522819519045,9.654812812805176,12250140,0.0,0.0
2018-05-15,13.666666030883787,13.885713577270508,13.428570747375488,13.885713577270508,9.850747108459473,4853310,0.0,0.0
2018-05-16,14.133333206176758,14.600000381469728,13.93333339691162,14.438095092773438,10.24261474609375,19437915,0.0,0.0
2018-05-18,14.523809432983398,14.914284706115724,14.314285278320312,14.78095245361328,10.485843658447266,11551050,0.0,0.0
2018-05-22,14.942856788635254,15.095237731933594,14.399999618530272,14.523809432983398,10.303423881530762,14528115,0.0,0.0
2018-05-23,14.380951881408691,14.466666221618652,14.095237731933594,14.180952072143556,10.06019401550293,10344180,0.0,0.0
2018-05-24,14.428570747375488,15.038095474243164,14.29523754119873,14.952380180358888,10.607457160949709,11456340,0.0,0.0
2018-05-25,14.93333339691162,15.076189994812012,14.75238037109375,14.771428108215332,10.479085922241213,7111335,0.0,0.0
2018-05-28,14.771428108215332,14.980952262878418,14.561903953552246,14.980952262878418,10.627726554870604,9218055,0.0,0.0
2018-05-29,14.914284706115724,15.704760551452637,14.885713577270508,15.39047622680664,10.918251037597656,13243230,0.0,0.0
2018-05-30,15.476189613342283,15.733332633972168,15.29523754119873,15.495238304138184,10.99256992340088,11710755,0.0,0.0
2018-05-31,15.2380952835083,15.285714149475098,14.819046974182127,15.20952320098877,10.789876937866213,15645630,0.0,0.0
2018-06-01,15.590476036071776,15.666666030883787,15.285714149475098,15.476189613342283,10.97905445098877,14099085,0.0,0.0
2018-06-04,15.523809432983398,15.75238037109375,15.5047607421875,15.523809432983398,11.01283836364746,6975675,0.0,0.0
2018-06-05,15.99047565460205,16.30476188659668,15.866665840148926,15.980952262878418,11.337142944335938,14132895,0.0,0.0
2018-06-06,16.133333206176758,16.14285659790039,15.600000381469728,15.857142448425291,11.249310493469238,10653090,0.0,0.0
2018-06-07,15.857142448425291,15.90476131439209,15.36190414428711,15.485713958740234,10.985812187194824,7468650,0.0,0.0
2018-06-08,15.619047164916992,16.11428451538086,15.5047607421875,16.038095474243164,11.377679824829102,9140460,0.0,0.0
2018-06-11,16.11428451538086,16.342857360839844,16.009523391723633,16.30476188659668,11.566858291625977,6943230,0.0,0.0
2018-06-12,16.161903381347656,16.409523010253906,15.819046974182127,15.885713577270508,11.269577026367188,8521380,0.0,0.0
2018-06-13,15.80952262878418,16.019046783447266,15.590476036071776,15.619047164916992,11.080401420593262,13115235,0.0,0.0
2018-06-14,15.571428298950195,16.0285701751709,15.399999618530272,15.84761905670166,11.242555618286133,11943645,0.0,0.0
2018-06-15,16.047618865966797,16.28571319580078,15.857142448425291,16.27618980407715,11.546587944030762,7715505,0.0,0.0
2018-06-18,16.21904754638672,16.333332061767578,16.019046783447266,16.047618865966797,11.384435653686523,5034750,0.0,0.0
2018-06-19,16.200000762939453,16.314285278320312,15.838094711303713,15.885713577270508,11.269577026367188,8835435,0.0,0.0
2018-06-20,16.495237350463867,16.69523811340332,16.076190948486328,16.380952835083008,11.620909690856934,19060440,0.0,0.0
2018-06-21,16.4761905670166,16.53333282470703,15.857142448425291,15.99047565460205,11.343899726867676,11747190,0.0,0.0
2018-06-22,15.828571319580078,15.857142448425291,15.066665649414062,15.304760932922363,10.857443809509276,18004350,0.0,0.0
2018-06-25,15.380951881408691,15.580951690673828,14.828571319580078,15.152379989624023,10.749338150024414,16847355,0.0,0.0
2018-06-26,15.285714149475098,15.523809432983398,15.161904335021973,15.523809432983398,11.01283836364746,9396135,0.0,0.0
2018-06-27,15.228570938110352,15.304760932922363,14.78095245361328,14.78095245361328,10.485843658447266,11346825,0.0,0.0
2018-06-28,15.047618865966797,15.14285659790039,14.69523811340332,14.78095245361328,10.485843658447266,8785665,0.0,0.0
2018-06-29,14.647619247436523,15.019046783447266,14.476189613342283,14.90476131439209,10.573674201965332,9514155,0.0,0.0
2018-07-02,15.14285659790039,15.571428298950195,15.019046783447266,15.438095092773438,10.952031135559082,9759435,0.0,0.0
2018-07-03,15.428570747375488,15.647619247436523,15.08571434020996,15.190476417541504,10.776365280151367,11258730,0.0,0.0
2018-07-04,15.114285469055176,15.476189613342283,14.99047565460205,15.447619438171388,11.055828094482422,7221795,0.133333,0.0
2018-07-05,15.485713958740234,15.714284896850586,14.923809051513672,15.047618865966797,10.769549369812012,13699245,0.0,0.0
2018-07-06,15.2380952835083,15.380951881408691,15.066665649414062,15.133333206176758,10.830894470214844,8526315,0.0,0.0
2018-07-09,15.20952320098877,15.457141876220703,15.20952320098877,15.342857360839844,10.980852127075195,9426060,0.0,0.0
2018-07-10,15.447619438171388,15.552379608154297,15.152379989624023,15.438095092773438,11.049012184143066,11660250,0.0,0.0
2018-07-11,15.447619438171388,15.866665840148926,15.419047355651855,15.523809432983398,11.110358238220217,11992680,0.0,0.0
2018-07-12,15.714284896850586,15.790475845336914,15.066665649414062,15.161904335021973,10.85134506225586,10285485,0.0,0.0
2018-07-13,15.247618675231934,15.419047355651855,14.99047565460205,15.276189804077148,10.933138847351074,8134455,0.0,0.0
2018-07-16,15.14285659790039,15.2380952835083,14.980952262878418,15.095237731933594,10.803630828857422,3903585,0.0,0.0
2018-07-17,15.095237731933594,15.095237731933594,14.75238037109375,14.866665840148926,10.640042304992676,7354305,0.0,0.0
2018-07-18,14.857142448425291,14.895237922668455,14.609522819519045,14.838094711303713,10.619593620300291,6830565,0.0,0.0
2018-07-19,15.028571128845217,15.14285659790039,14.876190185546877,15.104761123657228,10.810444831848145,6887895,0.0,0.0
2018-07-20,15.219046592712402,15.304760932922363,14.838094711303713,14.84761905670166,10.626410484313965,7432845,0.0,0.0
2018-07-23,14.638094902038574,14.69523811340332,14.323808670043944,14.476189613342283,10.36057949066162,11416230,0.0,0.0
2018-07-24,14.65714168548584,14.723809242248535,14.409523010253906,14.561903953552246,10.421923637390137,10321395,0.0,0.0
2018-07-25,14.647619247436523,14.771428108215332,14.495238304138184,14.552379608154297,10.415106773376465,6209280,0.0,0.0
2018-07-26,14.600000381469728,14.78095245361328,14.380951881408691,14.533332824707031,10.401473999023438,5086830,0.0,0.0
2018-07-27,14.523809432983398,15.14285659790039,14.409523010253906,14.885713577270508,10.653674125671388,9579990,0.0,0.0
2018-07-30,14.895237922668455,15.90476131439209,14.895237922668455,15.876190185546877,11.362556457519531,13728540,0.0,0.0
2018-07-31,15.714284896850586,16.352380752563477,15.609522819519045,15.980952262878418,11.437535285949709,14559825,0.0,0.0
2018-08-01,16.190475463867188,16.295238494873047,15.885713577270508,16.0,11.451165199279783,7696080,0.0,0.0
2018-08-02,16.066665649414062,16.438095092773438,16.009523391723633,16.190475463867188,11.58749008178711,12025125,0.0,0.0
2018-08-03,16.171428680419922,16.333332061767578,15.742856979370115,15.771428108215332,11.287577629089355,5969250,0.0,0.0
2018-08-06,15.523809432983398,16.628570556640625,15.523809432983398,16.628570556640625,11.901034355163574,12651135,0.0,0.0
2018-08-07,16.60952377319336,16.80952262878418,16.161903381347656,16.295238494873047,11.662467956542969,14113155,0.0,0.0
2018-08-08,16.28571319580078,16.552379608154297,16.0,16.352380752563477,11.703363418579102,9183930,0.0,0.0
2018-08-09,16.352380752563477,16.44761848449707,16.047618865966797,16.371427536010742,11.716997146606444,10694460,0.0,0.0
2018-08-10,16.314285278320312,16.438095092773438,15.80952262878418,15.885713577270508,11.369370460510254,10229100,0.0,0.0
2018-08-13,16.28571319580078,16.41904640197754,15.942856788635254,16.009523391723633,11.457982063293455,16728495,0.0,0.0
2018-08-14,16.428571701049805,16.72380828857422,15.571428298950195,15.704760551452637,11.239864349365234,30320850,0.0,0.0
2018-08-15,15.619047164916992,15.838094711303713,15.276189804077148,15.438095092773438,11.049012184143066,11108265,0.0,0.0
2018-08-16,15.600000381469728,15.600000381469728,14.866665840148926,15.047618865966797,10.769549369812012,15729315,0.0,0.0
2018-08-17,15.600000381469728,15.609522819519045,14.704760551452637,14.866665840148926,10.640042304992676,28993125,0.0,0.0
2018-08-20,15.14285659790039,15.600000381469728,14.876190185546877,15.266666412353516,10.92632007598877,38966130,0.0,0.0
2018-08-21,15.266666412353516,15.466666221618652,14.771428108215332,14.80952262878418,10.599143981933594,15531810,0.0,0.0
2018-08-22,15.08571434020996,15.171427726745604,14.533332824707031,14.99047565460205,10.728652954101562,16957080,0.0,0.0
2018-08-23,15.190476417541504,15.285714149475098,14.790475845336914,14.790475845336914,10.585512161254885,15244950,0.0,0.0
2018-08-24,15.0,15.428570747375488,15.0,15.428570747375488,11.042195320129396,13242915,0.0,0.0
2018-08-27,15.333333015441896,15.51428508758545,15.038095474243164,15.333333015441896,10.974034309387209,9830310,0.0,0.0
2018-08-28,15.314285278320312,15.314285278320312,14.733332633972168,14.75238037109375,10.55824851989746,13396110,0.0,0.0
2018-08-29,14.952380180358888,15.0,14.257142066955566,14.39047622680664,10.299235343933104,18759825,0.0,0.0
2018-08-30,14.647619247436523,15.104761123657228,14.533332824707031,15.038095474243164,10.762733459472656,15002400,0.0,0.0
2018-08-31,14.742856979370115,14.99047565460205,14.571428298950195,14.93333339691162,10.687755584716797,13730745,0.0,0.0
2018-09-03,14.971427917480469,15.14285659790039,14.123808860778809,14.257142066955566,10.20380687713623,17344215,0.0,0.0
2018-09-04,14.39047622680664,14.761903762817385,14.257142066955566,14.638094902038574,10.476451873779297,10523625,0.0,0.0
2018-09-05,14.676190376281738,15.038095474243164,14.276189804077148,15.038095474243164,10.762733459472656,23689680,0.0,0.0
2018-09-06,15.05714225769043,15.228570938110352,14.69523811340332,14.895237922668455,10.66049098968506,17166660,0.0,0.0
2018-09-07,15.0,15.29523754119873,14.857142448425291,15.047618865966797,10.769549369812012,18162375,0.0,0.0
2018-09-10,15.114285469055176,15.485713958740234,14.952380180358888,15.485713958740234,11.083093643188477,33297390,0.0,0.0
2018-09-11,15.5047607421875,15.980952262878418,15.39047622680664,15.638094902038574,11.192151069641112,35689080,0.0,0.0
2018-09-12,16.009523391723633,16.485713958740234,15.866665840148926,16.133333206176758,11.546594619750977,26769645,0.0,0.0
2018-09-13,16.0,16.333332061767578,15.914284706115724,16.180952072143555,11.580673217773438,12842970,0.0,0.0
2018-09-14,16.53333282470703,16.571428298950195,15.666666030883787,15.714284896850586,11.246679306030272,20694030,0.0,0.0
2018-09-17,15.857142448425291,16.047618865966797,15.314285278320312,15.314285278320312,10.960400581359863,14422800,0.0,0.0
2018-09-18,15.371427536010742,15.552379608154297,15.038095474243164,15.35237979888916,10.987665176391602,11456865,0.0,0.0
2018-09-19,15.466666221618652,15.5047607421875,14.676190376281738,14.704760551452637,10.524168014526367,13607685,0.0,0.0
2018-09-20,14.857142448425291,14.885713577270508,14.304760932922363,14.561903953552246,10.421923637390137,15024345,0.0,0.0
2018-09-21,14.571428298950195,14.600000381469728,13.942856788635254,14.428570747375488,10.326498031616213,19384155,0.0,0.0
2018-09-24,14.666666030883787,15.476189613342283,14.5047607421875,15.457141876220703,11.062644004821776,17669610,0.0,0.0
2018-09-25,15.304760932922363,15.619047164916992,15.114285469055176,15.380951881408691,11.0081148147583,13141275,0.0,0.0
2018-09-26,14.838094711303713,15.095237731933594,14.571428298950195,14.619047164916992,10.462823867797852,16665915,0.0,0.0
2018-09-27,14.90476131439209,14.90476131439209,14.266666412353516,14.647619247436523,10.572813987731934,9947700,0.12381,0.0
2018-09-28,14.533332824707031,14.533332824707031,14.123808860778809,14.20952320098877,10.25658893585205,12101355,0.0,0.0
2018-10-01,14.323808670043944,14.428570747375488,13.866665840148926,14.095237731933594,10.174098014831545,14985075,0.0,0.0
2018-10-02,14.095237731933594,14.190476417541504,13.885713577270508,14.0,10.105353355407717,14190330,0.0,0.0
2018-10-03,14.104761123657228,14.35237979888916,13.90476131439209,14.35237979888916,10.35970687866211,14811300,0.0,0.0
2018-10-04,14.20952320098877,14.609522819519045,14.152379989624023,14.380951881408691,10.380329132080078,10595235,0.0,0.0
2018-10-05,14.247618675231934,14.800000190734863,14.190476417541504,14.742856979370115,10.641555786132812,13241025,0.0,0.0
2018-10-08,15.228570938110352,15.600000381469728,15.199999809265137,15.380951881408691,11.102140426635742,23139690,0.0,0.0
2018-10-09,15.428570747375488,15.533332824707031,14.952380180358888,15.05714225769043,10.86841106414795,14686035,0.0,0.0
2018-10-10,15.123808860778809,15.314285278320312,14.980952262878418,15.2380952835083,10.999027252197266,7060200,0.0,0.0
2018-10-11,14.952380180358888,15.114285469055176,14.723809242248535,15.066665649414062,10.875283241271973,12876570,0.0,0.0
2018-10-12,15.038095474243164,15.447619438171388,14.895237922668455,14.923809051513672,10.772171020507812,13314735,0.0,0.0
2018-10-15,14.90476131439209,14.99047565460205,14.495238304138184,14.600000381469728,10.53843879699707,13443780,0.0,0.0
2018-10-16,14.866665840148926,15.0,14.5047607421875,14.742856979370115,10.641555786132812,11873295,0.0,0.0
2018-10-17,14.885713577270508,15.0,14.600000381469728,14.666666030883787,10.586563110351562,12230295,0.0,0.0
2018-10-18,14.69523811340332,14.828571319580078,14.399999618530272,14.609522819519045,10.545313835144045,9804060,0.0,0.0
2018-10-19,14.409523010253906,14.666666030883787,14.323808670043944,14.409523010253906,10.400951385498049,11578770,0.0,0.0
2018-10-22,14.438095092773438,14.638094902038574,14.36190414428711,14.380951881408691,10.380329132080078,13511820,0.0,0.0
2018-10-23,14.466666221618652,14.800000190734863,14.466666221618652,14.495238304138184,10.462823867797852,13094445,0.0,0.0
2018-10-24,14.647619247436523,14.857142448425291,14.428570747375488,14.428570747375488,10.414702415466309,11478075,0.0,0.0
2018-10-25,14.533332824707031,14.600000381469728,13.742856979370115,13.857142448425291,10.002237319946287,14018865,0.0,0.0
2018-10-26,13.90476131439209,14.314285278320312,13.80952262878418,14.009523391723633,10.112228393554688,13094865,0.0,0.0
2018-10-29,13.980952262878418,14.114285469055176,13.685713768005373,14.08571434020996,10.167223930358888,6738270,0.0,0.0
2018-10-30,14.038095474243164,14.114285469055176,13.485713958740234,13.733332633972168,9.912872314453123,14569905,0.0,0.0
2018-10-31,13.838094711303713,14.190476417541504,13.75238037109375,14.114285469055176,10.187846183776855,9387000,0.0,0.0
2018-11-01,14.095237731933594,14.69523811340332,13.876190185546877,14.476189613342283,10.44907283782959,12713610,0.0,0.0
2018-11-02,14.419047355651855,14.857142448425291,14.095237731933594,14.380951881408691,10.380329132080078,14543760,0.0,0.0
2018-11-05,14.438095092773438,14.90476131439209,14.438095092773438,14.761903762817385,10.65530490875244,12773355,0.0,0.0
2018-11-06,14.790475845336914,15.047618865966797,14.65714168548584,14.800000190734863,10.6828031539917,9541455,0.0,0.0
2018-11-07,14.857142448425291,15.0,14.638094902038574,14.819046974182127,10.69654941558838,9539880,0.0,0.0
2018-11-08,14.980952262878418,15.333333015441896,14.923809051513672,15.2380952835083,10.999027252197266,11851560,0.0,0.0
2018-11-09,15.104761123657228,15.133333206176758,14.800000190734863,14.84761905670166,10.71717643737793,12143670,0.0,0.0
2018-11-12,14.885713577270508,14.942856788635254,14.133333206176758,14.495238304138184,10.462823867797852,30814035,0.0,0.0
2018-11-13,14.39047622680664,14.533332824707031,14.180952072143556,14.476189613342283,10.44907283782959,15176175,0.0,0.0
2018-11-14,14.51428508758545,14.647619247436523,14.190476417541504,14.190476417541504,10.242841720581056,15308265,0.0,0.0
2018-11-15,14.266666412353516,14.342857360839844,14.104761123657228,14.219046592712402,10.263463973999023,11535510,0.0,0.0
2018-11-16,14.14285659790039,14.466666221618652,14.047618865966797,14.333333015441896,10.34595775604248,17088960,0.0,0.0
2018-11-19,14.476189613342283,14.761903762817385,14.399999618530272,14.75238037109375,10.648430824279783,12955005,0.0,0.0
2018-11-20,14.761903762817385,14.876190185546877,14.54285717010498,14.761903762817385,10.65530490875244,6644085,0.0,0.0
2018-11-21,14.65714168548584,14.761903762817385,14.571428298950195,14.733332633972168,10.634681701660156,11591370,0.0,0.0
2018-11-22,14.80952262878418,14.952380180358888,14.590476036071776,14.90476131439209,10.758419036865234,11510835,0.0,0.0
2018-11-23,14.923809051513672,15.266666412353516,14.857142448425291,15.228570938110352,10.992149353027344,12155745,0.0,0.0
2018-11-26,14.90476131439209,15.219046592712402,14.790475845336914,14.895237922668455,10.751546859741213,13550775,0.0,0.0
2018-11-27,15.038095474243164,15.123808860778809,14.895237922668455,14.895237922668455,10.751546859741213,9967230,0.0,0.0
2018-11-28,15.104761123657228,15.523809432983398,15.05714225769043,15.380951881408691,11.102140426635742,13939905,0.0,0.0
2018-11-29,15.495238304138184,15.523809432983398,14.876190185546877,14.90476131439209,10.758419036865234,14683095,0.0,0.0
2018-11-30,15.047618865966797,15.257142066955566,14.952380180358888,15.047618865966797,10.861536979675291,9724575,0.0,0.0
2018-12-03,15.095237731933594,15.228570938110352,14.857142448425291,15.228570938110352,10.992149353027344,9950850,0.0,0.0
2018-12-04,15.199999809265137,15.380951881408691,15.104761123657228,15.161904335021973,10.944029808044434,12584040,0.0,0.0
2018-12-05,15.066665649414062,15.076189994812012,14.600000381469728,14.600000381469728,10.53843879699707,11397330,0.0,0.0
2018-12-06,14.714284896850586,14.952380180358888,14.438095092773438,14.5047607421875,10.469696044921877,10594815,0.0,0.0
