Date,Open,High,Low,Close,Adj Close,Volume,Dividends,Stock Splits
2007-01-02,6068052.0,6068052.0,6068052.0,6068052.0,4646901.0,0,0.0,0.0
2007-01-03,6068052.0,6068052.0,6068052.0,6068052.0,4646901.0,0,0.0,0.0
2007-01-04,6068052.0,6068052.0,6068052.0,6068052.0,4646901.0,0,0.0,0.0
2007-01-05,6068052.0,6068052.0,6068052.0,6068052.0,4646901.0,0,0.0,0.0
2007-01-08,6068052.0,6068052.0,6068052.0,6068052.0,4646901.0,0,0.0,0.0
2007-01-09,6068052.0,6068052.0,6068052.0,6068052.0,4646901.0,0,0.0,0.0
2007-01-10,6068052.0,6068052.0,6068052.0,6068052.0,4646901.0,0,0.0,0.0
2007-01-11,6068052.0,6068052.0,6068052.0,6068052.0,4646901.0,0,0.0,0.0
2007-01-12,6068052.0,6068052.0,6068052.0,6068052.0,4646901.0,0,0.0,0.0
2007-01-15,6068052.0,6068052.0,6068052.0,6068052.0,4646901.0,0,0.0,0.0
2007-01-16,6068052.0,6068052.0,6068052.0,6068052.0,4646901.0,0,0.0,0.0
2007-01-17,6068052.0,6068052.0,6068052.0,6068052.0,4646901.0,0,0.0,0.0
2007-01-18,6068052.0,6068052.0,6068052.0,6068052.0,4646901.0,0,0.0,0.0
2007-01-19,6068052.0,6068052.0,6068052.0,6068052.0,4646901.0,0,0.0,0.0
2007-01-22,6068052.0,6068052.0,6068052.0,6068052.0,4646901.0,0,0.0,0.0
2007-01-23,6068052.0,6068052.0,6068052.0,6068052.0,4646901.0,0,0.0,0.0
2007-01-24,6068052.0,6068052.0,6068052.0,6068052.0,4646901.0,0,0.0,0.0
2007-01-25,6068052.0,6068052.0,6068052.0,6068052.0,4646901.0,0,0.0,0.0
2007-01-26,6068052.0,6068052.0,6068052.0,6068052.0,4646901.0,0,0.0,0.0
2007-01-29,6068052.0,6068052.0,6068052.0,6068052.0,4646901.0,0,0.0,0.0
2007-01-30,6068052.0,6068052.0,6068052.0,6068052.0,4646901.0,0,0.0,0.0
2007-01-31,6068052.0,6068052.0,6068052.0,6068052.0,4646901.0,0,0.0,0.0
2007-02-01,6068052.0,6068052.0,6068052.0,6068052.0,4646901.0,0,0.0,0.0
2007-02-02,6068052.0,6068052.0,6068052.0,6068052.0,4646901.0,0,0.0,0.0
2007-02-05,6068052.0,6068052.0,6068052.0,6068052.0,4646901.0,0,0.0,0.0
2007-02-06,6068052.0,6068052.0,6068052.0,6068052.0,4646901.0,0,0.0,0.0
2007-02-07,6068052.0,6068052.0,6068052.0,6068052.0,4646901.0,0,0.0,0.0
2007-02-08,6068052.0,6068052.0,6068052.0,6068052.0,4646901.0,0,0.0,0.0
2007-02-09,6068052.0,6068052.0,6068052.0,6068052.0,4646901.0,0,0.0,0.0
2007-02-12,6068052.0,6068052.0,6068052.0,6068052.0,4646901.0,0,0.0,0.0
2007-02-13,6068052.0,6068052.0,6068052.0,6068052.0,4646901.0,0,0.0,0.0
2007-02-14,6068052.0,6068052.0,6068052.0,6068052.0,4646901.0,0,0.0,0.0
2007-02-15,6068052.0,6068052.0,6068052.0,6068052.0,4646901.0,0,0.0,0.0
2007-02-16,6068052.0,6068052.0,6068052.0,6068052.0,4646901.0,0,0.0,0.0
2007-02-19,6068052.0,6068052.0,6068052.0,6068052.0,4646901.0,0,0.0,0.0
2007-02-20,6068052.0,6068052.0,6068052.0,6068052.0,4646901.0,0,0.0,0.0
2007-02-21,6068052.0,6068052.0,6068052.0,6068052.0,4646901.0,0,0.0,0.0
2007-02-22,6068052.0,6068052.0,6068052.0,6068052.0,4646901.0,0,0.0,0.0
2007-02-23,6068052.0,6068052.0,6068052.0,6068052.0,4646901.0,0,0.0,0.0
2007-02-26,6068052.0,6068052.0,6068052.0,6068052.0,4646901.0,0,0.0,0.0
2007-02-27,6068052.0,6068052.0,6068052.0,6068052.0,4646901.0,0,0.0,0.0
2007-02-28,6068052.0,6068052.0,6068052.0,6068052.0,4646901.0,0,0.0,0.0
2007-03-01,6068052.0,6068052.0,6068052.0,6068052.0,4646901.0,0,0.0,0.0
2007-03-02,6068052.0,6068052.0,6068052.0,6068052.0,4646901.0,0,0.0,0.0
2007-03-05,6068052.0,6068052.0,6068052.0,6068052.0,4646901.0,0,0.0,0.0
2007-03-06,6068052.0,6068052.0,6068052.0,6068052.0,4646901.0,0,0.0,0.0
2007-03-07,6068052.0,6068052.0,6068052.0,6068052.0,4646901.0,0,0.0,0.0
2007-03-08,6068052.0,6068052.0,6068052.0,6068052.0,4646901.0,0,0.0,0.0
2007-03-09,6068052.0,6068052.0,6068052.0,6068052.0,4646901.0,0,0.0,0.0
2007-03-12,6068052.0,6068052.0,6068052.0,6068052.0,4646901.0,0,0.0,0.0
2007-03-13,6068052.0,6068052.0,6068052.0,6068052.0,4646901.0,0,0.0,0.0
2007-03-14,6068052.0,6068052.0,6068052.0,6068052.0,4646901.0,0,0.0,0.0
2007-03-15,6068052.0,6068052.0,6068052.0,6068052.0,4646901.0,0,0.0,0.0
2007-03-16,6068052.0,6068052.0,6068052.0,6068052.0,4646901.0,0,0.0,0.0
2007-03-19,6068052.0,6068052.0,6068052.0,6068052.0,4646901.0,0,0.0,0.0
2007-03-20,6068052.0,6068052.0,6068052.0,6068052.0,4646901.0,0,0.0,0.0
2007-03-21,6068052.0,6068052.0,6068052.0,6068052.0,4646901.0,0,0.0,0.0
2007-03-22,6068052.0,6068052.0,6068052.0,6068052.0,4646901.0,0,0.0,0.0
2007-03-23,6068052.0,6068052.0,6068052.0,6068052.0,4646901.0,0,0.0,0.0
2007-03-26,6068052.0,6068052.0,6068052.0,6068052.0,4646901.0,0,0.0,0.0
2007-03-27,6068052.0,6068052.0,6068052.0,6068052.0,4646901.0,0,0.0,0.0
2007-03-28,6068052.0,6068052.0,6068052.0,6068052.0,4646901.0,0,0.0,0.0
2007-03-29,6068052.0,6068052.0,6068052.0,6068052.0,4646901.0,0,0.0,0.0
2007-03-30,6068052.0,6068052.0,6068052.0,6068052.0,4646901.0,0,0.0,0.0
2007-04-02,6068052.0,6068052.0,6068052.0,6068052.0,4646901.0,0,0.0,0.0
2007-04-03,6068052.0,6068052.0,6068052.0,6068052.0,4646901.0,0,0.0,0.0
2007-04-04,6068052.0,6068052.0,6068052.0,6068052.0,4646901.0,0,0.0,0.0
2007-04-10,6068052.0,6068052.0,6068052.0,6068052.0,4646901.0,0,0.0,0.0
2007-04-11,6068052.0,6068052.0,6068052.0,6068052.0,4646901.0,0,0.0,0.0
2007-04-12,6068052.0,6068052.0,6068052.0,6068052.0,4646901.0,0,0.0,0.0
2007-04-13,6068052.0,6068052.0,6068052.0,6068052.0,4646901.0,0,0.0,0.0
2007-04-16,6068052.0,6068052.0,6068052.0,6068052.0,4646901.0,0,0.0,0.0
2007-04-17,6068052.0,6068052.0,6068052.0,6068052.0,4646901.0,0,0.0,0.0
2007-04-18,6068052.0,6068052.0,6068052.0,6068052.0,4646901.0,0,0.0,0.0
2007-04-19,6068052.0,6068052.0,6068052.0,6068052.0,4646901.0,0,0.0,0.0
2007-04-20,6068052.0,6068052.0,6068052.0,6068052.0,4646901.0,0,0.0,0.0
2007-04-23,6068052.0,6068052.0,6068052.0,6068052.0,4646901.0,0,0.0,0.0
2007-04-24,6068052.0,6068052.0,6068052.0,6068052.0,4646901.0,0,0.0,0.0
2007-04-25,6068052.0,6068052.0,6068052.0,6068052.0,4646901.0,0,0.0,0.0
2007-04-26,6068052.0,6068052.0,6068052.0,6068052.0,4646901.0,0,0.0,0.0
2007-04-27,6068052.0,6068052.0,6068052.0,6068052.0,4646901.0,0,0.0,0.0
2007-04-30,6068052.0,6068052.0,6068052.0,6068052.0,4646901.0,0,0.0,0.0
2007-05-02,6068052.0,6068052.0,6068052.0,6068052.0,4646901.0,0,0.0,0.0
2007-05-03,6068052.0,6068052.0,6068052.0,6068052.0,4646901.0,0,0.0,0.0
2007-05-04,6.304999828338623,6.304999828338623,6.304999828338623,6.304999828338623,4.82835578918457,1600,0.0,0.0
2007-05-07,6.304999828338623,6.304999828338623,6.304999828338623,6.304999828338623,4.82835578918457,0,0.0,0.0
2007-05-08,7.5,7.5,7.5,7.5,5.7434844970703125,800,0.0,0.0
2007-05-09,7.5,7.5,7.5,7.5,5.7434844970703125,0,0.0,0.0
2007-05-10,7.5,7.5,7.5,7.5,5.7434844970703125,0,0.0,0.0
2007-05-11,7.5,7.5,7.5,7.5,5.7434844970703125,0,0.0,0.0
2007-05-14,7.5,7.5,7.5,7.5,5.7434844970703125,0,0.0,0.0
2007-05-15,7.5,7.5,7.5,7.5,5.7434844970703125,0,0.0,0.0
2007-05-16,7.5,7.5,7.5,7.5,5.7434844970703125,0,0.0,0.0
2007-05-18,7.5,7.5,7.5,7.5,5.7434844970703125,0,0.0,0.0
2007-05-21,7.5,7.5,7.5,7.5,5.7434844970703125,0,0.0,0.0
2007-05-22,7.5,7.5,7.5,7.5,5.7434844970703125,0,0.0,0.0
2007-05-23,7.5,7.5,7.5,7.5,5.7434844970703125,0,0.0,0.0
2007-05-24,7.5,7.5,7.5,7.5,5.7434844970703125,0,0.0,0.0
2007-05-25,7.5,7.5,7.5,7.5,5.7434844970703125,0,0.0,0.0
2007-05-29,7.5,7.5,7.5,7.5,5.7434844970703125,0,0.0,0.0
2007-05-30,7.5,7.5,7.5,7.5,5.7434844970703125,0,0.0,0.0
2007-05-31,7.5,7.5,7.5,7.5,5.7434844970703125,0,0.0,0.0
2007-06-01,7.5,7.5,7.5,7.5,5.7434844970703125,0,0.0,0.0
2007-06-04,7.5,7.5,7.5,7.5,5.7434844970703125,0,0.0,0.0
2007-06-05,7.5,7.5,7.5,7.5,5.7434844970703125,0,0.0,0.0
2007-06-06,7.5,7.5,7.5,7.5,5.7434844970703125,0,0.0,0.0
2007-06-07,7.5,7.5,7.5,7.5,5.7434844970703125,0,0.0,0.0
2007-06-08,7.5,7.5,7.5,7.5,5.7434844970703125,0,0.0,0.0
2007-06-11,7.5,7.5,7.5,7.5,5.7434844970703125,0,0.0,0.0
2007-06-12,7.5,7.5,7.5,7.5,5.7434844970703125,0,0.0,0.0
2007-06-13,7.5,7.5,7.5,7.5,5.7434844970703125,0,0.0,0.0
2007-06-14,7.5,7.5,7.5,7.5,5.7434844970703125,0,0.0,0.0
2007-06-15,7.5,7.5,7.5,7.5,5.7434844970703125,0,0.0,0.0
2007-06-18,7.5,7.5,7.5,7.5,5.7434844970703125,0,0.0,0.0
2007-06-19,7.5,7.5,7.5,7.5,5.7434844970703125,0,0.0,0.0
2007-06-20,7.5,7.5,7.5,7.5,5.7434844970703125,0,0.0,0.0
2007-06-21,7.5,7.5,7.5,7.5,5.7434844970703125,0,0.0,0.0
2007-06-22,7.5,7.5,7.5,7.5,5.7434844970703125,0,0.0,0.0
2007-06-25,7.5,7.5,7.5,7.5,5.7434844970703125,0,0.0,0.0
2007-06-26,7.5,7.5,7.5,7.5,5.7434844970703125,0,0.0,0.0
2007-06-27,7.5,7.5,7.5,7.5,5.7434844970703125,0,0.0,0.0
2007-06-28,7.5,7.5,7.5,7.5,5.7434844970703125,0,0.0,0.0
2007-06-29,7.5,7.5,7.5,7.5,5.7434844970703125,0,0.0,0.0
2007-07-02,7.5,7.5,7.5,7.5,5.7434844970703125,0,0.0,0.0
2007-07-03,7.5,7.5,7.5,7.5,5.7434844970703125,0,0.0,0.0
2007-07-04,7.5,7.5,7.5,7.5,5.7434844970703125,0,0.0,0.0
2007-07-05,7.5,7.5,7.5,7.5,5.7434844970703125,0,0.0,0.0
2007-07-06,7.5,7.5,7.5,7.5,5.7434844970703125,0,0.0,0.0
2007-07-09,7.5,7.5,7.5,7.5,5.7434844970703125,0,0.0,0.0
2007-07-10,7.5,7.5,7.5,7.5,5.7434844970703125,0,0.0,0.0
2007-07-11,7.5,7.5,7.5,7.5,5.7434844970703125,0,0.0,0.0
2007-07-12,7.5,7.5,7.5,7.5,5.7434844970703125,0,0.0,0.0
2007-07-13,7.5,7.5,7.5,7.5,5.7434844970703125,0,0.0,0.0
2007-07-16,7.5,7.5,7.5,7.5,5.7434844970703125,0,0.0,0.0
2007-07-17,7.5,7.5,7.5,7.5,5.7434844970703125,0,0.0,0.0
2007-07-18,7.5,7.5,7.5,7.5,5.7434844970703125,0,0.0,0.0
2007-07-19,7.5,7.5,7.5,7.5,5.7434844970703125,0,0.0,0.0
2007-07-20,7.5,7.5,7.5,7.5,5.7434844970703125,0,0.0,0.0
2007-07-23,7.5,7.5,7.5,7.5,5.7434844970703125,0,0.0,0.0
2007-07-24,7.5,7.5,7.5,7.5,5.7434844970703125,0,0.0,0.0
2007-07-25,7.5,7.5,7.5,7.5,5.7434844970703125,0,0.0,0.0
2007-07-26,7.5,7.5,7.5,7.5,5.7434844970703125,0,0.0,0.0
2007-07-27,7.5,7.5,7.5,7.5,5.7434844970703125,0,0.0,0.0
2007-07-30,7.5,7.5,7.5,7.5,5.7434844970703125,0,0.0,0.0
2007-07-31,7.5,7.5,7.5,7.5,5.7434844970703125,0,0.0,0.0
2007-08-01,7.5,7.5,7.5,7.5,5.7434844970703125,0,0.0,0.0
2007-08-02,7.5,7.5,7.5,7.5,5.7434844970703125,0,0.0,0.0
2007-08-03,7.5,7.5,7.5,7.5,5.7434844970703125,0,0.0,0.0
2007-08-06,7.5,7.5,7.5,7.5,5.7434844970703125,0,0.0,0.0
2007-08-07,7.5,7.5,7.5,7.5,5.7434844970703125,0,0.0,0.0
2007-08-08,7.5,7.5,7.5,7.5,5.7434844970703125,0,0.0,0.0
2007-08-09,7.5,7.5,7.5,7.5,5.7434844970703125,0,0.0,0.0
2007-08-10,7.5,7.5,7.5,7.5,5.7434844970703125,0,0.0,0.0
2007-08-13,7.5,7.5,7.5,7.5,5.7434844970703125,0,0.0,0.0
2007-08-14,7.5,7.5,7.5,7.5,5.7434844970703125,0,0.0,0.0
2007-08-15,7.5,7.5,7.5,7.5,5.7434844970703125,0,0.0,0.0
2007-08-16,7.5,7.5,7.5,7.5,5.7434844970703125,0,0.0,0.0
2007-08-17,7.5,7.5,7.5,7.5,5.7434844970703125,0,0.0,0.0
2007-08-20,7.5,7.5,7.5,7.5,5.7434844970703125,0,0.0,0.0
2007-08-21,7.5,7.5,7.5,7.5,5.7434844970703125,0,0.0,0.0
2007-08-22,7.5,7.5,7.5,7.5,5.7434844970703125,0,0.0,0.0
2007-08-23,7.5,7.5,7.5,7.5,5.7434844970703125,0,0.0,0.0
2007-08-24,7.5,7.5,7.5,7.5,5.7434844970703125,0,0.0,0.0
2007-08-27,7.5,7.5,7.5,7.5,5.7434844970703125,0,0.0,0.0
2007-08-28,7.5,7.5,7.5,7.5,5.7434844970703125,0,0.0,0.0
2007-08-29,7.5,7.5,7.5,7.5,5.7434844970703125,0,0.0,0.0
2007-08-30,7.5,7.5,7.5,7.5,5.7434844970703125,0,0.0,0.0
2007-08-31,7.5,7.5,7.5,7.5,5.7434844970703125,0,0.0,0.0
2007-09-03,7.5,7.5,7.5,7.5,5.7434844970703125,0,0.0,0.0
2007-09-04,7.5,7.5,7.5,7.5,5.7434844970703125,0,0.0,0.0
2007-09-05,7.5,7.5,7.5,7.5,5.7434844970703125,0,0.0,0.0
2007-09-06,7.5,7.5,7.5,7.5,5.7434844970703125,0,0.0,0.0
2007-09-07,7.5,7.5,7.5,7.5,5.7434844970703125,0,0.0,0.0
2007-09-10,7.5,7.5,7.5,7.5,5.7434844970703125,0,0.0,0.0
2007-09-11,7.5,7.5,7.5,7.5,5.7434844970703125,0,0.0,0.0
2007-09-12,7.5,7.5,7.5,7.5,5.7434844970703125,0,0.0,0.0
2007-09-13,7.5,7.5,7.5,7.5,5.7434844970703125,0,0.0,0.0
2007-09-14,7.5,7.5,7.5,7.5,5.7434844970703125,0,0.0,0.0
2007-09-17,7.5,7.5,7.5,7.5,5.7434844970703125,0,0.0,0.0
2007-09-18,7.5,7.5,7.5,7.5,5.7434844970703125,0,0.0,0.0
2007-09-19,7.5,7.5,7.5,7.5,5.7434844970703125,0,0.0,0.0
2007-09-20,7.5,7.5,7.5,7.5,5.7434844970703125,0,0.0,0.0
2007-09-21,7.5,7.5,7.5,7.5,5.7434844970703125,0,0.0,0.0
2007-09-24,7.5,7.5,7.5,7.5,5.7434844970703125,0,0.0,0.0
2007-09-25,7.5,7.5,7.5,7.5,5.7434844970703125,0,0.0,0.0
2007-09-26,7.5,7.5,7.5,7.5,5.7434844970703125,0,0.0,0.0
2007-09-27,7.5,7.5,7.5,7.5,5.7434844970703125,0,0.0,0.0
2007-09-28,7.5,7.5,7.5,7.5,5.7434844970703125,0,0.0,0.0
2007-10-01,7.5,7.5,7.5,7.5,5.7434844970703125,0,0.0,0.0
2007-10-02,7.5,7.5,7.5,7.5,5.7434844970703125,0,0.0,0.0
2007-10-03,7.5,7.5,7.5,7.5,5.7434844970703125,0,0.0,0.0
2007-10-04,7.5,7.5,7.5,7.5,5.7434844970703125,0,0.0,0.0
2007-10-05,7.5,7.5,7.5,7.5,5.7434844970703125,0,0.0,0.0
2007-10-08,7.5,7.5,7.5,7.5,5.7434844970703125,0,0.0,0.0
2007-10-09,7.5,7.5,7.5,7.5,5.7434844970703125,0,0.0,0.0
2007-10-10,7.5,7.5,7.5,7.5,5.7434844970703125,0,0.0,0.0
2007-10-11,7.5,7.5,7.5,7.5,5.7434844970703125,0,0.0,0.0
2007-10-12,7.5,7.5,7.5,7.5,5.7434844970703125,0,0.0,0.0
2007-10-15,7.5,7.5,7.5,7.5,5.7434844970703125,0,0.0,0.0
2007-10-16,7.5,7.5,7.5,7.5,5.7434844970703125,0,0.0,0.0
2007-10-17,7.5,7.5,7.5,7.5,5.7434844970703125,0,0.0,0.0
2007-10-18,7.5,7.5,7.5,7.5,5.7434844970703125,0,0.0,0.0
2007-10-19,7.5,7.5,7.5,7.5,5.7434844970703125,0,0.0,0.0
2007-10-22,7.5,7.5,7.5,7.5,5.7434844970703125,0,0.0,0.0
2007-10-23,7.5,7.5,7.5,7.5,5.7434844970703125,0,0.0,0.0
2007-10-24,7.5,7.5,7.5,7.5,5.7434844970703125,0,0.0,0.0
2007-10-25,7.5,7.5,7.5,7.5,5.7434844970703125,0,0.0,0.0
2007-10-26,7.5,7.5,7.5,7.5,5.7434844970703125,0,0.0,0.0
2007-10-29,7.5,7.5,7.5,7.5,5.7434844970703125,0,0.0,0.0
2007-10-30,7.5,7.5,7.5,7.5,5.7434844970703125,0,0.0,0.0
2007-10-31,7.5,7.5,7.5,7.5,5.7434844970703125,0,0.0,0.0
2007-11-01,7.5,7.5,7.5,7.5,5.7434844970703125,0,0.0,0.0
2007-11-02,7.5,7.5,7.5,7.5,5.7434844970703125,0,0.0,0.0
2007-11-05,7.5,7.5,7.5,7.5,5.7434844970703125,0,0.0,0.0
2007-11-06,7.5,7.5,7.5,7.5,5.7434844970703125,0,0.0,0.0
2007-11-07,7.5,7.5,7.5,7.5,5.7434844970703125,0,0.0,0.0
2007-11-08,7.5,7.5,7.5,7.5,5.7434844970703125,0,0.0,0.0
2007-11-09,7.5,7.5,7.5,7.5,5.7434844970703125,0,0.0,0.0
2007-11-12,7.5,7.5,7.5,7.5,5.7434844970703125,0,0.0,0.0
2007-11-13,7.5,7.5,7.5,7.5,5.7434844970703125,0,0.0,0.0
2007-11-14,7.5,7.5,7.5,7.5,5.7434844970703125,0,0.0,0.0
2007-11-15,7.5,7.5,7.5,7.5,5.7434844970703125,0,0.0,0.0
2007-11-16,7.5,7.5,7.5,7.5,5.7434844970703125,0,0.0,0.0
2007-11-19,7.5,7.5,7.5,7.5,5.7434844970703125,0,0.0,0.0
2007-11-20,7.5,7.5,7.5,7.5,5.7434844970703125,0,0.0,0.0
2007-11-21,7.5,7.5,7.5,7.5,5.7434844970703125,0,0.0,0.0
2007-11-22,7.5,7.5,7.5,7.5,5.7434844970703125,0,0.0,0.0
2007-11-23,7.5,7.5,7.5,7.5,5.7434844970703125,0,0.0,0.0
2007-11-26,7.5,7.5,7.5,7.5,5.7434844970703125,0,0.0,0.0
2007-11-27,7.5,7.5,7.5,7.5,5.7434844970703125,0,0.0,0.0
2007-11-28,7.5,7.5,7.5,7.5,5.7434844970703125,0,0.0,0.0
2007-11-29,7.5,7.5,7.5,7.5,5.7434844970703125,0,0.0,0.0
2007-11-30,7.5,7.5,7.5,7.5,5.7434844970703125,0,0.0,0.0
2007-12-03,7.5,7.5,7.5,7.5,5.7434844970703125,0,0.0,0.0
2007-12-04,7.5,7.5,7.5,7.5,5.7434844970703125,0,0.0,0.0
2007-12-05,7.5,7.5,7.5,7.5,5.7434844970703125,0,0.0,0.0
2007-12-06,7.5,7.5,7.5,7.5,5.7434844970703125,0,0.0,0.0
2007-12-07,7.5,7.5,7.5,7.5,5.7434844970703125,0,0.0,0.0
2007-12-10,7.5,7.5,7.5,7.5,5.7434844970703125,0,0.0,0.0
2007-12-11,7.5,7.5,7.5,7.5,5.7434844970703125,0,0.0,0.0
2007-12-12,7.5,7.5,7.5,7.5,5.7434844970703125,0,0.0,0.0
2007-12-13,7.5,7.5,7.5,7.5,5.7434844970703125,0,0.0,0.0
2007-12-14,7.5,7.5,7.5,7.5,5.7434844970703125,0,0.0,0.0
2007-12-17,7.5,7.5,7.5,7.5,5.7434844970703125,0,0.0,0.0
2007-12-18,7.5,7.5,7.5,7.5,5.7434844970703125,0,0.0,0.0
2007-12-19,7.5,7.5,7.5,7.5,5.7434844970703125,0,0.0,0.0
2007-12-20,7.5,7.5,7.5,7.5,5.7434844970703125,0,0.0,0.0
2007-12-21,7.5,7.5,7.5,7.5,5.7434844970703125,0,0.0,0.0
2007-12-27,7.5,7.5,7.5,7.5,5.7434844970703125,0,0.0,0.0
2007-12-28,7.5,7.5,7.5,7.5,5.7434844970703125,0,0.0,0.0
2008-01-02,7.5,7.5,7.5,7.5,5.7434844970703125,0,0.0,0.0
2008-01-03,7.5,7.5,7.5,7.5,5.7434844970703125,0,0.0,0.0
2008-01-04,7.5,7.5,7.5,7.5,5.7434844970703125,0,0.0,0.0
2008-01-07,7.5,7.5,7.5,7.5,5.7434844970703125,0,0.0,0.0
2008-01-08,7.5,7.5,7.5,7.5,5.7434844970703125,0,0.0,0.0
2008-01-09,7.5,7.5,7.5,7.5,5.7434844970703125,0,0.0,0.0
2008-01-10,7.5,7.5,7.5,7.5,5.7434844970703125,0,0.0,0.0
2008-01-11,7.5,7.5,7.5,7.5,5.7434844970703125,0,0.0,0.0
2008-01-14,7.5,7.5,7.5,7.5,5.7434844970703125,0,0.0,0.0
2008-01-15,7.5,7.5,7.5,7.5,5.7434844970703125,0,0.0,0.0
2008-01-16,7.5,7.5,7.5,7.5,5.7434844970703125,0,0.0,0.0
2008-01-17,7.5,7.5,7.5,7.5,5.7434844970703125,0,0.0,0.0
2008-01-18,7.5,7.5,7.5,7.5,5.7434844970703125,0,0.0,0.0
2008-01-21,7.5,7.5,7.5,7.5,5.7434844970703125,0,0.0,0.0
2008-01-22,7.5,7.5,7.5,7.5,5.7434844970703125,0,0.0,0.0
2008-01-23,7.5,7.5,7.5,7.5,5.7434844970703125,0,0.0,0.0
2008-01-24,7.5,7.5,7.5,7.5,5.7434844970703125,0,0.0,0.0
2008-01-25,7.5,7.5,7.5,7.5,5.7434844970703125,0,0.0,0.0
2008-01-28,7.5,7.5,7.5,7.5,5.7434844970703125,0,0.0,0.0
2008-01-29,7.5,7.5,7.5,7.5,5.7434844970703125,0,0.0,0.0
2008-01-30,7.5,7.5,7.5,7.5,5.7434844970703125,0,0.0,0.0
2008-01-31,7.5,7.5,7.5,7.5,5.7434844970703125,0,0.0,0.0
2008-02-01,7.5,7.5,7.5,7.5,5.7434844970703125,0,0.0,0.0
2008-02-04,7.5,7.5,7.5,7.5,5.7434844970703125,0,0.0,0.0
2008-02-05,7.5,7.5,7.5,7.5,5.7434844970703125,0,0.0,0.0
2008-02-06,7.5,7.5,7.5,7.5,5.7434844970703125,0,0.0,0.0
2008-02-07,7.5,7.5,7.5,7.5,5.7434844970703125,0,0.0,0.0
2008-02-08,7.5,7.5,7.5,7.5,5.7434844970703125,0,0.0,0.0
2008-02-11,7.5,7.5,7.5,7.5,5.7434844970703125,0,0.0,0.0
2008-02-12,7.5,7.5,7.5,7.5,5.7434844970703125,0,0.0,0.0
2008-02-13,7.5,7.5,7.5,7.5,5.7434844970703125,0,0.0,0.0
2008-02-14,7.5,7.5,7.5,7.5,5.7434844970703125,0,0.0,0.0
2008-02-15,7.5,7.5,7.5,7.5,5.7434844970703125,0,0.0,0.0
2008-02-18,7.5,7.5,7.5,7.5,5.823047637939453,0,0.102477,0.0
2008-02-19,7.5,7.5,7.5,7.5,5.823047637939453,0,0.0,0.0
2008-02-20,7.5,7.5,7.5,7.5,5.823047637939453,0,0.0,0.0
2008-02-21,7.5,7.5,7.5,7.5,5.823047637939453,0,0.0,0.0
2008-02-22,7.5,7.5,7.5,7.5,5.823047637939453,0,0.0,0.0
2008-02-25,7.5,7.5,7.5,7.5,5.823047637939453,0,0.0,0.0
2008-02-26,7.5,7.5,7.5,7.5,5.823047637939453,0,0.0,0.0
2008-02-27,7.5,7.5,7.5,7.5,5.823047637939453,0,0.0,0.0
2008-02-28,7.5,7.5,7.5,7.5,5.823047637939453,0,0.0,0.0
2008-02-29,7.5,7.5,7.5,7.5,5.823047637939453,0,0.0,0.0
2008-03-03,7.5,7.5,7.5,7.5,5.823047637939453,0,0.0,0.0
2008-03-04,7.5,7.5,7.5,7.5,5.823047637939453,0,0.0,0.0
2008-03-05,7.5,7.5,7.5,7.5,5.823047637939453,0,0.0,0.0
2008-03-06,7.5,7.5,7.5,7.5,5.823047637939453,0,0.0,0.0
2008-03-07,7.5,7.5,7.5,7.5,5.823047637939453,0,0.0,0.0
2008-03-10,7.5,7.5,7.5,7.5,5.823047637939453,0,0.0,0.0
2008-03-11,7.5,7.5,7.5,7.5,5.823047637939453,0,0.0,0.0
2008-03-12,7.5,7.5,7.5,7.5,5.823047637939453,0,0.0,0.0
2008-03-13,7.5,7.5,7.5,7.5,5.823047637939453,0,0.0,0.0
2008-03-14,7.5,7.5,7.5,7.5,5.823047637939453,0,0.0,0.0
2008-03-17,7.5,7.5,7.5,7.5,5.823047637939453,0,0.0,0.0
2008-03-18,7.5,7.5,7.5,7.5,5.823047637939453,0,0.0,0.0
2008-03-19,7.5,7.5,7.5,7.5,5.823047637939453,0,0.0,0.0
2008-03-25,7.5,7.5,7.5,7.5,5.823047637939453,0,0.0,0.0
2008-03-26,7.5,7.5,7.5,7.5,5.823047637939453,0,0.0,0.0
2008-03-27,7.5,7.5,7.5,7.5,5.823047637939453,0,0.0,0.0
2008-03-28,7.5,7.5,7.5,7.5,5.823047637939453,0,0.0,0.0
2008-03-31,7.5,7.5,7.5,7.5,5.823047637939453,0,0.0,0.0
2008-04-01,7.5,7.5,7.5,7.5,5.823047637939453,0,0.0,0.0
2008-04-02,7.5,7.5,7.5,7.5,5.823047637939453,0,0.0,0.0
2008-04-03,7.5,7.5,7.5,7.5,5.823047637939453,0,0.0,0.0
2008-04-04,7.5,7.5,7.5,7.5,5.823047637939453,0,0.0,0.0
2008-04-07,7.5,7.5,7.5,7.5,5.823047637939453,0,0.0,0.0
2008-04-08,7.5,7.5,7.5,7.5,5.823047637939453,0,0.0,0.0
2008-04-09,7.5,7.5,7.5,7.5,5.823047637939453,0,0.0,0.0
2008-04-10,7.5,7.5,7.5,7.5,5.823047637939453,0,0.0,0.0
2008-04-11,7.5,7.5,7.5,7.5,5.823047637939453,0,0.0,0.0
2008-04-14,7.5,7.5,7.5,7.5,5.823047637939453,0,0.0,0.0
2008-04-15,7.5,7.5,7.5,7.5,5.823047637939453,0,0.0,0.0
2008-04-16,7.5,7.5,7.5,7.5,5.823047637939453,0,0.0,0.0
2008-04-17,7.5,7.5,7.5,7.5,5.823047637939453,0,0.0,0.0
2008-04-18,7.5,7.5,7.5,7.5,5.823047637939453,0,0.0,0.0
2008-04-21,7.5,7.5,7.5,7.5,5.823047637939453,0,0.0,0.0
2008-04-22,7.5,7.5,7.5,7.5,5.823047637939453,0,0.0,0.0
2008-04-23,7.5,7.5,7.5,7.5,5.823047637939453,0,0.0,0.0
2008-04-24,7.5,7.5,7.5,7.5,5.823047637939453,0,0.0,0.0
2008-04-25,7.5,7.5,7.5,7.5,5.823047637939453,0,0.0,0.0
2008-04-28,7.5,7.5,7.5,7.5,5.823047637939453,0,0.0,0.0
2008-04-29,7.5,7.5,7.5,7.5,5.823047637939453,0,0.0,0.0
2008-04-30,7.5,7.5,7.5,7.5,5.823047637939453,0,0.0,0.0
2008-05-02,7.5,7.5,7.5,7.5,5.823047637939453,0,0.0,0.0
2008-05-05,7.5,7.5,7.5,7.5,5.823047637939453,0,0.0,0.0
2008-05-06,7.5,7.5,7.5,7.5,5.823047637939453,0,0.0,0.0
2008-05-07,7.5,7.5,7.5,7.5,5.823047637939453,0,0.0,0.0
2008-05-08,7.5,7.5,7.5,7.5,5.823047637939453,0,0.0,0.0
2008-05-09,7.5,7.5,7.5,7.5,5.823047637939453,0,0.0,0.0
2008-05-13,7.5,7.5,7.5,7.5,5.823047637939453,0,0.0,0.0
2008-05-14,7.5,7.5,7.5,7.5,5.823047637939453,0,0.0,0.0
2008-05-15,7.5,7.5,7.5,7.5,5.823047637939453,0,0.0,0.0
2008-05-16,7.5,7.5,7.5,7.5,5.823047637939453,0,0.0,0.0
2008-05-19,7.5,7.5,7.5,7.5,5.823047637939453,0,0.0,0.0
2008-05-20,7.5,7.5,7.5,7.5,5.823047637939453,0,0.0,0.0
2008-05-21,7.5,7.5,7.5,7.5,5.823047637939453,0,0.0,0.0
2008-05-22,7.5,7.5,7.5,7.5,5.823047637939453,0,0.0,0.0
2008-05-23,7.5,7.5,7.5,7.5,5.823047637939453,0,0.0,0.0
2008-05-26,7.5,7.5,7.5,7.5,5.823047637939453,0,0.0,0.0
2008-05-27,7.5,7.5,7.5,7.5,5.823047637939453,0,0.0,0.0
2008-05-28,7.5,7.5,7.5,7.5,5.823047637939453,0,0.0,0.0
2008-05-29,7.56125020980835,7.56125020980835,7.56125020980835,7.56125020980835,5.870604038238525,800,0.0,0.0
2008-05-30,7.56125020980835,7.56125020980835,7.56125020980835,7.56125020980835,5.870604038238525,0,0.0,0.0
2008-06-02,7.56125020980835,7.56125020980835,7.56125020980835,7.56125020980835,5.870604038238525,0,0.0,0.0
2008-06-03,7.56125020980835,7.56125020980835,7.56125020980835,7.56125020980835,5.870604038238525,0,0.0,0.0
2008-06-04,7.56125020980835,7.56125020980835,7.56125020980835,7.56125020980835,5.870604038238525,0,0.0,0.0
2008-06-05,7.56125020980835,7.56125020980835,7.56125020980835,7.56125020980835,5.870604038238525,0,0.0,0.0
2008-06-06,7.56125020980835,7.56125020980835,7.56125020980835,7.56125020980835,5.870604038238525,0,0.0,0.0
2008-06-09,7.56125020980835,7.56125020980835,7.56125020980835,7.56125020980835,5.870604038238525,0,0.0,0.0
2008-06-10,7.56125020980835,7.56125020980835,7.56125020980835,7.56125020980835,5.870604038238525,0,0.0,0.0
2008-06-11,7.56125020980835,7.56125020980835,7.56125020980835,7.56125020980835,5.870604038238525,0,0.0,0.0
2008-06-12,7.56125020980835,7.56125020980835,7.56125020980835,7.56125020980835,5.870604038238525,0,0.0,0.0
2008-06-13,7.56125020980835,7.56125020980835,7.56125020980835,7.56125020980835,5.870604038238525,0,0.0,0.0
2008-06-16,7.56125020980835,7.56125020980835,7.56125020980835,7.56125020980835,5.870604038238525,0,0.0,0.0
2008-06-17,7.56125020980835,7.56125020980835,7.56125020980835,7.56125020980835,5.870604038238525,0,0.0,0.0
2008-06-18,7.56125020980835,7.56125020980835,7.56125020980835,7.56125020980835,5.870604038238525,0,0.0,0.0
2008-06-19,7.5,7.5,7.5,7.5,5.823047637939453,800,0.0,0.0
2008-06-20,7.5,7.5,7.5,7.5,5.823047637939453,0,0.0,0.0
2008-06-23,7.5,7.5,7.5,7.5,5.823047637939453,0,0.0,0.0
2008-06-24,7.5,7.5,7.5,7.5,5.823047637939453,0,0.0,0.0
2008-06-25,7.5,7.5,7.5,7.5,5.823047637939453,0,0.0,0.0
2008-06-26,7.5,7.5,7.5,7.5,5.823047637939453,0,0.0,0.0
2008-06-27,7.5,7.5,7.5,7.5,5.823047637939453,0,0.0,0.0
2008-06-30,7.5,7.5,7.5,7.5,5.823047637939453,0,0.0,0.0
2008-07-01,7.5,7.5,7.5,7.5,5.823047637939453,0,0.0,0.0
2008-07-02,7.5,7.5,7.5,7.5,5.823047637939453,0,0.0,0.0
2008-07-03,7.5,7.5,7.5,7.5,5.823047637939453,0,0.0,0.0
2008-07-04,7.5,7.5,7.5,7.5,5.823047637939453,0,0.0,0.0
2008-07-07,7.5,7.5,7.5,7.5,5.823047637939453,0,0.0,0.0
2008-07-08,7.5,7.5,7.5,7.5,5.823047637939453,0,0.0,0.0
2008-07-09,7.5,7.5,7.5,7.5,5.823047637939453,0,0.0,0.0
2008-07-10,7.5,7.5,7.5,7.5,5.823047637939453,0,0.0,0.0
2008-07-11,7.3125,7.3125,7.3125,7.3125,5.6774725914001465,1600,0.0,0.0
2008-07-14,7.3125,7.3125,7.3125,7.3125,5.6774725914001465,0,0.0,0.0
2008-07-15,7.3125,7.3125,7.3125,7.3125,5.6774725914001465,0,0.0,0.0
2008-07-16,7.3125,7.3125,7.3125,7.3125,5.6774725914001465,0,0.0,0.0
2008-07-17,7.3125,7.3125,7.3125,7.3125,5.6774725914001465,0,0.0,0.0
2008-07-18,7.3125,7.3125,7.3125,7.3125,5.6774725914001465,0,0.0,0.0
2008-07-21,7.3125,7.3125,7.3125,7.3125,5.6774725914001465,0,0.0,0.0
2008-07-22,7.3125,7.3125,7.3125,7.3125,5.6774725914001465,0,0.0,0.0
2008-07-23,7.3125,7.3125,7.3125,7.3125,5.6774725914001465,0,0.0,0.0
2008-07-24,7.3125,7.3125,7.3125,7.3125,5.6774725914001465,0,0.0,0.0
2008-07-25,7.3125,7.3125,7.3125,7.3125,5.6774725914001465,0,0.0,0.0
2008-07-28,7.3125,7.3125,7.3125,7.3125,5.6774725914001465,0,0.0,0.0
2008-07-29,7.3125,7.3125,7.3125,7.3125,5.6774725914001465,0,0.0,0.0
2008-07-30,7.3125,7.3125,7.3125,7.3125,5.6774725914001465,0,0.0,0.0
2008-07-31,7.3125,7.3125,7.3125,7.3125,5.6774725914001465,0,0.0,0.0
2008-08-01,7.3125,7.3125,7.3125,7.3125,5.6774725914001465,0,0.0,0.0
2008-08-04,7.3125,7.3125,7.3125,7.3125,5.717547416687012,0,0.051256,0.0
2008-08-05,7.3125,7.3125,7.3125,7.3125,5.717547416687012,0,0.0,0.0
2008-08-06,7.3125,7.3125,7.3125,7.3125,5.717547416687012,0,0.0,0.0
2008-08-07,7.3125,7.3125,7.3125,7.3125,5.717547416687012,0,0.0,0.0
2008-08-08,7.3125,7.3125,7.3125,7.3125,5.717547416687012,0,0.0,0.0
2008-08-11,7.3125,7.3125,7.3125,7.3125,5.717547416687012,0,0.0,0.0
2008-08-12,7.3125,7.3125,7.3125,7.3125,5.717547416687012,0,0.0,0.0
2008-08-13,7.3125,7.3125,7.3125,7.3125,5.717547416687012,0,0.0,0.0
2008-08-14,7.3125,7.3125,7.3125,7.3125,5.717547416687012,0,0.0,0.0
2008-08-15,7.3125,7.3125,7.3125,7.3125,5.717547416687012,0,0.0,0.0
2008-08-18,7.3125,7.3125,7.3125,7.3125,5.717547416687012,0,0.0,0.0
2008-08-19,7.3125,7.3125,7.3125,7.3125,5.717547416687012,0,0.0,0.0
2008-08-20,7.3125,7.3125,7.3125,7.3125,5.717547416687012,0,0.0,0.0
2008-08-21,7.3125,7.3125,7.3125,7.3125,5.717547416687012,0,0.0,0.0
2008-08-22,7.3125,7.3125,7.3125,7.3125,5.717547416687012,0,0.0,0.0
2008-08-25,7.3125,7.3125,7.3125,7.3125,5.717547416687012,0,0.0,0.0
2008-08-26,7.3125,7.3125,7.3125,7.3125,5.717547416687012,0,0.0,0.0
2008-08-27,7.3125,7.3125,7.3125,7.3125,5.717547416687012,0,0.0,0.0
2008-08-28,7.3125,7.3125,7.3125,7.3125,5.717547416687012,0,0.0,0.0
2008-08-29,7.3125,7.3125,7.3125,7.3125,5.717547416687012,0,0.0,0.0
2008-09-01,7.3125,7.3125,7.3125,7.3125,5.717547416687012,0,0.0,0.0
2008-09-02,7.3125,7.3125,7.3125,7.3125,5.717547416687012,0,0.0,0.0
2008-09-03,7.3125,7.3125,7.3125,7.3125,5.717547416687012,0,0.0,0.0
2008-09-04,7.3125,7.3125,7.3125,7.3125,5.717547416687012,0,0.0,0.0
2008-09-05,7.3125,7.3125,7.3125,7.3125,5.717547416687012,0,0.0,0.0
2008-09-08,7.3125,7.3125,7.3125,7.3125,5.717547416687012,0,0.0,0.0
2008-09-09,7.3125,7.3125,7.3125,7.3125,5.717547416687012,0,0.0,0.0
2008-09-10,7.3125,7.3125,7.3125,7.3125,5.717547416687012,0,0.0,0.0
2008-09-11,7.3125,7.3125,7.3125,7.3125,5.717547416687012,0,0.0,0.0
2008-09-12,7.3125,7.3125,7.3125,7.3125,5.717547416687012,0,0.0,0.0
2008-09-15,7.3125,7.3125,7.3125,7.3125,5.717547416687012,0,0.0,0.0
2008-09-16,7.3125,7.3125,7.3125,7.3125,5.717547416687012,0,0.0,0.0
2008-09-17,7.3125,7.3125,7.3125,7.3125,5.717547416687012,0,0.0,0.0
2008-09-18,7.3125,7.3125,7.3125,7.3125,5.717547416687012,0,0.0,0.0
2008-09-19,7.3125,7.3125,7.3125,7.3125,5.717547416687012,0,0.0,0.0
2008-09-22,7.3125,7.3125,7.3125,7.3125,5.717547416687012,0,0.0,0.0
2008-09-23,7.3125,7.3125,7.3125,7.3125,5.717547416687012,0,0.0,0.0
2008-09-24,7.3125,7.3125,7.3125,7.3125,5.717547416687012,0,0.0,0.0
2008-09-25,7.3125,7.3125,7.3125,7.3125,5.717547416687012,0,0.0,0.0
2008-09-26,7.3125,7.3125,7.3125,7.3125,5.717547416687012,0,0.0,0.0
2008-09-29,7.3125,7.3125,7.3125,7.3125,5.717547416687012,0,0.0,0.0
2008-09-30,7.3125,7.3125,7.3125,7.3125,5.717547416687012,0,0.0,0.0
2008-10-01,7.3125,7.3125,7.3125,7.3125,5.717547416687012,0,0.0,0.0
2008-10-02,7.3125,7.3125,7.3125,7.3125,5.717547416687012,0,0.0,0.0
2008-10-03,7.3125,7.3125,7.3125,7.3125,5.717547416687012,0,0.0,0.0
2008-10-06,7.3125,7.3125,7.3125,7.3125,5.717547416687012,0,0.0,0.0
2008-10-07,7.3125,7.3125,7.3125,7.3125,5.717547416687012,0,0.0,0.0
2008-10-08,7.3125,7.3125,7.3125,7.3125,5.717547416687012,0,0.0,0.0
2008-10-09,7.3125,7.3125,7.3125,7.3125,5.717547416687012,0,0.0,0.0
2008-10-10,7.3125,7.3125,7.3125,7.3125,5.717547416687012,0,0.0,0.0
2008-10-13,7.3125,7.3125,7.3125,7.3125,5.717547416687012,0,0.0,0.0
2008-10-14,7.3125,7.3125,7.3125,7.3125,5.717547416687012,0,0.0,0.0
2008-10-15,7.3125,7.3125,7.3125,7.3125,5.717547416687012,0,0.0,0.0
2008-10-16,7.3125,7.3125,7.3125,7.3125,5.717547416687012,0,0.0,0.0
2008-10-17,7.3125,7.3125,7.3125,7.3125,5.717547416687012,0,0.0,0.0
2008-10-20,7.3125,7.3125,7.3125,7.3125,5.717547416687012,0,0.0,0.0
2008-10-21,7.3125,7.3125,7.3125,7.3125,5.717547416687012,0,0.0,0.0
2008-10-22,7.3125,7.3125,7.3125,7.3125,5.717547416687012,0,0.0,0.0
2008-10-23,7.3125,7.3125,7.3125,7.3125,5.717547416687012,0,0.0,0.0
2008-10-24,7.3125,7.3125,7.3125,7.3125,5.717547416687012,0,0.0,0.0
2008-10-27,7.3125,7.3125,7.3125,7.3125,5.717547416687012,0,0.0,0.0
2008-10-28,7.3125,7.3125,7.3125,7.3125,5.717547416687012,0,0.0,0.0
2008-10-29,7.3125,7.3125,7.3125,7.3125,5.717547416687012,0,0.0,0.0
2008-10-30,7.3125,7.3125,7.3125,7.3125,5.717547416687012,0,0.0,0.0
2008-10-31,7.3125,7.3125,7.3125,7.3125,5.717547416687012,0,0.0,0.0
2008-11-03,7.3125,7.3125,7.3125,7.3125,5.717547416687012,0,0.0,0.0
2008-11-04,7.3125,7.3125,7.3125,7.3125,5.717547416687012,0,0.0,0.0
2008-11-05,7.3125,7.3125,7.3125,7.3125,5.717547416687012,0,0.0,0.0
2008-11-06,7.3125,7.3125,7.3125,7.3125,5.717547416687012,0,0.0,0.0
2008-11-07,7.3125,7.3125,7.3125,7.3125,5.717547416687012,0,0.0,0.0
2008-11-10,7.3125,7.3125,7.3125,7.3125,5.717547416687012,0,0.0,0.0
2008-11-11,7.3125,7.3125,7.3125,7.3125,5.717547416687012,0,0.0,0.0
2008-11-12,7.3125,7.3125,7.3125,7.3125,5.717547416687012,0,0.0,0.0
2008-11-13,7.3125,7.3125,7.3125,7.3125,5.717547416687012,0,0.0,0.0
2008-11-14,7.3125,7.3125,7.3125,7.3125,5.717547416687012,0,0.0,0.0
2008-11-17,7.3125,7.3125,7.3125,7.3125,5.717547416687012,0,0.0,0.0
2008-11-18,7.3125,7.3125,7.3125,7.3125,5.717547416687012,0,0.0,0.0
2008-11-19,7.3125,7.3125,7.3125,7.3125,5.717547416687012,0,0.0,0.0
2008-11-20,7.3125,7.3125,7.3125,7.3125,5.717547416687012,0,0.0,0.0
2008-11-21,7.3125,7.3125,7.3125,7.3125,5.717547416687012,0,0.0,0.0
2008-11-24,7.3125,7.3125,7.3125,7.3125,5.717547416687012,0,0.0,0.0
2008-11-25,7.3125,7.3125,7.3125,7.3125,5.717547416687012,0,0.0,0.0
2008-11-26,7.3125,7.3125,7.3125,7.3125,5.717547416687012,0,0.0,0.0
2008-11-27,7.3125,7.3125,7.3125,7.3125,5.717547416687012,0,0.0,0.0
2008-11-28,7.3125,7.3125,7.3125,7.3125,5.717547416687012,0,0.0,0.0
2008-12-01,7.3125,7.3125,7.3125,7.3125,5.717547416687012,0,0.0,0.0
2008-12-02,7.3125,7.3125,7.3125,7.3125,5.717547416687012,0,0.0,0.0
2008-12-03,7.3125,7.3125,7.3125,7.3125,5.717547416687012,0,0.0,0.0
2008-12-04,7.3125,7.3125,7.3125,7.3125,5.717547416687012,0,0.0,0.0
2008-12-05,7.3125,7.3125,7.3125,7.3125,5.717547416687012,0,0.0,0.0
2008-12-08,7.3125,7.3125,7.3125,7.3125,5.717547416687012,0,0.0,0.0
2008-12-09,7.3125,7.3125,7.3125,7.3125,5.717547416687012,0,0.0,0.0
2008-12-10,7.3125,7.3125,7.3125,7.3125,5.717547416687012,0,0.0,0.0
2008-12-11,7.3125,7.3125,7.3125,7.3125,5.717547416687012,0,0.0,0.0
2008-12-12,7.3125,7.3125,7.3125,7.3125,5.717547416687012,0,0.0,0.0
2008-12-15,7.3125,7.3125,7.3125,7.3125,5.717547416687012,0,0.0,0.0
2008-12-16,7.3125,7.3125,7.3125,7.3125,5.717547416687012,0,0.0,0.0
2008-12-17,7.3125,7.3125,7.3125,7.3125,5.717547416687012,0,0.0,0.0
2008-12-18,7.3125,7.3125,7.3125,7.3125,5.717547416687012,0,0.0,0.0
2008-12-19,7.3125,7.3125,7.3125,7.3125,5.717547416687012,0,0.0,0.0
2008-12-22,7.3125,7.3125,7.3125,7.3125,5.717547416687012,0,0.0,0.0
2008-12-23,7.3125,7.3125,7.3125,7.3125,5.717547416687012,0,0.0,0.0
2008-12-29,7.3125,7.3125,7.3125,7.3125,5.717547416687012,0,0.0,0.0
2008-12-30,7.3125,7.3125,7.3125,7.3125,5.717547416687012,0,0.0,0.0
2009-01-02,7.3125,7.3125,7.3125,7.3125,5.717547416687012,0,0.0,0.0
2009-01-05,7.3125,7.3125,7.3125,7.3125,5.717547416687012,0,0.0,0.0
2009-01-06,7.3125,7.3125,7.3125,7.3125,5.717547416687012,0,0.0,0.0
2009-01-07,7.3125,7.3125,7.3125,7.3125,5.717547416687012,0,0.0,0.0
2009-01-08,7.3125,7.3125,7.3125,7.3125,5.717547416687012,0,0.0,0.0
2009-01-09,7.3125,7.3125,7.3125,7.3125,5.717547416687012,0,0.0,0.0
2009-01-12,7.3125,7.3125,7.3125,7.3125,5.717547416687012,0,0.0,0.0
2009-01-13,7.3125,7.3125,7.3125,7.3125,5.717547416687012,0,0.0,0.0
2009-01-14,7.3125,7.3125,7.3125,7.3125,5.717547416687012,0,0.0,0.0
2009-01-15,7.3125,7.3125,7.3125,7.3125,5.717547416687012,0,0.0,0.0
2009-01-16,7.3125,7.3125,7.3125,7.3125,5.717547416687012,0,0.0,0.0
2009-01-19,7.3125,7.3125,7.3125,7.3125,5.717547416687012,0,0.0,0.0
2009-01-20,7.3125,7.3125,7.3125,7.3125,5.717547416687012,0,0.0,0.0
2009-01-21,7.3125,7.3125,7.3125,7.3125,5.717547416687012,0,0.0,0.0
2009-01-22,7.3125,7.3125,7.3125,7.3125,5.717547416687012,0,0.0,0.0
2009-01-23,7.3125,7.3125,7.3125,7.3125,5.717547416687012,0,0.0,0.0
2009-01-26,7.3125,7.3125,7.3125,7.3125,5.717547416687012,0,0.0,0.0
2009-01-27,7.3125,7.3125,7.3125,7.3125,5.717547416687012,0,0.0,0.0
2009-01-28,7.3125,7.3125,7.3125,7.3125,5.717547416687012,0,0.0,0.0
2009-01-29,7.3125,7.3125,7.3125,7.3125,5.717547416687012,0,0.0,0.0
2009-01-30,7.3125,7.3125,7.3125,7.3125,5.717547416687012,0,0.0,0.0
2009-02-02,7.3125,7.3125,7.3125,7.3125,5.717547416687012,0,0.0,0.0
2009-02-03,7.3125,7.3125,7.3125,7.3125,5.717547416687012,0,0.0,0.0
2009-02-04,7.3125,7.3125,7.3125,7.3125,5.717547416687012,0,0.0,0.0
2009-02-05,7.3125,7.3125,7.3125,7.3125,5.717547416687012,0,0.0,0.0
2009-02-06,7.3125,7.3125,7.3125,7.3125,5.717547416687012,0,0.0,0.0
2009-02-09,7.3125,7.3125,7.3125,7.3125,5.717547416687012,0,0.0,0.0
2009-02-10,7.3125,7.3125,7.3125,7.3125,5.717547416687012,0,0.0,0.0
2009-02-11,7.3125,7.3125,7.3125,7.3125,5.717547416687012,0,0.0,0.0
2009-02-12,7.3125,7.3125,7.3125,7.3125,5.717547416687012,0,0.0,0.0
2009-02-13,7.3125,7.3125,7.3125,7.3125,5.717547416687012,0,0.0,0.0
2009-02-16,7.3125,7.3125,7.3125,7.3125,5.717547416687012,0,0.0,0.0
2009-02-17,7.3125,7.3125,7.3125,7.3125,5.717547416687012,0,0.0,0.0
2009-02-18,7.3125,7.3125,7.3125,7.3125,5.717547416687012,0,0.0,0.0
2009-02-19,7.3125,7.3125,7.3125,7.3125,5.717547416687012,0,0.0,0.0
2009-02-20,7.3125,7.3125,7.3125,7.3125,5.717547416687012,0,0.0,0.0
2009-02-23,7.3125,7.3125,7.3125,7.3125,5.717547416687012,0,0.0,0.0
2009-02-24,7.3125,7.3125,7.3125,7.3125,5.717547416687012,0,0.0,0.0
2009-02-25,7.3125,7.3125,7.3125,7.3125,5.717547416687012,0,0.0,0.0
2009-02-26,7.3125,7.3125,7.3125,7.3125,5.717547416687012,0,0.0,0.0
2009-02-27,7.3125,7.3125,7.3125,7.3125,5.717547416687012,0,0.0,0.0
2009-03-02,7.3125,7.3125,7.3125,7.3125,5.717547416687012,0,0.0,0.0
2009-03-03,7.3125,7.3125,7.3125,7.3125,5.717547416687012,0,0.0,0.0
2009-03-04,7.3125,7.3125,7.3125,7.3125,5.717547416687012,0,0.0,0.0
2009-03-05,7.3125,7.3125,7.3125,7.3125,5.7577714920043945,0,0.051085,0.0
2009-03-06,7.3125,7.3125,7.3125,7.3125,5.7577714920043945,0,0.0,0.0
2009-03-09,7.3125,7.3125,7.3125,7.3125,5.7577714920043945,0,0.0,0.0
2009-03-10,7.3125,7.3125,7.3125,7.3125,5.7577714920043945,0,0.0,0.0
2009-03-11,7.3125,7.3125,7.3125,7.3125,5.7577714920043945,0,0.0,0.0
2009-03-12,7.3125,7.3125,7.3125,7.3125,5.7577714920043945,0,0.0,0.0
2009-03-13,7.3125,7.3125,7.3125,7.3125,5.7577714920043945,0,0.0,0.0
2009-03-16,7.3125,7.3125,7.3125,7.3125,5.7577714920043945,0,0.0,0.0
2009-03-17,7.3125,7.3125,7.3125,7.3125,5.7577714920043945,0,0.0,0.0
2009-03-18,7.3125,7.3125,7.3125,7.3125,5.7577714920043945,0,0.0,0.0
2009-03-19,7.3125,7.3125,7.3125,7.3125,5.7577714920043945,0,0.0,0.0
2009-03-20,7.3125,7.3125,7.3125,7.3125,5.7577714920043945,0,0.0,0.0
2009-03-23,7.3125,7.3125,7.3125,7.3125,5.7577714920043945,0,0.0,0.0
2009-03-24,7.3125,7.3125,7.3125,7.3125,5.7577714920043945,0,0.0,0.0
2009-03-25,7.3125,7.3125,7.3125,7.3125,5.7577714920043945,0,0.0,0.0
2009-03-26,7.3125,7.3125,7.3125,7.3125,5.7577714920043945,0,0.0,0.0
2009-03-27,7.3125,7.3125,7.3125,7.3125,5.7577714920043945,0,0.0,0.0
2009-03-30,7.3125,7.3125,7.3125,7.3125,5.7577714920043945,0,0.0,0.0
2009-03-31,7.3125,7.3125,7.3125,7.3125,5.7577714920043945,0,0.0,0.0
2009-04-01,7.3125,7.3125,7.3125,7.3125,5.7577714920043945,0,0.0,0.0
2009-04-02,7.3125,7.3125,7.3125,7.3125,5.7577714920043945,0,0.0,0.0
2009-04-03,7.3125,7.3125,7.3125,7.3125,5.7577714920043945,0,0.0,0.0
2009-04-06,7.3125,7.3125,7.3125,7.3125,5.7577714920043945,0,0.0,0.0
2009-04-07,7.3125,7.3125,7.3125,7.3125,5.7577714920043945,0,0.0,0.0
2009-04-08,7.3125,7.3125,7.3125,7.3125,5.7577714920043945,0,0.0,0.0
2009-04-14,7.3125,7.3125,7.3125,7.3125,5.7577714920043945,0,0.0,0.0
2009-04-15,7.3125,7.3125,7.3125,7.3125,5.7577714920043945,0,0.0,0.0
2009-04-16,7.3125,7.3125,7.3125,7.3125,5.7577714920043945,0,0.0,0.0
2009-04-17,7.3125,7.3125,7.3125,7.3125,5.7577714920043945,0,0.0,0.0
2009-04-20,7.3125,7.3125,7.3125,7.3125,5.7577714920043945,0,0.0,0.0
2009-04-21,7.3125,7.3125,7.3125,7.3125,5.7577714920043945,0,0.0,0.0
2009-04-22,7.3125,7.3125,7.3125,7.3125,5.7577714920043945,0,0.0,0.0
2009-04-23,7.3125,7.3125,7.3125,7.3125,5.7577714920043945,0,0.0,0.0
2009-04-24,7.3125,7.3125,7.3125,7.3125,5.7577714920043945,0,0.0,0.0
2009-04-27,7.3125,7.3125,7.3125,7.3125,5.7577714920043945,0,0.0,0.0
2009-04-28,7.3125,7.3125,7.3125,7.3125,5.7577714920043945,0,0.0,0.0
2009-04-29,7.3125,7.3125,7.3125,7.3125,5.7577714920043945,0,0.0,0.0
2009-04-30,7.3125,7.3125,7.3125,7.3125,5.7577714920043945,0,0.0,0.0
2009-05-04,7.3125,7.3125,7.3125,7.3125,5.7577714920043945,0,0.0,0.0
2009-05-05,7.3125,7.3125,7.3125,7.3125,5.7577714920043945,0,0.0,0.0
2009-05-06,7.3125,7.3125,7.3125,7.3125,5.7577714920043945,0,0.0,0.0
2009-05-07,7.3125,7.3125,7.3125,7.3125,5.7577714920043945,0,0.0,0.0
2009-05-08,7.3125,7.3125,7.3125,7.3125,5.7577714920043945,0,0.0,0.0
2009-05-11,7.3125,7.3125,7.3125,7.3125,5.7577714920043945,0,0.0,0.0
2009-05-12,7.3125,7.3125,7.3125,7.3125,5.7577714920043945,0,0.0,0.0
2009-05-13,7.3125,7.3125,7.3125,7.3125,5.7577714920043945,0,0.0,0.0
2009-05-14,7.3125,7.3125,7.3125,7.3125,5.7577714920043945,0,0.0,0.0
2009-05-15,7.3125,7.3125,7.3125,7.3125,5.7577714920043945,0,0.0,0.0
2009-05-18,7.3125,7.3125,7.3125,7.3125,5.7577714920043945,0,0.0,0.0
2009-05-19,7.3125,7.3125,7.3125,7.3125,5.7577714920043945,0,0.0,0.0
2009-05-20,7.3125,7.3125,7.3125,7.3125,5.7577714920043945,0,0.0,0.0
2009-05-22,7.3125,7.3125,7.3125,7.3125,5.7577714920043945,0,0.0,0.0
2009-05-25,7.3125,7.3125,7.3125,7.3125,5.7577714920043945,0,0.0,0.0
2009-05-26,7.3125,7.3125,7.3125,7.3125,5.7577714920043945,0,0.0,0.0
2009-05-27,7.3125,7.3125,7.3125,7.3125,5.7577714920043945,0,0.0,0.0
2009-05-28,7.3125,7.3125,7.3125,7.3125,5.7577714920043945,0,0.0,0.0
2009-05-29,7.3125,7.3125,7.3125,7.3125,5.7577714920043945,0,0.0,0.0
2009-06-02,7.3125,7.3125,7.3125,7.3125,5.7577714920043945,0,0.0,0.0
2009-06-03,7.3125,7.3125,7.3125,7.3125,5.7577714920043945,0,0.0,0.0
2009-06-04,7.3125,7.3125,7.3125,7.3125,5.7577714920043945,0,0.0,0.0
2009-06-05,7.3125,7.3125,7.3125,7.3125,5.7577714920043945,0,0.0,0.0
2009-06-08,7.3125,7.3125,7.3125,7.3125,5.7577714920043945,0,0.0,0.0
2009-06-09,7.3125,7.3125,7.3125,7.3125,5.7577714920043945,0,0.0,0.0
2009-06-10,7.3125,7.3125,7.3125,7.3125,5.7577714920043945,0,0.0,0.0
2009-06-11,7.3125,7.3125,7.3125,7.3125,5.7577714920043945,0,0.0,0.0
2009-06-12,7.3125,7.3125,7.3125,7.3125,5.7577714920043945,0,0.0,0.0
2009-06-15,7.3125,7.3125,7.3125,7.3125,5.7577714920043945,0,0.0,0.0
2009-06-16,7.3125,7.3125,7.3125,7.3125,5.7577714920043945,0,0.0,0.0
2009-06-17,7.3125,7.3125,7.3125,7.3125,5.7577714920043945,0,0.0,0.0
2009-06-18,7.3125,7.3125,7.3125,7.3125,5.7577714920043945,0,0.0,0.0
2009-06-19,7.3125,7.3125,7.3125,7.3125,5.7577714920043945,0,0.0,0.0
2009-06-22,7.3125,7.3125,7.3125,7.3125,5.7577714920043945,0,0.0,0.0
2009-06-23,7.3125,7.3125,7.3125,7.3125,5.7577714920043945,0,0.0,0.0
2009-06-24,7.3125,7.3125,7.3125,7.3125,5.7577714920043945,0,0.0,0.0
2009-06-25,7.3125,7.3125,7.3125,7.3125,5.7577714920043945,0,0.0,0.0
2009-06-26,7.3125,7.3125,7.3125,7.3125,5.7577714920043945,0,0.0,0.0
2009-06-29,7.3125,7.3125,7.3125,7.3125,5.7577714920043945,0,0.0,0.0
2009-06-30,7.3125,7.3125,7.3125,7.3125,5.7577714920043945,0,0.0,0.0
2009-07-01,7.3125,7.3125,7.3125,7.3125,5.7577714920043945,0,0.0,0.0
2009-07-02,7.3125,7.3125,7.3125,7.3125,5.7577714920043945,0,0.0,0.0
2009-07-03,7.3125,7.3125,7.3125,7.3125,5.7577714920043945,0,0.0,0.0
2009-07-06,7.3125,7.3125,7.3125,7.3125,5.7577714920043945,0,0.0,0.0
2009-07-07,7.3125,7.3125,7.3125,7.3125,5.7577714920043945,0,0.0,0.0
2009-07-08,7.3125,7.3125,7.3125,7.3125,5.7577714920043945,0,0.0,0.0
2009-07-09,7.3125,7.3125,7.3125,7.3125,5.7577714920043945,0,0.0,0.0
2009-07-10,7.3125,7.3125,7.3125,7.3125,5.7577714920043945,0,0.0,0.0
2009-07-13,7.3125,7.3125,7.3125,7.3125,5.7577714920043945,0,0.0,0.0
2009-07-14,7.3125,7.3125,7.3125,7.3125,5.7577714920043945,0,0.0,0.0
2009-07-15,7.3125,7.3125,7.3125,7.3125,5.7577714920043945,0,0.0,0.0
2009-07-16,7.3125,7.3125,7.3125,7.3125,5.7577714920043945,0,0.0,0.0
2009-07-17,7.3125,7.3125,7.3125,7.3125,5.7577714920043945,0,0.0,0.0
2009-07-20,7.3125,7.3125,7.3125,7.3125,5.7577714920043945,0,0.0,0.0
2009-07-21,7.3125,7.3125,7.3125,7.3125,5.7577714920043945,0,0.0,0.0
2009-07-22,7.3125,7.3125,7.3125,7.3125,5.7577714920043945,0,0.0,0.0
2009-07-23,7.3125,7.3125,7.3125,7.3125,5.7577714920043945,0,0.0,0.0
2009-07-24,7.3125,7.3125,7.3125,7.3125,5.7577714920043945,0,0.0,0.0
2009-07-27,7.3125,7.3125,7.3125,7.3125,5.7577714920043945,0,0.0,0.0
2009-07-28,7.3125,7.3125,7.3125,7.3125,5.7577714920043945,0,0.0,0.0
2009-07-29,7.3125,7.3125,7.3125,7.3125,5.7577714920043945,0,0.0,0.0
2009-07-30,7.3125,7.3125,7.3125,7.3125,5.7577714920043945,0,0.0,0.0
2009-07-31,7.3125,7.3125,7.3125,7.3125,5.7577714920043945,0,0.0,0.0
2009-08-03,7.3125,7.3125,7.3125,7.3125,5.7577714920043945,0,0.0,0.0
2009-08-04,7.3125,7.3125,7.3125,7.3125,5.7577714920043945,0,0.0,0.0
2009-08-05,7.3125,7.3125,7.3125,7.3125,5.7577714920043945,0,0.0,0.0
2009-08-06,7.3125,7.3125,7.3125,7.3125,5.7577714920043945,0,0.0,0.0
2009-08-07,7.3125,7.3125,7.3125,7.3125,5.7577714920043945,0,0.0,0.0
2009-08-10,7.3125,7.3125,7.3125,7.3125,5.798415184020996,0,0.051256,0.0
2009-08-11,7.3125,7.3125,7.3125,7.3125,5.798415184020996,0,0.0,0.0
2009-08-12,7.3125,7.3125,7.3125,7.3125,5.798415184020996,0,0.0,0.0
2009-08-13,7.3125,7.3125,7.3125,7.3125,5.798415184020996,0,0.0,0.0
2009-08-14,7.3125,7.3125,7.3125,7.3125,5.798415184020996,0,0.0,0.0
2009-08-17,7.3125,7.3125,7.3125,7.3125,5.798415184020996,0,0.0,0.0
2009-08-18,7.3125,7.3125,7.3125,7.3125,5.798415184020996,0,0.0,0.0
2009-08-19,7.3125,7.3125,7.3125,7.3125,5.798415184020996,0,0.0,0.0
2009-08-20,7.3125,7.3125,7.3125,7.3125,5.798415184020996,0,0.0,0.0
2009-08-21,7.3125,7.3125,7.3125,7.3125,5.798415184020996,0,0.0,0.0
2009-08-24,7.3125,7.3125,7.3125,7.3125,5.798415184020996,0,0.0,0.0
2009-08-25,7.3125,7.3125,7.3125,7.3125,5.798415184020996,0,0.0,0.0
2009-08-26,7.3125,7.3125,7.3125,7.3125,5.798415184020996,0,0.0,0.0
2009-08-27,7.3125,7.3125,7.3125,7.3125,5.798415184020996,0,0.0,0.0
2009-08-28,7.3125,7.3125,7.3125,7.3125,5.798415184020996,0,0.0,0.0
2009-08-31,7.3125,7.3125,7.3125,7.3125,5.798415184020996,0,0.0,0.0
2009-09-01,7.3125,7.3125,7.3125,7.3125,5.798415184020996,0,0.0,0.0
2009-09-02,7.3125,7.3125,7.3125,7.3125,5.798415184020996,0,0.0,0.0
2009-09-03,7.3125,7.3125,7.3125,7.3125,5.798415184020996,0,0.0,0.0
2009-09-04,7.3125,7.3125,7.3125,7.3125,5.798415184020996,0,0.0,0.0
2009-09-07,7.3125,7.3125,7.3125,7.3125,5.798415184020996,0,0.0,0.0
2009-09-08,7.3125,7.3125,7.3125,7.3125,5.798415184020996,0,0.0,0.0
2009-09-09,7.3125,7.3125,7.3125,7.3125,5.798415184020996,0,0.0,0.0
2009-09-10,7.3125,7.3125,7.3125,7.3125,5.798415184020996,0,0.0,0.0
2009-09-11,7.3125,7.3125,7.3125,7.3125,5.798415184020996,0,0.0,0.0
2009-09-14,7.3125,7.3125,7.3125,7.3125,5.798415184020996,0,0.0,0.0
2009-09-15,7.3125,7.3125,7.3125,7.3125,5.798415184020996,0,0.0,0.0
2009-09-16,7.3125,7.3125,7.3125,7.3125,5.798415184020996,0,0.0,0.0
2009-09-17,7.3125,7.3125,7.3125,7.3125,5.798415184020996,0,0.0,0.0
2009-09-18,7.3125,7.3125,7.3125,7.3125,5.798415184020996,0,0.0,0.0
2009-09-21,7.3125,7.3125,7.3125,7.3125,5.798415184020996,0,0.0,0.0
2009-09-22,7.3125,7.3125,7.3125,7.3125,5.798415184020996,0,0.0,0.0
2009-09-23,7.3125,7.3125,7.3125,7.3125,5.798415184020996,0,0.0,0.0
2009-09-24,7.3125,7.3125,7.3125,7.3125,5.798415184020996,0,0.0,0.0
2009-09-25,7.3125,7.3125,7.3125,7.3125,5.798415184020996,0,0.0,0.0
2009-09-28,7.3125,7.3125,7.3125,7.3125,5.798415184020996,0,0.0,0.0
2009-09-29,7.3125,7.3125,7.3125,7.3125,5.798415184020996,0,0.0,0.0
2009-09-30,7.3125,7.3125,7.3125,7.3125,5.798415184020996,0,0.0,0.0
2009-10-01,7.3125,7.3125,7.3125,7.3125,5.798415184020996,0,0.0,0.0
2009-10-02,7.3125,7.3125,7.3125,7.3125,5.798415184020996,0,0.0,0.0
2009-10-05,7.3125,7.3125,7.3125,7.3125,5.798415184020996,0,0.0,0.0
2009-10-06,7.3125,7.3125,7.3125,7.3125,5.798415184020996,0,0.0,0.0
2009-10-07,7.3125,7.3125,7.3125,7.3125,5.798415184020996,0,0.0,0.0
2009-10-08,7.3125,7.3125,7.3125,7.3125,5.798415184020996,0,0.0,0.0
2009-10-09,7.3125,7.3125,7.3125,7.3125,5.798415184020996,0,0.0,0.0
2009-10-12,7.3125,7.3125,7.3125,7.3125,5.798415184020996,0,0.0,0.0
2009-10-13,7.3125,7.3125,7.3125,7.3125,5.798415184020996,0,0.0,0.0
2009-10-14,7.3125,7.3125,7.3125,7.3125,5.798415184020996,0,0.0,0.0
2009-10-15,7.3125,7.3125,7.3125,7.3125,5.798415184020996,0,0.0,0.0
2009-10-16,7.3125,7.3125,7.3125,7.3125,5.798415184020996,0,0.0,0.0
2009-10-19,7.3125,7.3125,7.3125,7.3125,5.798415184020996,0,0.0,0.0
2009-10-20,7.3125,7.3125,7.3125,7.3125,5.798415184020996,0,0.0,0.0
2009-10-21,7.3125,7.3125,7.3125,7.3125,5.798415184020996,0,0.0,0.0
2009-10-22,7.3125,7.3125,7.3125,7.3125,5.798415184020996,0,0.0,0.0
2009-10-23,7.3125,7.3125,7.3125,7.3125,5.798415184020996,0,0.0,0.0
2009-10-26,7.3125,7.3125,7.3125,7.3125,5.798415184020996,0,0.0,0.0
2009-10-27,7.3125,7.3125,7.3125,7.3125,5.798415184020996,0,0.0,0.0
2009-10-28,7.3125,7.3125,7.3125,7.3125,5.798415184020996,0,0.0,0.0
2009-10-29,7.3125,7.3125,7.3125,7.3125,5.798415184020996,0,0.0,0.0
2009-10-30,7.3125,7.3125,7.3125,7.3125,5.798415184020996,0,0.0,0.0
2009-11-02,7.3125,7.3125,7.3125,7.3125,5.798415184020996,0,0.0,0.0
2009-11-03,7.3125,7.3125,7.3125,7.3125,5.798415184020996,0,0.0,0.0
2009-11-04,7.3125,7.3125,7.3125,7.3125,5.798415184020996,0,0.0,0.0
2009-11-05,7.3125,7.3125,7.3125,7.3125,5.798415184020996,0,0.0,0.0
2009-11-06,7.3125,7.3125,7.3125,7.3125,5.798415184020996,0,0.0,0.0
2009-11-09,7.3125,7.3125,7.3125,7.3125,5.798415184020996,0,0.0,0.0
2009-11-10,7.3125,7.3125,7.3125,7.3125,5.798415184020996,0,0.0,0.0
2009-11-11,7.3125,7.3125,7.3125,7.3125,5.798415184020996,0,0.0,0.0
2009-11-12,7.3125,7.3125,7.3125,7.3125,5.798415184020996,0,0.0,0.0
2009-11-13,7.3125,7.3125,7.3125,7.3125,5.798415184020996,0,0.0,0.0
2009-11-16,7.3125,7.3125,7.3125,7.3125,5.798415184020996,0,0.0,0.0
2009-11-17,7.3125,7.3125,7.3125,7.3125,5.798415184020996,0,0.0,0.0
2009-11-18,7.3125,7.3125,7.3125,7.3125,5.798415184020996,0,0.0,0.0
2009-11-19,7.3125,7.3125,7.3125,7.3125,5.798415184020996,0,0.0,0.0
2009-11-20,7.3125,7.3125,7.3125,7.3125,5.798415184020996,0,0.0,0.0
2009-11-23,7.3125,7.3125,7.3125,7.3125,5.798415184020996,0,0.0,0.0
2009-11-24,7.3125,7.3125,7.3125,7.3125,5.798415184020996,0,0.0,0.0
2009-11-25,7.3125,7.3125,7.3125,7.3125,5.798415184020996,0,0.0,0.0
2009-11-26,7.3125,7.3125,7.3125,7.3125,5.798415184020996,0,0.0,0.0
2009-11-27,7.3125,7.3125,7.3125,7.3125,5.798415184020996,0,0.0,0.0
2009-11-30,7.3125,7.3125,7.3125,7.3125,5.798415184020996,0,0.0,0.0
2009-12-01,7.3125,7.3125,7.3125,7.3125,5.798415184020996,0,0.0,0.0
2009-12-02,7.3125,7.3125,7.3125,7.3125,5.798415184020996,0,0.0,0.0
2009-12-03,7.3125,7.3125,7.3125,7.3125,5.798415184020996,0,0.0,0.0
2009-12-04,7.3125,7.3125,7.3125,7.3125,5.798415184020996,0,0.0,0.0
2009-12-07,7.3125,7.3125,7.3125,7.3125,5.798415184020996,0,0.0,0.0
2009-12-08,7.3125,7.3125,7.3125,7.3125,5.798415184020996,0,0.0,0.0
2009-12-09,7.3125,7.3125,7.3125,7.3125,5.798415184020996,0,0.0,0.0
2009-12-10,7.3125,7.3125,7.3125,7.3125,5.798415184020996,0,0.0,0.0
2009-12-11,7.3125,7.3125,7.3125,7.3125,5.798415184020996,0,0.0,0.0
2009-12-14,7.3125,7.3125,7.3125,7.3125,5.798415184020996,0,0.0,0.0
2009-12-15,7.3125,7.3125,7.3125,7.3125,5.798415184020996,0,0.0,0.0
2009-12-16,7.3125,7.3125,7.3125,7.3125,5.798415184020996,0,0.0,0.0
2009-12-17,7.3125,7.3125,7.3125,7.3125,5.798415184020996,0,0.0,0.0
2009-12-18,7.3125,7.3125,7.3125,7.3125,5.798415184020996,0,0.0,0.0
2009-12-21,7.3125,7.3125,7.3125,7.3125,5.798415184020996,0,0.0,0.0
2009-12-22,7.3125,7.3125,7.3125,7.3125,5.798415184020996,0,0.0,0.0
2009-12-23,7.3125,7.3125,7.3125,7.3125,5.798415184020996,0,0.0,0.0
2009-12-28,7.3125,7.3125,7.3125,7.3125,5.798415184020996,0,0.0,0.0
2009-12-29,7.3125,7.3125,7.3125,7.3125,5.798415184020996,0,0.0,0.0
2009-12-30,7.3125,7.3125,7.3125,7.3125,5.798415184020996,0,0.0,0.0
2010-01-04,7.3125,7.3125,7.3125,7.3125,5.798415184020996,0,0.0,0.0
2010-01-05,7.3125,7.3125,7.3125,7.3125,5.798415184020996,0,0.0,0.0
2010-01-06,7.3125,7.3125,7.3125,7.3125,5.798415184020996,0,0.0,0.0
2010-01-07,7.3125,7.3125,7.3125,7.3125,5.798415184020996,0,0.0,0.0
2010-01-08,7.3125,7.3125,7.3125,7.3125,5.798415184020996,0,0.0,0.0
2010-01-11,7.3125,7.3125,7.3125,7.3125,5.798415184020996,0,0.0,0.0
2010-01-12,7.3125,7.3125,7.3125,7.3125,5.798415184020996,0,0.0,0.0
2010-01-13,7.3125,7.3125,7.3125,7.3125,5.798415184020996,0,0.0,0.0
2010-01-14,7.3125,7.3125,7.3125,7.3125,5.798415184020996,0,0.0,0.0
2010-01-15,7.3125,7.3125,7.3125,7.3125,5.798415184020996,0,0.0,0.0
2010-01-18,7.3125,7.3125,7.3125,7.3125,5.798415184020996,0,0.0,0.0
2010-01-19,7.3125,7.3125,7.3125,7.3125,5.798415184020996,0,0.0,0.0
2010-01-20,7.3125,7.3125,7.3125,7.3125,5.798415184020996,0,0.0,0.0
2010-01-21,7.3125,7.3125,7.3125,7.3125,5.798415184020996,0,0.0,0.0
2010-01-22,7.3125,7.3125,7.3125,7.3125,5.798415184020996,0,0.0,0.0
2010-01-25,7.3125,7.3125,7.3125,7.3125,5.798415184020996,0,0.0,0.0
2010-01-26,7.3125,7.3125,7.3125,7.3125,5.798415184020996,0,0.0,0.0
2010-01-27,7.3125,7.3125,7.3125,7.3125,5.798415184020996,0,0.0,0.0
2010-01-28,7.3125,7.3125,7.3125,7.3125,5.798415184020996,0,0.0,0.0
2010-01-29,7.3125,7.3125,7.3125,7.3125,5.798415184020996,0,0.0,0.0
2010-02-01,7.3125,7.3125,7.3125,7.3125,5.798415184020996,0,0.0,0.0
2010-02-02,7.3125,7.3125,7.3125,7.3125,5.798415184020996,0,0.0,0.0
2010-02-03,7.3125,7.3125,7.3125,7.3125,5.798415184020996,0,0.0,0.0
2010-02-04,7.3125,7.3125,7.3125,7.3125,5.798415184020996,0,0.0,0.0
2010-02-05,7.3125,7.3125,7.3125,7.3125,5.798415184020996,0,0.0,0.0
2010-02-08,7.3125,7.3125,7.3125,7.3125,5.798415184020996,0,0.0,0.0
2010-02-09,7.3125,7.3125,7.3125,7.3125,5.798415184020996,0,0.0,0.0
2010-02-10,7.3125,7.3125,7.3125,7.3125,5.798415184020996,0,0.0,0.0
2010-02-11,6.978750228881836,6.978750228881836,6.978750228881836,6.978750228881836,5.533769607543945,8800,0.0,0.0
2010-02-12,6.978750228881836,6.978750228881836,6.978750228881836,6.978750228881836,5.588651180267334,0,0.068533,0.0
2010-02-15,6.978750228881836,6.978750228881836,6.978750228881836,6.978750228881836,5.588651180267334,0,0.0,0.0
2010-02-16,6.978750228881836,6.978750228881836,6.978750228881836,6.978750228881836,5.588651180267334,0,0.0,0.0
2010-02-17,6.978750228881836,6.978750228881836,6.978750228881836,6.978750228881836,5.588651180267334,0,0.0,0.0
2010-02-18,6.978750228881836,6.978750228881836,6.978750228881836,6.978750228881836,5.588651180267334,0,0.0,0.0
2010-02-19,6.978750228881836,6.978750228881836,6.978750228881836,6.978750228881836,5.588651180267334,0,0.0,0.0
2010-02-22,6.978750228881836,6.978750228881836,6.978750228881836,6.978750228881836,5.588651180267334,0,0.0,0.0
2010-02-23,6.978750228881836,6.978750228881836,6.978750228881836,6.978750228881836,5.588651180267334,0,0.0,0.0
2010-02-24,6.978750228881836,6.978750228881836,6.978750228881836,6.978750228881836,5.588651180267334,0,0.0,0.0
2010-02-25,6.978750228881836,6.978750228881836,6.978750228881836,6.978750228881836,5.588651180267334,0,0.0,0.0
2010-02-26,6.978750228881836,6.978750228881836,6.978750228881836,6.978750228881836,5.588651180267334,0,0.0,0.0
2010-03-01,6.978750228881836,6.978750228881836,6.978750228881836,6.978750228881836,5.588651180267334,0,0.0,0.0
2010-03-02,6.978750228881836,6.978750228881836,6.978750228881836,6.978750228881836,5.588651180267334,0,0.0,0.0
2010-03-03,6.978750228881836,6.978750228881836,6.978750228881836,6.978750228881836,5.588651180267334,0,0.0,0.0
2010-03-04,6.829999923706055,6.829999923706055,6.260000228881836,6.260000228881836,5.013070583343506,4800,0.0,0.0
2010-03-05,6.260000228881836,6.260000228881836,6.260000228881836,6.260000228881836,5.013070583343506,0,0.0,0.0
2010-03-08,6.260000228881836,6.260000228881836,6.260000228881836,6.260000228881836,5.013070583343506,0,0.0,0.0
2010-03-09,6.260000228881836,6.260000228881836,6.260000228881836,6.260000228881836,5.013070583343506,0,0.0,0.0
2010-03-10,6.260000228881836,6.260000228881836,6.260000228881836,6.260000228881836,5.013070583343506,0,0.0,0.0
2010-03-11,6.260000228881836,6.260000228881836,6.260000228881836,6.260000228881836,5.013070583343506,0,0.0,0.0
2010-03-12,6.260000228881836,6.260000228881836,6.260000228881836,6.260000228881836,5.013070583343506,0,0.0,0.0
2010-03-15,6.260000228881836,6.260000228881836,6.260000228881836,6.260000228881836,5.013070583343506,0,0.0,0.0
2010-03-16,6.260000228881836,6.260000228881836,6.260000228881836,6.260000228881836,5.013070583343506,0,0.0,0.0
2010-03-17,6.260000228881836,6.260000228881836,6.260000228881836,6.260000228881836,5.013070583343506,0,0.0,0.0
2010-03-18,6.260000228881836,6.260000228881836,6.260000228881836,6.260000228881836,5.013070583343506,0,0.0,0.0
2010-03-19,6.260000228881836,6.260000228881836,6.260000228881836,6.260000228881836,5.013070583343506,0,0.0,0.0
2010-03-22,6.260000228881836,6.260000228881836,6.260000228881836,6.260000228881836,5.013070583343506,0,0.0,0.0
2010-03-23,6.260000228881836,6.260000228881836,6.260000228881836,6.260000228881836,5.013070583343506,0,0.0,0.0
2010-03-24,6.260000228881836,6.260000228881836,6.260000228881836,6.260000228881836,5.013070583343506,0,0.0,0.0
2010-03-25,6.260000228881836,6.260000228881836,6.260000228881836,6.260000228881836,5.013070583343506,0,0.0,0.0
2010-03-26,6.260000228881836,6.260000228881836,6.260000228881836,6.260000228881836,5.013070583343506,0,0.0,0.0
2010-03-29,6.260000228881836,6.260000228881836,6.260000228881836,6.260000228881836,5.013070583343506,0,0.0,0.0
2010-03-30,6.260000228881836,6.260000228881836,6.260000228881836,6.260000228881836,5.013070583343506,0,0.0,0.0
2010-03-31,6.260000228881836,6.260000228881836,6.260000228881836,6.260000228881836,5.013070583343506,0,0.0,0.0
2010-04-06,6.260000228881836,6.260000228881836,6.260000228881836,6.260000228881836,5.013070583343506,0,0.0,0.0
2010-04-07,6.260000228881836,6.260000228881836,6.260000228881836,6.260000228881836,5.013070583343506,0,0.0,0.0
2010-04-08,6.260000228881836,6.260000228881836,6.260000228881836,6.260000228881836,5.013070583343506,0,0.0,0.0
2010-04-09,6.260000228881836,6.260000228881836,6.260000228881836,6.260000228881836,5.013070583343506,0,0.0,0.0
2010-04-12,6.260000228881836,6.260000228881836,6.260000228881836,6.260000228881836,5.013070583343506,0,0.0,0.0
2010-04-13,6.260000228881836,6.260000228881836,6.260000228881836,6.260000228881836,5.013070583343506,0,0.0,0.0
2010-04-14,6.260000228881836,6.260000228881836,6.260000228881836,6.260000228881836,5.013070583343506,0,0.0,0.0
2010-04-15,6.260000228881836,6.260000228881836,6.260000228881836,6.260000228881836,5.013070583343506,0,0.0,0.0
2010-04-16,6.260000228881836,6.260000228881836,6.260000228881836,6.260000228881836,5.013070583343506,0,0.0,0.0
2010-04-19,6.260000228881836,6.260000228881836,6.260000228881836,6.260000228881836,5.013070583343506,0,0.0,0.0
2010-04-20,6.260000228881836,6.260000228881836,6.260000228881836,6.260000228881836,5.013070583343506,0,0.0,0.0
2010-04-21,6.260000228881836,6.260000228881836,6.260000228881836,6.260000228881836,5.013070583343506,0,0.0,0.0
2010-04-22,6.260000228881836,6.260000228881836,6.260000228881836,6.260000228881836,5.013070583343506,0,0.0,0.0
2010-04-23,6.260000228881836,6.260000228881836,6.260000228881836,6.260000228881836,5.013070583343506,0,0.0,0.0
2010-04-26,6.260000228881836,6.260000228881836,6.260000228881836,6.260000228881836,5.013070583343506,0,0.0,0.0
2010-04-27,6.260000228881836,6.260000228881836,6.260000228881836,6.260000228881836,5.013070583343506,0,0.0,0.0
2010-04-28,6.260000228881836,6.260000228881836,6.260000228881836,6.260000228881836,5.013070583343506,0,0.0,0.0
2010-04-29,6.260000228881836,6.260000228881836,6.260000228881836,6.260000228881836,5.013070583343506,0,0.0,0.0
2010-04-30,6.260000228881836,6.260000228881836,6.260000228881836,6.260000228881836,5.013070583343506,0,0.0,0.0
2010-05-03,6.260000228881836,6.260000228881836,6.260000228881836,6.260000228881836,5.013070583343506,0,0.0,0.0
2010-05-04,6.260000228881836,6.260000228881836,6.260000228881836,6.260000228881836,5.013070583343506,0,0.0,0.0
2010-05-05,6.260000228881836,6.260000228881836,6.260000228881836,6.260000228881836,5.013070583343506,0,0.0,0.0
2010-05-06,6.260000228881836,6.260000228881836,6.260000228881836,6.260000228881836,5.013070583343506,0,0.0,0.0
2010-05-07,6.260000228881836,6.260000228881836,6.260000228881836,6.260000228881836,5.013070583343506,0,0.0,0.0
2010-05-10,6.260000228881836,6.260000228881836,6.260000228881836,6.260000228881836,5.013070583343506,0,0.0,0.0
2010-05-11,6.260000228881836,6.260000228881836,6.260000228881836,6.260000228881836,5.013070583343506,0,0.0,0.0
2010-05-12,6.260000228881836,6.260000228881836,6.260000228881836,6.260000228881836,5.013070583343506,0,0.0,0.0
2010-05-14,6.260000228881836,6.260000228881836,6.260000228881836,6.260000228881836,5.013070583343506,0,0.0,0.0
2010-05-18,6.260000228881836,6.260000228881836,6.260000228881836,6.260000228881836,5.013070583343506,0,0.0,0.0
2010-05-19,6.260000228881836,6.260000228881836,6.260000228881836,6.260000228881836,5.013070583343506,0,0.0,0.0
2010-05-20,6.260000228881836,6.260000228881836,6.260000228881836,6.260000228881836,5.013070583343506,0,0.0,0.0
2010-05-21,6.260000228881836,6.260000228881836,6.260000228881836,6.260000228881836,5.013070583343506,0,0.0,0.0
2010-05-25,6.260000228881836,6.260000228881836,6.260000228881836,6.260000228881836,5.013070583343506,0,0.0,0.0
2010-05-26,6.260000228881836,6.260000228881836,6.260000228881836,6.260000228881836,5.013070583343506,0,0.0,0.0
2010-05-27,6.260000228881836,6.260000228881836,6.260000228881836,6.260000228881836,5.013070583343506,0,0.0,0.0
2010-05-28,6.260000228881836,6.260000228881836,6.260000228881836,6.260000228881836,5.013070583343506,0,0.0,0.0
2010-05-31,6.260000228881836,6.260000228881836,6.260000228881836,6.260000228881836,5.013070583343506,0,0.0,0.0
2010-06-01,6.260000228881836,6.260000228881836,6.260000228881836,6.260000228881836,5.013070583343506,0,0.0,0.0
2010-06-02,6.260000228881836,6.260000228881836,6.260000228881836,6.260000228881836,5.013070583343506,0,0.0,0.0
2010-06-03,6.260000228881836,6.260000228881836,6.260000228881836,6.260000228881836,5.013070583343506,0,0.0,0.0
2010-06-04,6.260000228881836,6.260000228881836,6.260000228881836,6.260000228881836,5.013070583343506,0,0.0,0.0
2010-06-07,6.260000228881836,6.260000228881836,6.260000228881836,6.260000228881836,5.013070583343506,0,0.0,0.0
2010-06-08,6.260000228881836,6.260000228881836,6.260000228881836,6.260000228881836,5.013070583343506,0,0.0,0.0
2010-06-09,6.260000228881836,6.260000228881836,6.260000228881836,6.260000228881836,5.013070583343506,0,0.0,0.0
2010-06-10,6.260000228881836,6.260000228881836,6.260000228881836,6.260000228881836,5.013070583343506,0,0.0,0.0
2010-06-11,6.260000228881836,6.260000228881836,6.260000228881836,6.260000228881836,5.013070583343506,0,0.0,0.0
2010-06-14,6.260000228881836,6.260000228881836,6.260000228881836,6.260000228881836,5.013070583343506,0,0.0,0.0
2010-06-15,6.260000228881836,6.260000228881836,6.260000228881836,6.260000228881836,5.013070583343506,0,0.0,0.0
2010-06-16,6.260000228881836,6.260000228881836,6.260000228881836,6.260000228881836,5.013070583343506,0,0.0,0.0
2010-06-17,6.260000228881836,6.260000228881836,6.260000228881836,6.260000228881836,5.013070583343506,0,0.0,0.0
2010-06-18,6.260000228881836,6.260000228881836,6.260000228881836,6.260000228881836,5.013070583343506,0,0.0,0.0
2010-06-21,6.260000228881836,6.260000228881836,6.260000228881836,6.260000228881836,5.013070583343506,0,0.0,0.0
2010-06-22,6.260000228881836,6.260000228881836,6.260000228881836,6.260000228881836,5.013070583343506,0,0.0,0.0
2010-06-23,6.260000228881836,6.260000228881836,6.260000228881836,6.260000228881836,5.013070583343506,0,0.0,0.0
2010-06-24,6.260000228881836,6.260000228881836,6.260000228881836,6.260000228881836,5.013070583343506,0,0.0,0.0
2010-06-25,6.260000228881836,6.260000228881836,6.260000228881836,6.260000228881836,5.013070583343506,0,0.0,0.0
2010-06-28,6.260000228881836,6.260000228881836,6.260000228881836,6.260000228881836,5.013070583343506,0,0.0,0.0
2010-06-29,6.260000228881836,6.260000228881836,6.260000228881836,6.260000228881836,5.013070583343506,0,0.0,0.0
2010-06-30,6.260000228881836,6.260000228881836,6.260000228881836,6.260000228881836,5.013070583343506,0,0.0,0.0
2010-07-01,6.260000228881836,6.260000228881836,6.260000228881836,6.260000228881836,5.013070583343506,0,0.0,0.0
2010-07-02,6.260000228881836,6.260000228881836,6.260000228881836,6.260000228881836,5.013070583343506,0,0.0,0.0
2010-07-05,6.260000228881836,6.260000228881836,6.260000228881836,6.260000228881836,5.013070583343506,0,0.0,0.0
2010-07-06,6.260000228881836,6.260000228881836,6.260000228881836,6.260000228881836,5.013070583343506,0,0.0,0.0
2010-07-07,6.260000228881836,6.260000228881836,6.260000228881836,6.260000228881836,5.013070583343506,0,0.0,0.0
2010-07-08,6.260000228881836,6.260000228881836,6.260000228881836,6.260000228881836,5.013070583343506,0,0.0,0.0
2010-07-09,6.260000228881836,6.260000228881836,6.260000228881836,6.260000228881836,5.013070583343506,0,0.0,0.0
2010-07-12,6.260000228881836,6.260000228881836,6.260000228881836,6.260000228881836,5.013070583343506,0,0.0,0.0
2010-07-13,6.260000228881836,6.260000228881836,6.260000228881836,6.260000228881836,5.013070583343506,0,0.0,0.0
2010-07-14,6.260000228881836,6.260000228881836,6.260000228881836,6.260000228881836,5.013070583343506,0,0.0,0.0
2010-07-15,6.260000228881836,6.260000228881836,6.260000228881836,6.260000228881836,5.013070583343506,0,0.0,0.0
2010-07-16,6.260000228881836,6.260000228881836,6.260000228881836,6.260000228881836,5.013070583343506,0,0.0,0.0
2010-07-19,6.260000228881836,6.260000228881836,6.260000228881836,6.260000228881836,5.013070583343506,0,0.0,0.0
2010-07-20,6.260000228881836,6.260000228881836,6.260000228881836,6.260000228881836,5.013070583343506,0,0.0,0.0
2010-07-21,6.260000228881836,6.260000228881836,6.260000228881836,6.260000228881836,5.013070583343506,0,0.0,0.0
2010-07-22,6.260000228881836,6.260000228881836,6.260000228881836,6.260000228881836,5.013070583343506,0,0.0,0.0
2010-07-23,6.260000228881836,6.260000228881836,6.260000228881836,6.260000228881836,5.013070583343506,0,0.0,0.0
2010-07-26,6.260000228881836,6.260000228881836,6.260000228881836,6.260000228881836,5.013070583343506,0,0.0,0.0
2010-07-27,6.260000228881836,6.260000228881836,6.260000228881836,6.260000228881836,5.013070583343506,0,0.0,0.0
2010-07-28,6.260000228881836,6.260000228881836,6.260000228881836,6.260000228881836,5.013070583343506,0,0.0,0.0
2010-07-29,6.260000228881836,6.260000228881836,6.260000228881836,6.260000228881836,5.013070583343506,0,0.0,0.0
2010-07-30,6.260000228881836,6.260000228881836,6.260000228881836,6.260000228881836,5.013070583343506,0,0.0,0.0
2010-08-02,6.260000228881836,6.260000228881836,6.260000228881836,6.260000228881836,5.013070583343506,0,0.0,0.0
2010-08-03,6.260000228881836,6.260000228881836,6.260000228881836,6.260000228881836,5.074694633483887,0,0.07602,0.0
2010-08-04,6.260000228881836,6.260000228881836,6.260000228881836,6.260000228881836,5.074694633483887,0,0.0,0.0
2010-08-05,6.260000228881836,6.260000228881836,6.260000228881836,6.260000228881836,5.074694633483887,0,0.0,0.0
2010-08-06,6.260000228881836,6.260000228881836,6.260000228881836,6.260000228881836,5.074694633483887,0,0.0,0.0
2010-08-09,6.260000228881836,6.260000228881836,6.260000228881836,6.260000228881836,5.074694633483887,0,0.0,0.0
2010-08-10,6.260000228881836,6.260000228881836,6.260000228881836,6.260000228881836,5.074694633483887,0,0.0,0.0
2010-08-11,6.260000228881836,6.260000228881836,6.260000228881836,6.260000228881836,5.074694633483887,0,0.0,0.0
2010-08-12,6.260000228881836,6.260000228881836,6.260000228881836,6.260000228881836,5.074694633483887,0,0.0,0.0
2010-08-13,6.260000228881836,6.260000228881836,6.260000228881836,6.260000228881836,5.074694633483887,0,0.0,0.0
2010-08-16,6.260000228881836,6.260000228881836,6.260000228881836,6.260000228881836,5.074694633483887,0,0.0,0.0
2010-08-17,6.260000228881836,6.260000228881836,6.260000228881836,6.260000228881836,5.074694633483887,0,0.0,0.0
2010-08-18,6.260000228881836,6.260000228881836,6.260000228881836,6.260000228881836,5.074694633483887,0,0.0,0.0
2010-08-19,6.260000228881836,6.260000228881836,6.260000228881836,6.260000228881836,5.074694633483887,0,0.0,0.0
2010-08-20,6.260000228881836,6.260000228881836,6.260000228881836,6.260000228881836,5.074694633483887,0,0.0,0.0
2010-08-23,6.260000228881836,6.260000228881836,6.260000228881836,6.260000228881836,5.074694633483887,0,0.0,0.0
2010-08-24,6.260000228881836,6.260000228881836,6.260000228881836,6.260000228881836,5.074694633483887,0,0.0,0.0
2010-08-25,6.260000228881836,6.260000228881836,6.260000228881836,6.260000228881836,5.074694633483887,0,0.0,0.0
2010-08-26,6.260000228881836,6.260000228881836,6.260000228881836,6.260000228881836,5.074694633483887,0,0.0,0.0
2010-08-27,6.260000228881836,6.260000228881836,6.260000228881836,6.260000228881836,5.074694633483887,0,0.0,0.0
2010-08-30,6.260000228881836,6.260000228881836,6.260000228881836,6.260000228881836,5.074694633483887,0,0.0,0.0
2010-08-31,6.260000228881836,6.260000228881836,6.260000228881836,6.260000228881836,5.074694633483887,0,0.0,0.0
2010-09-01,6.260000228881836,6.260000228881836,6.260000228881836,6.260000228881836,5.074694633483887,0,0.0,0.0
2010-09-02,6.260000228881836,6.260000228881836,6.260000228881836,6.260000228881836,5.074694633483887,0,0.0,0.0
2010-09-03,6.260000228881836,6.260000228881836,6.260000228881836,6.260000228881836,5.074694633483887,0,0.0,0.0
2010-09-06,6.260000228881836,6.260000228881836,6.260000228881836,6.260000228881836,5.074694633483887,0,0.0,0.0
2010-09-07,6.260000228881836,6.260000228881836,6.260000228881836,6.260000228881836,5.074694633483887,0,0.0,0.0
2010-09-08,6.260000228881836,6.260000228881836,6.260000228881836,6.260000228881836,5.074694633483887,0,0.0,0.0
2010-09-09,6.260000228881836,6.260000228881836,6.260000228881836,6.260000228881836,5.074694633483887,0,0.0,0.0
2010-09-10,6.260000228881836,6.260000228881836,6.260000228881836,6.260000228881836,5.074694633483887,0,0.0,0.0
2010-09-13,6.260000228881836,6.260000228881836,6.260000228881836,6.260000228881836,5.074694633483887,0,0.0,0.0
2010-09-14,6.260000228881836,6.260000228881836,6.260000228881836,6.260000228881836,5.074694633483887,0,0.0,0.0
2010-09-15,6.260000228881836,6.260000228881836,6.260000228881836,6.260000228881836,5.074694633483887,0,0.0,0.0
2010-09-16,6.260000228881836,6.260000228881836,6.260000228881836,6.260000228881836,5.074694633483887,0,0.0,0.0
2010-09-17,6.260000228881836,6.260000228881836,6.260000228881836,6.260000228881836,5.074694633483887,0,0.0,0.0
2010-09-20,6.260000228881836,6.260000228881836,6.260000228881836,6.260000228881836,5.074694633483887,0,0.0,0.0
2010-09-21,6.260000228881836,6.260000228881836,6.260000228881836,6.260000228881836,5.074694633483887,0,0.0,0.0
2010-09-22,6.260000228881836,6.260000228881836,6.260000228881836,6.260000228881836,5.074694633483887,0,0.0,0.0
2010-09-23,6.260000228881836,6.260000228881836,6.260000228881836,6.260000228881836,5.074694633483887,0,0.0,0.0
2010-09-24,6.260000228881836,6.260000228881836,6.260000228881836,6.260000228881836,5.074694633483887,0,0.0,0.0
2010-09-27,6.260000228881836,6.260000228881836,6.260000228881836,6.260000228881836,5.074694633483887,0,0.0,0.0
2010-09-28,6.260000228881836,6.260000228881836,6.260000228881836,6.260000228881836,5.074694633483887,0,0.0,0.0
2010-09-29,6.260000228881836,6.260000228881836,6.260000228881836,6.260000228881836,5.074694633483887,0,0.0,0.0
2010-09-30,6.260000228881836,6.260000228881836,6.260000228881836,6.260000228881836,5.074694633483887,0,0.0,0.0
2010-10-01,6.260000228881836,6.260000228881836,6.260000228881836,6.260000228881836,5.074694633483887,0,0.0,0.0
2010-10-04,6.260000228881836,6.260000228881836,6.260000228881836,6.260000228881836,5.074694633483887,0,0.0,0.0
2010-10-05,6.260000228881836,6.260000228881836,6.260000228881836,6.260000228881836,5.074694633483887,0,0.0,0.0
2010-10-06,6.260000228881836,6.260000228881836,6.260000228881836,6.260000228881836,5.074694633483887,0,0.0,0.0
2010-10-07,6.260000228881836,6.260000228881836,6.260000228881836,6.260000228881836,5.074694633483887,0,0.0,0.0
2010-10-08,6.260000228881836,6.260000228881836,6.260000228881836,6.260000228881836,5.074694633483887,0,0.0,0.0
2010-10-11,6.260000228881836,6.260000228881836,6.260000228881836,6.260000228881836,5.074694633483887,0,0.0,0.0
2010-10-12,6.260000228881836,6.260000228881836,6.260000228881836,6.260000228881836,5.074694633483887,0,0.0,0.0
2010-10-13,6.260000228881836,6.260000228881836,6.260000228881836,6.260000228881836,5.074694633483887,0,0.0,0.0
2010-10-14,6.260000228881836,6.260000228881836,6.260000228881836,6.260000228881836,5.074694633483887,0,0.0,0.0
2010-10-15,6.260000228881836,6.260000228881836,6.260000228881836,6.260000228881836,5.074694633483887,0,0.0,0.0
2010-10-18,6.260000228881836,6.260000228881836,6.260000228881836,6.260000228881836,5.074694633483887,0,0.0,0.0
2010-10-19,6.260000228881836,6.260000228881836,6.260000228881836,6.260000228881836,5.074694633483887,0,0.0,0.0
2010-10-20,6.260000228881836,6.260000228881836,6.260000228881836,6.260000228881836,5.074694633483887,0,0.0,0.0
2010-10-21,6.260000228881836,6.260000228881836,6.260000228881836,6.260000228881836,5.074694633483887,0,0.0,0.0
2010-10-22,6.260000228881836,6.260000228881836,6.260000228881836,6.260000228881836,5.074694633483887,0,0.0,0.0
2010-10-25,6.260000228881836,6.260000228881836,6.260000228881836,6.260000228881836,5.074694633483887,0,0.0,0.0
2010-10-26,6.260000228881836,6.260000228881836,6.260000228881836,6.260000228881836,5.074694633483887,0,0.0,0.0
2010-10-27,6.260000228881836,6.260000228881836,6.260000228881836,6.260000228881836,5.074694633483887,0,0.0,0.0
2010-10-28,6.260000228881836,6.260000228881836,6.260000228881836,6.260000228881836,5.074694633483887,0,0.0,0.0
2010-10-29,6.260000228881836,6.260000228881836,6.260000228881836,6.260000228881836,5.074694633483887,0,0.0,0.0
2010-11-01,6.260000228881836,6.260000228881836,6.260000228881836,6.260000228881836,5.074694633483887,0,0.0,0.0
2010-11-02,6.260000228881836,6.260000228881836,6.260000228881836,6.260000228881836,5.074694633483887,0,0.0,0.0
2010-11-03,6.260000228881836,6.260000228881836,6.260000228881836,6.260000228881836,5.074694633483887,0,0.0,0.0
2010-11-04,6.260000228881836,6.260000228881836,6.260000228881836,6.260000228881836,5.074694633483887,0,0.0,0.0
2010-11-05,6.260000228881836,6.260000228881836,6.260000228881836,6.260000228881836,5.074694633483887,0,0.0,0.0
2010-11-08,6.260000228881836,6.260000228881836,6.260000228881836,6.260000228881836,5.074694633483887,0,0.0,0.0
2010-11-09,6.260000228881836,6.260000228881836,6.260000228881836,6.260000228881836,5.074694633483887,0,0.0,0.0
2010-11-10,6.260000228881836,6.260000228881836,6.260000228881836,6.260000228881836,5.074694633483887,0,0.0,0.0
2010-11-11,6.260000228881836,6.260000228881836,6.260000228881836,6.260000228881836,5.074694633483887,0,0.0,0.0
2010-11-12,6.260000228881836,6.260000228881836,6.260000228881836,6.260000228881836,5.074694633483887,0,0.0,0.0
2010-11-15,6.260000228881836,6.260000228881836,6.260000228881836,6.260000228881836,5.074694633483887,0,0.0,0.0
2010-11-16,6.260000228881836,6.260000228881836,6.260000228881836,6.260000228881836,5.074694633483887,0,0.0,0.0
2010-11-17,6.260000228881836,6.260000228881836,6.260000228881836,6.260000228881836,5.074694633483887,0,0.0,0.0
2010-11-18,6.260000228881836,6.260000228881836,6.260000228881836,6.260000228881836,5.074694633483887,0,0.0,0.0
2010-11-19,6.260000228881836,6.260000228881836,6.260000228881836,6.260000228881836,5.074694633483887,0,0.0,0.0
2010-11-22,6.260000228881836,6.260000228881836,6.260000228881836,6.260000228881836,5.074694633483887,0,0.0,0.0
2010-11-23,6.260000228881836,6.260000228881836,6.260000228881836,6.260000228881836,5.074694633483887,0,0.0,0.0
2010-11-24,6.260000228881836,6.260000228881836,6.260000228881836,6.260000228881836,5.074694633483887,0,0.0,0.0
2010-11-25,6.260000228881836,6.260000228881836,6.260000228881836,6.260000228881836,5.074694633483887,0,0.0,0.0
2010-11-26,6.260000228881836,6.260000228881836,6.260000228881836,6.260000228881836,5.074694633483887,0,0.0,0.0
2010-11-29,6.260000228881836,6.260000228881836,6.260000228881836,6.260000228881836,5.074694633483887,0,0.0,0.0
2010-11-30,6.260000228881836,6.260000228881836,6.260000228881836,6.260000228881836,5.074694633483887,0,0.0,0.0
2010-12-01,6.260000228881836,6.260000228881836,6.260000228881836,6.260000228881836,5.074694633483887,0,0.0,0.0
2010-12-02,6.260000228881836,6.260000228881836,6.260000228881836,6.260000228881836,5.074694633483887,0,0.0,0.0
2010-12-03,6.260000228881836,6.260000228881836,6.260000228881836,6.260000228881836,5.074694633483887,0,0.0,0.0
2010-12-06,6.260000228881836,6.260000228881836,6.260000228881836,6.260000228881836,5.074694633483887,0,0.0,0.0
2010-12-07,6.260000228881836,6.260000228881836,6.260000228881836,6.260000228881836,5.074694633483887,0,0.0,0.0
2010-12-08,6.260000228881836,6.260000228881836,6.260000228881836,6.260000228881836,5.074694633483887,0,0.0,0.0
2010-12-09,6.260000228881836,6.260000228881836,6.260000228881836,6.260000228881836,5.074694633483887,0,0.0,0.0
2010-12-10,6.260000228881836,6.260000228881836,6.260000228881836,6.260000228881836,5.074694633483887,0,0.0,0.0
2010-12-13,6.260000228881836,6.260000228881836,6.260000228881836,6.260000228881836,5.074694633483887,0,0.0,0.0
2010-12-14,6.260000228881836,6.260000228881836,6.260000228881836,6.260000228881836,5.074694633483887,0,0.0,0.0
2010-12-15,6.260000228881836,6.260000228881836,6.260000228881836,6.260000228881836,5.074694633483887,0,0.0,0.0
2010-12-16,6.260000228881836,6.260000228881836,6.260000228881836,6.260000228881836,5.074694633483887,0,0.0,0.0
2010-12-17,6.260000228881836,6.260000228881836,6.260000228881836,6.260000228881836,5.074694633483887,0,0.0,0.0
2010-12-20,6.260000228881836,6.260000228881836,6.260000228881836,6.260000228881836,5.074694633483887,0,0.0,0.0
2010-12-21,6.260000228881836,6.260000228881836,6.260000228881836,6.260000228881836,5.074694633483887,0,0.0,0.0
2010-12-22,6.260000228881836,6.260000228881836,6.260000228881836,6.260000228881836,5.074694633483887,0,0.0,0.0
2010-12-23,6.260000228881836,6.260000228881836,6.260000228881836,6.260000228881836,5.074694633483887,0,0.0,0.0
2010-12-27,6.260000228881836,6.260000228881836,6.260000228881836,6.260000228881836,5.074694633483887,0,0.0,0.0
2010-12-28,6.260000228881836,6.260000228881836,6.260000228881836,6.260000228881836,5.074694633483887,0,0.0,0.0
2010-12-29,6.260000228881836,6.260000228881836,6.260000228881836,6.260000228881836,5.074694633483887,0,0.0,0.0
2010-12-30,6.260000228881836,6.260000228881836,6.260000228881836,6.260000228881836,5.074694633483887,0,0.0,0.0
2011-01-03,6.260000228881836,6.260000228881836,6.260000228881836,6.260000228881836,5.074694633483887,0,0.0,0.0
2011-01-04,6.260000228881836,6.260000228881836,6.260000228881836,6.260000228881836,5.074694633483887,0,0.0,0.0
2011-01-05,6.260000228881836,6.260000228881836,6.260000228881836,6.260000228881836,5.074694633483887,0,0.0,0.0
2011-01-06,6.260000228881836,6.260000228881836,6.260000228881836,6.260000228881836,5.074694633483887,0,0.0,0.0
2011-01-07,6.260000228881836,6.260000228881836,6.260000228881836,6.260000228881836,5.074694633483887,0,0.0,0.0
2011-01-10,6.260000228881836,6.260000228881836,6.260000228881836,6.260000228881836,5.074694633483887,0,0.0,0.0
2011-01-11,6.260000228881836,6.260000228881836,6.260000228881836,6.260000228881836,5.074694633483887,0,0.0,0.0
2011-01-12,6.260000228881836,6.260000228881836,6.260000228881836,6.260000228881836,5.074694633483887,0,0.0,0.0
2011-01-13,6.260000228881836,6.260000228881836,6.260000228881836,6.260000228881836,5.074694633483887,0,0.0,0.0
2011-01-14,6.260000228881836,6.260000228881836,6.260000228881836,6.260000228881836,5.074694633483887,0,0.0,0.0
2011-01-17,6.260000228881836,6.260000228881836,6.260000228881836,6.260000228881836,5.074694633483887,0,0.0,0.0
2011-01-18,6.260000228881836,6.260000228881836,6.260000228881836,6.260000228881836,5.074694633483887,0,0.0,0.0
2011-01-19,6.260000228881836,6.260000228881836,6.260000228881836,6.260000228881836,5.074694633483887,0,0.0,0.0
2011-01-20,6.260000228881836,6.260000228881836,6.260000228881836,6.260000228881836,5.074694633483887,0,0.0,0.0
2011-01-21,6.260000228881836,6.260000228881836,6.260000228881836,6.260000228881836,5.074694633483887,0,0.0,0.0
2011-01-24,6.260000228881836,6.260000228881836,6.260000228881836,6.260000228881836,5.074694633483887,0,0.0,0.0
2011-01-25,6.260000228881836,6.260000228881836,6.260000228881836,6.260000228881836,5.074694633483887,0,0.0,4.0
2011-01-26,6.260000228881836,6.260000228881836,6.260000228881836,6.260000228881836,5.074694633483887,0,0.0,0.0
2011-01-27,6.260000228881836,6.260000228881836,6.260000228881836,6.260000228881836,5.074694633483887,0,0.0,0.0
2011-01-28,6.260000228881836,6.260000228881836,6.260000228881836,6.260000228881836,5.074694633483887,0,0.0,0.0
2011-01-31,6.260000228881836,6.260000228881836,6.260000228881836,6.260000228881836,5.074694633483887,0,0.0,0.0
2011-02-01,6.260000228881836,6.260000228881836,6.260000228881836,6.260000228881836,5.074694633483887,0,0.0,0.0
2011-02-02,6.260000228881836,6.260000228881836,6.260000228881836,6.260000228881836,5.074694633483887,0,0.0,0.0
2011-02-03,6.260000228881836,6.260000228881836,6.260000228881836,6.260000228881836,5.074694633483887,0,0.0,0.0
2011-02-04,6.260000228881836,6.260000228881836,6.260000228881836,6.260000228881836,5.074694633483887,0,0.0,0.0
2011-02-07,6.260000228881836,6.260000228881836,6.260000228881836,6.260000228881836,5.074694633483887,0,0.0,0.0
2011-02-08,6.260000228881836,6.260000228881836,6.260000228881836,6.260000228881836,5.164009094238281,0,0.10827,0.0
2011-02-09,6.260000228881836,6.260000228881836,6.260000228881836,6.260000228881836,5.164009094238281,0,0.0,0.0
2011-02-10,6.260000228881836,6.260000228881836,6.260000228881836,6.260000228881836,5.164009094238281,0,0.0,0.0
2011-02-11,6.260000228881836,6.260000228881836,6.260000228881836,6.260000228881836,5.164009094238281,0,0.0,0.0
2011-02-14,6.260000228881836,6.260000228881836,6.260000228881836,6.260000228881836,5.164009094238281,0,0.0,0.0
2011-02-15,6.260000228881836,6.260000228881836,6.260000228881836,6.260000228881836,5.164009094238281,0,0.0,0.0
2011-02-16,6.260000228881836,6.260000228881836,6.260000228881836,6.260000228881836,5.164009094238281,0,0.0,0.0
2011-02-17,6.260000228881836,6.260000228881836,6.260000228881836,6.260000228881836,5.164009094238281,0,0.0,0.0
2011-02-18,6.260000228881836,6.260000228881836,6.260000228881836,6.260000228881836,5.164009094238281,0,0.0,0.0
2011-02-21,6.260000228881836,6.260000228881836,6.260000228881836,6.260000228881836,5.164009094238281,0,0.0,0.0
2011-02-22,6.260000228881836,6.260000228881836,6.260000228881836,6.260000228881836,5.164009094238281,0,0.0,0.0
2011-02-23,6.260000228881836,6.260000228881836,6.260000228881836,6.260000228881836,5.164009094238281,0,0.0,0.0
2011-02-24,6.260000228881836,6.260000228881836,6.260000228881836,6.260000228881836,5.164009094238281,0,0.0,0.0
2011-02-25,6.260000228881836,6.260000228881836,6.260000228881836,6.260000228881836,5.164009094238281,0,0.0,0.0
2011-02-28,10.0,10.0,10.0,10.0,8.249215126037598,8,0.0,0.0
2011-03-01,10.0,10.0,10.0,10.0,8.249215126037598,0,0.0,0.0
2011-03-02,10.0,10.0,10.0,10.0,8.249215126037598,0,0.0,0.0
2011-03-03,10.0,10.0,10.0,10.0,8.249215126037598,0,0.0,0.0
2011-03-04,10.0,10.0,10.0,10.0,8.249215126037598,0,0.0,0.0
2011-03-07,10.0,10.0,10.0,10.0,8.249215126037598,0,0.0,0.0
2011-03-08,10.0,10.0,10.0,10.0,8.249215126037598,0,0.0,0.0
2011-03-09,10.0,10.0,10.0,10.0,8.249215126037598,0,0.0,0.0
2011-03-10,10.0,10.0,10.0,10.0,8.249215126037598,0,0.0,0.0
2011-03-11,10.0,10.0,10.0,10.0,8.249215126037598,0,0.0,0.0
2011-03-14,10.0,10.0,10.0,10.0,8.249215126037598,0,0.0,0.0
2011-03-15,10.0,10.0,10.0,10.0,8.249215126037598,0,0.0,0.0
2011-03-16,10.0,10.0,10.0,10.0,8.249215126037598,0,0.0,0.0
2011-03-17,10.0,10.0,10.0,10.0,8.249215126037598,0,0.0,0.0
2011-03-18,10.0,10.0,10.0,10.0,8.249215126037598,0,0.0,0.0
2011-03-21,10.0,10.0,10.0,10.0,8.249215126037598,0,0.0,0.0
2011-03-22,10.0,10.0,10.0,10.0,8.249215126037598,0,0.0,0.0
2011-03-23,10.0,10.0,10.0,10.0,8.249215126037598,0,0.0,0.0
2011-03-24,10.0,10.0,10.0,10.0,8.249215126037598,0,0.0,0.0
2011-03-25,10.0,10.0,10.0,10.0,8.249215126037598,0,0.0,0.0
2011-03-28,10.0,10.0,10.0,10.0,8.249215126037598,0,0.0,0.0
2011-03-29,10.0,10.0,10.0,10.0,8.249215126037598,0,0.0,0.0
2011-03-30,10.0,10.0,10.0,10.0,8.249215126037598,0,0.0,0.0
2011-03-31,10.0,10.0,10.0,10.0,8.249215126037598,0,0.0,0.0
2011-04-01,10.0,10.0,10.0,10.0,8.249215126037598,0,0.0,0.0
2011-04-04,10.0,10.0,10.0,10.0,8.249215126037598,0,0.0,0.0
2011-04-05,10.0,10.0,10.0,10.0,8.249215126037598,0,0.0,0.0
2011-04-06,10.0,10.0,10.0,10.0,8.249215126037598,0,0.0,0.0
2011-04-07,10.0,10.0,10.0,10.0,8.249215126037598,0,0.0,0.0
2011-04-08,10.0,10.0,10.0,10.0,8.249215126037598,0,0.0,0.0
2011-04-11,10.0,10.0,10.0,10.0,8.249215126037598,0,0.0,0.0
2011-04-12,10.0,10.0,10.0,10.0,8.249215126037598,0,0.0,0.0
2011-04-13,10.0,10.0,10.0,10.0,8.249215126037598,0,0.0,0.0
2011-04-14,10.0,10.0,10.0,10.0,8.249215126037598,0,0.0,0.0
2011-04-15,10.0,10.0,10.0,10.0,8.249215126037598,0,0.0,0.0
2011-04-18,10.0,10.0,10.0,10.0,8.249215126037598,0,0.0,0.0
2011-04-19,10.0,10.0,10.0,10.0,8.249215126037598,0,0.0,0.0
2011-04-20,10.0,10.0,10.0,10.0,8.249215126037598,0,0.0,0.0
2011-04-26,10.0,10.0,10.0,10.0,8.249215126037598,0,0.0,0.0
2011-04-27,10.0,10.0,10.0,10.0,8.249215126037598,0,0.0,0.0
2011-04-28,10.0,10.0,10.0,10.0,8.249215126037598,0,0.0,0.0
2011-04-29,10.0,10.0,10.0,10.0,8.249215126037598,0,0.0,0.0
2011-05-02,10.0,10.0,10.0,10.0,8.249215126037598,0,0.0,0.0
2011-05-03,10.0,10.0,10.0,10.0,8.249215126037598,0,0.0,0.0
2011-05-04,10.0,10.0,10.0,10.0,8.249215126037598,0,0.0,0.0
2011-05-05,10.0,10.0,10.0,10.0,8.249215126037598,0,0.0,0.0
2011-05-06,10.0,10.0,10.0,10.0,8.249215126037598,0,0.0,0.0
2011-05-09,10.0,10.0,10.0,10.0,8.249215126037598,0,0.0,0.0
2011-05-10,10.0,10.0,10.0,10.0,8.249215126037598,0,0.0,0.0
2011-05-11,10.0,10.0,10.0,10.0,8.249215126037598,0,0.0,0.0
2011-05-12,10.0,10.0,10.0,10.0,8.249215126037598,0,0.0,0.0
2011-05-13,10.0,10.0,10.0,10.0,8.249215126037598,0,0.0,0.0
2011-05-16,10.0,10.0,10.0,10.0,8.249215126037598,0,0.0,0.0
2011-05-18,10.0,10.0,10.0,10.0,8.249215126037598,0,0.0,0.0
2011-05-19,10.0,10.0,10.0,10.0,8.249215126037598,0,0.0,0.0
2011-05-20,10.0,10.0,10.0,10.0,8.249215126037598,0,0.0,0.0
2011-05-23,10.0,10.0,10.0,10.0,8.249215126037598,0,0.0,0.0
2011-05-24,10.0,10.0,10.0,10.0,8.249215126037598,0,0.0,0.0
2011-05-25,10.0,10.0,10.0,10.0,8.249215126037598,0,0.0,0.0
2011-05-26,10.0,10.0,10.0,10.0,8.249215126037598,0,0.0,0.0
2011-05-27,10.0,10.0,10.0,10.0,8.249215126037598,0,0.0,0.0
2011-05-30,10.0,10.0,10.0,10.0,8.249215126037598,0,0.0,0.0
2011-05-31,10.0,10.0,10.0,10.0,8.249215126037598,0,0.0,0.0
2011-06-01,10.0,10.0,10.0,10.0,8.249215126037598,0,0.0,0.0
2011-06-03,10.0,10.0,10.0,10.0,8.249215126037598,0,0.0,0.0
2011-06-06,10.0,10.0,10.0,10.0,8.249215126037598,0,0.0,0.0
2011-06-07,10.0,10.0,10.0,10.0,8.249215126037598,0,0.0,0.0
2011-06-08,10.0,10.0,10.0,10.0,8.249215126037598,0,0.0,0.0
2011-06-09,10.0,10.0,10.0,10.0,8.249215126037598,0,0.0,0.0
2011-06-10,10.0,10.0,10.0,10.0,8.249215126037598,0,0.0,0.0
2011-06-14,10.0,10.0,10.0,10.0,8.249215126037598,0,0.0,0.0
2011-06-15,10.0,10.0,10.0,10.0,8.249215126037598,0,0.0,0.0
2011-06-16,10.0,10.0,10.0,10.0,8.249215126037598,0,0.0,0.0
2011-06-17,10.0,10.0,10.0,10.0,8.249215126037598,0,0.0,0.0
2011-06-20,10.0,10.0,10.0,10.0,8.249215126037598,0,0.0,0.0
2011-06-21,10.0,10.0,10.0,10.0,8.249215126037598,0,0.0,0.0
2011-06-22,10.0,10.0,10.0,10.0,8.249215126037598,0,0.0,0.0
2011-06-23,10.0,10.0,10.0,10.0,8.249215126037598,0,0.0,0.0
2011-06-24,10.0,10.0,10.0,10.0,8.249215126037598,0,0.0,0.0
2011-06-27,10.0,10.0,10.0,10.0,8.249215126037598,0,0.0,0.0
2011-06-28,10.0,10.0,10.0,10.0,8.249215126037598,0,0.0,0.0
2011-06-29,10.0,10.0,10.0,10.0,8.249215126037598,0,0.0,0.0
2011-06-30,10.0,10.0,10.0,10.0,8.249215126037598,0,0.0,0.0
2011-07-01,10.0,10.0,10.0,10.0,8.249215126037598,0,0.0,0.0
2011-07-04,10.0,10.0,10.0,10.0,8.249215126037598,0,0.0,0.0
2011-07-05,10.0,10.0,10.0,10.0,8.249215126037598,0,0.0,0.0
2011-07-06,10.0,10.0,10.0,10.0,8.249215126037598,0,0.0,0.0
2011-07-07,10.0,10.0,10.0,10.0,8.249215126037598,0,0.0,0.0
2011-07-08,10.0,10.0,10.0,10.0,8.249215126037598,0,0.0,0.0
2011-07-11,10.0,10.0,10.0,10.0,8.249215126037598,0,0.0,0.0
2011-07-12,10.0,10.0,10.0,10.0,8.249215126037598,0,0.0,0.0
2011-07-13,10.0,10.0,10.0,10.0,8.249215126037598,0,0.0,0.0
2011-07-14,10.005000114440918,10.005000114440918,10.005000114440918,10.005000114440918,8.253341674804688,200,0.0,0.0
2011-07-15,10.005000114440918,10.005000114440918,10.005000114440918,10.005000114440918,8.253341674804688,0,0.0,0.0
2011-07-18,10.005000114440918,10.005000114440918,10.005000114440918,10.005000114440918,8.253341674804688,0,0.0,0.0
2011-07-19,10.005000114440918,10.005000114440918,10.005000114440918,10.005000114440918,8.253341674804688,0,0.0,0.0
2011-07-20,10.005000114440918,10.005000114440918,10.005000114440918,10.005000114440918,8.253341674804688,0,0.0,0.0
2011-07-21,10.005000114440918,10.005000114440918,10.005000114440918,10.005000114440918,8.253341674804688,0,0.0,0.0
2011-07-22,10.005000114440918,10.005000114440918,10.005000114440918,10.005000114440918,8.253341674804688,0,0.0,0.0
2011-07-25,10.005000114440918,10.005000114440918,10.005000114440918,10.005000114440918,8.253341674804688,0,0.0,0.0
2011-07-26,13.494999885559082,13.954999923706056,13.279999732971191,13.850000381469728,11.425165176391602,1654200,0.0,0.0
2011-07-27,13.06999969482422,13.475000381469728,13.0600004196167,13.425000190734863,11.161831855773926,2417200,0.10827,0.0
2011-07-28,13.375,13.670000076293944,13.199999809265137,13.425000190734863,11.161831855773926,2195400,0.0,0.0
2011-07-29,13.324999809265137,13.800000190734863,13.324999809265137,13.699999809265137,11.390469551086426,1590000,0.0,0.0
2011-08-01,13.949999809265137,13.949999809265137,13.664999961853027,13.75,11.432043075561523,3421200,0.0,0.0
2011-08-02,13.68000030517578,13.975000381469728,13.350000381469728,13.5,11.224185943603516,4152400,0.0,0.0
2011-08-03,13.46500015258789,13.630000114440918,13.119999885559082,13.289999961853027,11.04958724975586,2250400,0.0,0.0
2011-08-04,13.25,13.494999885559082,13.149999618530272,13.300000190734863,11.057903289794922,1467000,0.0,0.0
2011-08-05,13.524999618530272,13.675000190734863,13.449999809265137,13.600000381469728,11.307330131530762,3074200,0.0,0.0
2011-08-08,13.449999809265137,13.699999809265137,13.329999923706056,13.68000030517578,11.373845100402832,1948600,0.0,0.0
2011-08-09,13.899999618530272,13.899999618530272,13.539999961853027,13.895000457763672,11.552597999572754,3238200,0.0,0.0
2011-08-10,14.024999618530272,14.614999771118164,14.024999618530272,14.5,12.0556058883667,4287000,0.0,0.0
2011-08-11,14.25,14.614999771118164,14.18000030517578,14.18000030517578,11.789552688598633,4428400,0.0,0.0
2011-08-12,13.954999923706056,14.039999961853027,13.68000030517578,13.75,11.432043075561523,1128400,0.0,0.0
2011-08-15,13.454999923706056,14.19499969482422,13.449999809265137,14.050000190734863,11.681469917297363,2404400,0.0,0.0
2011-08-16,14.175000190734863,14.574999809265137,13.93000030517578,14.574999809265137,12.117963790893556,2552000,0.0,0.0
2011-08-17,14.404999732971191,14.454999923706056,13.914999961853027,14.25,11.847753524780272,2126600,0.0,0.0
2011-08-18,14.28499984741211,14.395000457763672,13.954999923706056,14.114999771118164,11.73551082611084,1072200,0.0,0.0
2011-08-19,14.114999771118164,14.399999618530272,14.06999969482422,14.25,11.847753524780272,682200,0.0,0.0
2011-08-22,14.25,14.654999732971191,14.130000114440918,14.399999618530272,11.972463607788086,1398000,0.0,0.0
2011-08-23,14.404999732971191,14.800000190734863,14.404999732971191,14.550000190734863,12.097179412841797,956200,0.0,0.0
2011-08-24,14.43000030517578,14.739999771118164,14.385000228881836,14.649999618530272,12.18032169342041,1521400,0.0,0.0
2011-08-25,14.494999885559082,14.774999618530272,14.414999961853027,14.75,12.26346492767334,1434800,0.0,0.0
2011-08-26,14.84000015258789,15.039999961853027,14.600000381469728,14.75,12.26346492767334,1413200,0.0,0.0
2011-08-29,14.899999618530272,15.204999923706056,14.69499969482422,14.69499969482422,12.217733383178713,1178600,0.0,0.0
2011-08-30,14.404999732971191,14.649999618530272,13.8149995803833,14.239999771118164,11.839437484741213,2051200,0.0,0.0
2011-08-31,14.095000267028809,14.329999923706056,14.050000190734863,14.175000190734863,11.785396575927734,1542600,0.0,0.0
2011-09-01,14.225000381469728,14.664999961853027,14.06999969482422,14.449999809265137,12.014039039611816,1906200,0.0,0.0
2011-09-02,14.645000457763672,14.890000343322754,14.539999961853027,14.800000190734863,12.305033683776855,1926800,0.0,0.0
2011-09-05,14.864999771118164,15.06999969482422,14.6850004196167,14.75,12.26346492767334,1467400,0.0,0.0
2011-09-06,14.994999885559082,15.074999809265137,14.75,14.835000038146973,12.33413314819336,1476000,0.0,0.0
2011-09-07,14.675000190734863,15.100000381469728,14.65999984741211,14.75,12.26346492767334,2766400,0.0,0.0
2011-09-08,14.585000038146973,14.975000381469728,14.545000076293944,14.619999885559082,12.155377388000488,2297600,0.0,0.0
2011-09-09,14.550000190734863,15.0,14.229999542236328,14.800000190734863,12.305033683776855,2228000,0.0,0.0
2011-09-12,14.760000228881836,15.145000457763672,14.760000228881836,15.039999961853027,12.504576683044434,1843000,0.0,0.0
2011-09-13,15.199999809265137,15.30500030517578,15.039999961853027,15.114999771118164,12.566933631896973,2099200,0.0,0.0
2011-09-14,15.109999656677246,15.3100004196167,14.59000015258789,14.81999969482422,12.321662902832031,1581200,0.0,0.0
2011-09-15,14.899999618530272,15.020000457763672,14.710000038146973,14.93000030517578,12.41312026977539,1680000,0.0,0.0
2011-09-16,14.914999961853027,14.9399995803833,14.729999542236328,14.899999618530272,12.388175964355469,1898200,0.0,0.0
2011-09-19,15.140000343322754,15.6899995803833,15.0,15.375,12.78310203552246,4822000,0.0,0.0
2011-09-20,15.5649995803833,15.80500030517578,15.104999542236328,15.274999618530272,12.699958801269531,2048000,0.0,0.0
2011-09-21,15.225000381469728,15.5649995803833,15.039999961853027,15.550000190734863,12.928600311279297,1124600,0.0,0.0
2011-09-22,15.225000381469728,15.5649995803833,15.039999961853027,15.550000190734863,12.928600311279297,1124600,0.0,0.0
2011-09-23,15.9399995803833,16.045000076293945,15.239999771118164,15.494999885559082,12.8828706741333,2679800,0.0,0.0
2011-09-26,15.475000381469728,15.475000381469728,15.074999809265137,15.350000381469728,12.762316703796388,1404600,0.0,0.0
2011-09-27,15.369999885559082,15.899999618530272,15.369999885559082,15.850000381469728,13.17802906036377,1115600,0.0,0.0
2011-09-28,15.925000190734863,16.155000686645508,15.55500030517578,15.574999809265137,12.949384689331056,1433200,0.0,0.0
2011-09-29,15.574999809265137,15.574999809265137,15.574999809265137,15.574999809265137,12.949384689331056,0,0.0,0.0
2011-09-30,15.574999809265137,15.574999809265137,15.574999809265137,15.574999809265137,12.949384689331056,0,0.0,0.0
2011-10-03,15.574999809265137,15.574999809265137,15.574999809265137,15.574999809265137,12.949384689331056,0,0.0,0.0
2011-10-04,15.875,15.875,15.149999618530272,15.300000190734863,12.720745086669922,2436600,0.0,0.0
2011-10-05,15.210000038146973,15.55500030517578,15.154999732971191,15.300000190734863,12.720745086669922,2553800,0.0,0.0
2011-10-06,14.80500030517578,15.550000190734863,14.80500030517578,15.4399995803833,12.837143898010254,1162800,0.0,0.0
2011-10-07,15.550000190734863,15.6850004196167,15.345000267028809,15.675000190734863,13.032527923583984,1412800,0.0,0.0
2011-10-10,15.505000114440918,15.699999809265137,15.5,15.604999542236328,12.97432804107666,1433600,0.0,0.0
2011-10-11,15.604999542236328,16.155000686645508,15.604999542236328,16.155000686645508,13.43160915374756,2052600,0.0,0.0
2011-10-12,16.104999542236328,16.299999237060547,15.850000381469728,16.125,13.406667709350586,1939400,0.0,0.0
2011-10-13,16.0,16.09000015258789,15.80500030517578,15.854999542236328,13.182183265686035,2227200,0.0,0.0
2011-10-14,15.854999542236328,15.854999542236328,15.854999542236328,15.854999542236328,13.182183265686035,0,0.0,0.0
2011-10-17,15.545000076293944,15.925000190734863,15.545000076293944,15.869999885559082,13.194655418395996,1129600,0.0,0.0
2011-10-18,15.984999656677246,16.0,15.640000343322754,15.6899995803833,13.044998168945312,658600,0.0,0.0
2011-10-19,15.574999809265137,15.800000190734863,15.454999923706056,15.725000381469728,13.07409954071045,987600,0.0,0.0
2011-10-20,15.635000228881836,15.81999969482422,15.404999732971191,15.550000190734863,12.928600311279297,1361000,0.0,0.0
2011-10-21,15.529999732971191,15.625,15.3100004196167,15.3100004196167,12.729059219360352,1176800,0.0,0.0
2011-10-24,15.399999618530272,15.454999923706056,15.0600004196167,15.125,12.575244903564451,1578200,0.0,0.0
2011-10-25,15.28499984741211,15.345000267028809,15.06999969482422,15.199999809265137,12.637603759765623,594400,0.0,0.0
2011-10-26,15.100000381469728,15.3100004196167,14.960000038146973,15.274999618530272,12.699958801269531,1211200,0.0,0.0
2011-10-27,15.289999961853027,15.289999961853027,14.850000381469728,14.850000381469728,12.346607208251951,608800,0.0,0.0
2011-10-28,14.899999618530272,15.390000343322754,14.8149995803833,15.085000038146973,12.54198932647705,833600,0.0,0.0
2011-10-31,15.204999923706056,15.550000190734863,15.204999923706056,15.274999618530272,12.699958801269531,591600,0.0,0.0
2011-11-01,15.300000190734863,15.625,15.175000190734863,15.175000190734863,12.616817474365234,1435600,0.0,0.0
2011-11-02,15.510000228881836,16.100000381469727,15.175000190734863,15.90999984741211,13.227913856506348,2247600,0.0,0.0
2011-11-03,16.100000381469727,16.334999084472656,16.049999237060547,16.225000381469727,13.489806175231934,1161000,0.0,0.0
2011-11-04,16.2549991607666,16.700000762939453,15.78499984741211,15.835000038146973,13.165556907653809,1175400,0.0,0.0
2011-11-07,16.06999969482422,16.145000457763672,15.800000190734863,15.9350004196167,13.248695373535156,1440000,0.0,0.0
2011-11-08,15.9350004196167,16.364999771118164,15.835000038146973,16.25,13.51059627532959,1335000,0.0,0.0
2011-11-09,16.104999542236328,16.420000076293945,15.970000267028809,16.25,13.51059627532959,1337400,0.0,0.0
2011-11-10,16.3799991607666,16.565000534057617,15.795000076293944,16.25,13.51059627532959,1531200,0.0,0.0
2011-11-11,16.2549991607666,16.299999237060547,15.925000190734863,16.0,13.302742004394531,1197000,0.0,0.0
2011-11-14,16.0,16.0,16.0,16.0,13.302742004394531,0,0.0,0.0
2011-11-15,16.0,16.0,15.78499984741211,15.925000190734863,13.240384101867676,965600,0.0,0.0
2011-11-16,15.920000076293944,16.0,15.5,15.5,12.887027740478516,2526600,0.0,0.0
2011-11-17,15.720000267028809,15.744999885559082,15.420000076293944,15.600000381469728,12.970171928405762,1452000,0.0,0.0
2011-11-18,15.505000114440918,15.75,15.505000114440918,15.625,12.990958213806152,1193600,0.0,0.0
2011-11-21,15.515000343322754,15.649999618530272,15.34000015258789,15.600000381469728,12.970171928405762,1523800,0.0,0.0
2011-11-22,15.75,15.75,15.59000015258789,15.59000015258789,12.961856842041016,1815800,0.0,0.0
2011-11-23,15.475000381469728,15.739999771118164,15.475000381469728,15.675000190734863,13.032527923583984,1374400,0.0,0.0
2011-11-24,15.675000190734863,15.739999771118164,15.550000190734863,15.640000343322754,13.003429412841797,825600,0.0,0.0
2011-11-25,15.635000228881836,16.065000534057617,15.635000228881836,15.824999809265137,13.157240867614746,719400,0.0,0.0
2011-11-28,15.9399995803833,15.96500015258789,15.654999732971191,15.654999732971191,13.015899658203123,158400,0.0,0.0
2011-11-29,15.765000343322754,16.149999618530273,15.704999923706056,16.125,13.406667709350586,503800,0.0,0.0
2011-11-30,16.19499969482422,16.19499969482422,15.84000015258789,16.075000762939453,13.36509895324707,679200,0.0,0.0
2011-12-01,16.075000762939453,16.229999542236328,15.949999809265137,16.0049991607666,13.306896209716797,1058000,0.0,0.0
2011-12-02,16.024999618530273,16.3799991607666,15.925000190734863,16.0049991607666,13.306896209716797,497800,0.0,0.0
2011-12-05,16.040000915527344,16.7450008392334,16.040000915527344,16.46500015258789,13.68934726715088,2230800,0.0,0.0
2011-12-06,16.459999084472656,16.899999618530273,16.3799991607666,16.899999618530273,14.051018714904783,1184600,0.0,0.0
2011-12-07,16.770000457763672,17.104999542236328,16.450000762939453,16.780000686645508,13.951247215270996,1508800,0.0,0.0
2011-12-08,17.075000762939453,17.075000762939453,16.524999618530273,16.645000457763672,13.839008331298828,796800,0.0,0.0
2011-12-09,16.7549991607666,17.024999618530273,16.655000686645508,16.950000762939453,14.092588424682615,975600,0.0,0.0
2011-12-12,17.049999237060547,17.125,16.524999618530273,16.610000610351562,13.809907913208008,1123000,0.0,0.0
2011-12-13,16.610000610351562,16.959999084472656,16.610000610351562,16.850000381469727,14.009446144104004,769400,0.0,0.0
2011-12-14,16.850000381469727,17.280000686645508,16.850000381469727,17.174999237060547,14.279658317565918,1170800,0.0,0.0
2011-12-15,17.104999542236328,17.34000015258789,17.045000076293945,17.225000381469727,14.321234703063965,743600,0.0,0.0
2011-12-16,17.225000381469727,17.334999084472656,17.15999984741211,17.2549991607666,14.346172332763672,525200,0.0,0.0
2011-12-19,17.2549991607666,17.2549991607666,17.2549991607666,17.2549991607666,14.346172332763672,0,0.0,0.0
2011-12-20,17.594999313354492,17.9950008392334,17.545000076293945,17.9950008392334,14.961423873901367,1586800,0.0,0.0
2011-12-21,17.9950008392334,18.31999969482422,17.610000610351562,17.799999237060547,14.79930019378662,1933400,0.0,0.0
2011-12-22,17.729999542236328,17.764999389648438,17.364999771118164,17.459999084472656,14.516613960266112,1701000,0.0,0.0
2011-12-23,17.459999084472656,17.559999465942383,17.1299991607666,17.375,14.445944786071776,865800,0.0,0.0
2011-12-27,17.200000762939453,17.375,17.114999771118164,17.219999313354492,14.317073822021484,1400200,0.0,0.0
2011-12-28,17.264999389648438,17.440000534057617,16.899999618530273,17.190000534057617,14.292132377624512,2158200,0.0,0.0
2011-12-29,17.299999237060547,17.299999237060547,16.979999542236328,17.125,14.238086700439451,1608800,0.0,0.0
2011-12-30,17.09000015258789,17.329999923706055,17.06999969482422,17.149999618530273,14.258872985839844,1704800,0.0,0.0
2012-01-02,17.274999618530273,17.735000610351562,17.2450008392334,17.674999237060547,14.695368766784668,3413400,0.0,0.0
2012-01-03,17.674999237060547,18.165000915527344,17.674999237060547,18.075000762939453,15.02793788909912,2124800,0.0,0.0
2012-01-04,18.0049991607666,18.2549991607666,17.899999618530273,18.14999961853028,15.090291023254396,2709000,0.0,0.0
2012-01-05,18.145000457763672,18.549999237060547,18.05500030517578,18.200000762939453,15.131866455078123,1618400,0.0,0.0
2012-01-06,18.19499969482422,18.26000022888184,17.940000534057617,18.100000381469727,15.048726081848145,1183200,0.0,0.0
2012-01-09,18.020000457763672,18.32999992370605,17.815000534057617,18.299999237060547,15.215006828308104,931800,0.0,0.0
2012-01-10,18.2549991607666,18.334999084472656,18.0,18.0,14.965585708618164,1630000,0.0,0.0
2012-01-11,18.0,18.25,17.975000381469727,18.25,15.17343521118164,1344400,0.0,0.0
2012-01-12,18.350000381469727,18.3799991607666,17.8700008392334,17.950000762939453,14.924015045166016,1578800,0.0,0.0
2012-01-13,18.040000915527344,18.14999961853028,17.860000610351562,17.924999237060547,14.90322494506836,778200,0.0,0.0
2012-01-16,17.975000381469727,18.18000030517578,17.735000610351562,17.825000762939453,14.820087432861328,2042800,0.0,0.0
2012-01-17,18.049999237060547,18.049999237060547,17.735000610351562,17.905000686645508,14.886598587036133,1894800,0.0,0.0
2012-01-18,17.844999313354492,18.549999237060547,17.604999542236328,18.375,15.27736473083496,2450000,0.0,0.0
2012-01-19,18.600000381469727,18.88999938964844,18.40999984741211,18.7549991607666,15.593307495117188,1132800,0.0,0.0
2012-01-20,18.89999961853028,19.334999084472656,18.78499984741211,18.825000762939453,15.75016975402832,1518000,0.117485,0.0
2012-01-23,18.825000762939453,19.18000030517578,18.790000915527344,19.049999237060547,15.938419342041016,876000,0.0,0.0
2012-01-24,19.25,19.32999992370605,18.850000381469727,19.114999771118164,15.9927978515625,1026400,0.0,0.0
2012-01-25,19.06999969482422,19.420000076293945,19.049999237060547,19.32999992370605,16.172683715820312,1012200,0.0,0.0
2012-01-26,19.334999084472656,19.540000915527344,19.2450008392334,19.4950008392334,16.310731887817383,1569800,0.0,0.0
2012-01-27,19.354999542236328,19.9950008392334,19.354999542236328,19.924999237060547,16.670495986938477,2355400,0.0,0.0
2012-01-30,19.924999237060547,20.209999084472656,19.420000076293945,19.75,16.524080276489258,2494000,0.0,0.0
2012-01-31,19.795000076293945,19.795000076293945,19.23500061035156,19.70499992370605,16.486431121826172,1779800,0.0,0.0
2012-02-01,19.565000534057617,19.600000381469727,19.315000534057617,19.395000457763672,16.227067947387695,1712200,0.0,0.0
2012-02-02,19.5,19.77499961853028,19.28499984741211,19.549999237060547,16.356746673583984,1166800,0.0,0.0
2012-02-03,19.7450008392334,20.049999237060547,19.7450008392334,19.780000686645508,16.549179077148438,1554200,0.0,0.0
2012-02-06,19.850000381469727,20.02499961853028,19.78499984741211,19.89999961853028,16.649581909179688,900800,0.0,0.0
2012-02-07,19.684999465942383,19.975000381469727,19.549999237060547,19.950000762939453,16.6914119720459,1035000,0.0,0.0
2012-02-08,19.979999542236328,20.4950008392334,19.82999992370605,20.32999992370605,17.00934600830078,1371600,0.0,0.0
2012-02-09,20.395000457763672,20.77499961853028,20.1200008392334,20.350000381469727,17.026077270507812,1285600,0.0,0.0
2012-02-10,20.350000381469727,20.350000381469727,19.950000762939453,20.15999984741211,16.867111206054688,1008000,0.0,0.0
2012-02-13,20.104999542236328,20.25,19.96500015258789,19.96999931335449,16.708141326904297,1056200,0.0,0.0
2012-02-14,19.96999931335449,19.96999931335449,19.96999931335449,19.96999931335449,16.708141326904297,0,0.0,0.0
2012-02-15,19.86000061035156,20.045000076293945,19.625,19.625,16.419498443603516,888400,0.0,0.0
2012-02-16,19.64999961853028,20.420000076293945,19.64999961853028,20.155000686645508,16.862932205200195,3544000,0.0,0.0
2012-02-17,19.64999961853028,20.420000076293945,19.64999961853028,20.155000686645508,16.862932205200195,3544000,0.0,0.0
2012-02-20,20.14999961853028,20.295000076293945,19.84000015258789,20.049999237060547,16.77507972717285,2292400,0.0,0.0
2012-02-21,20.23500061035156,20.23500061035156,19.850000381469727,20.049999237060547,16.77507972717285,1162000,0.0,0.0
2012-02-22,19.924999237060547,20.2450008392334,19.905000686645508,20.2450008392334,16.93822479248047,2306600,0.0,0.0
2012-02-23,20.2450008392334,20.38999938964844,19.95499992370605,20.100000381469727,16.816917419433594,1211000,0.0,0.0
2012-02-24,19.934999465942383,20.23500061035156,19.924999237060547,20.0,16.733243942260742,1609800,0.0,0.0
2012-02-27,19.934999465942383,20.11000061035156,19.80500030517578,20.0,16.733243942260742,1639000,0.0,0.0
2012-02-28,20.0,20.209999084472656,19.850000381469727,20.14999961853028,16.85874366760254,1217400,0.0,0.0
2012-02-29,20.225000381469727,20.600000381469727,20.100000381469727,20.5,17.151578903198242,1266400,0.0,0.0
2012-03-01,20.4950008392334,20.604999542236328,20.2450008392334,20.280000686645508,16.967512130737305,3459600,0.0,0.0
2012-03-02,20.229999542236328,20.3700008392334,20.09000015258789,20.25,16.94240951538086,886000,0.0,0.0
2012-03-05,20.0,20.200000762939453,19.950000762939453,20.0049991607666,16.737424850463867,603200,0.0,0.0
2012-03-06,19.950000762939453,20.114999771118164,19.825000762939453,19.825000762939453,16.586830139160156,1095400,0.0,0.0
2012-03-07,20.03499984741211,20.13500022888184,19.81999969482422,20.0,16.733243942260742,689000,0.0,0.0
2012-03-08,20.01499938964844,20.420000076293945,19.89999961853028,20.420000076293945,17.084644317626953,893600,0.0,0.0
2012-03-09,20.15999984741211,20.459999084472656,20.0,20.0,16.733243942260742,1299000,0.0,0.0
2012-03-12,20.06999969482422,20.440000534057617,19.975000381469727,20.200000762939453,16.900583267211914,919800,0.0,0.0
2012-03-13,20.34499931335449,20.825000762939453,20.25,20.64999961853028,17.27707290649414,1394600,0.0,0.0
2012-03-14,20.7549991607666,21.39999961853028,20.665000915527344,21.290000915527344,17.812541961669922,3095800,0.0,0.0
2012-03-15,21.34000015258789,21.4950008392334,21.155000686645508,21.39999961853028,17.904565811157227,937600,0.0,0.0
2012-03-16,21.479999542236328,21.540000915527344,21.100000381469727,21.424999237060547,17.925487518310547,1609800,0.0,0.0
2012-03-19,21.170000076293945,21.530000686645508,21.049999237060547,21.5,17.988239288330078,1687800,0.0,0.0
2012-03-20,21.4950008392334,21.63500022888184,20.850000381469727,21.100000381469727,17.65357208251953,1486800,0.0,0.0
2012-03-21,21.25,21.39999961853028,21.020000457763672,21.325000762939453,17.841821670532227,746800,0.0,0.0
2012-03-22,21.395000457763672,21.395000457763672,20.95499992370605,21.395000457763672,17.9003849029541,766000,0.0,0.0
2012-03-23,21.46999931335449,21.75,21.40999984741211,21.75,18.19740104675293,1171400,0.0,0.0
2012-03-26,21.7450008392334,21.75,21.299999237060547,21.64999961853028,18.113740921020508,1019000,0.0,0.0
2012-03-27,21.7450008392334,21.75,21.299999237060547,21.64999961853028,18.113740921020508,1019000,0.0,0.0
2012-03-28,21.934999465942383,22.190000534057617,21.350000381469727,21.450000762939453,17.946407318115234,1590200,0.0,0.0
2012-03-29,21.350000381469727,21.545000076293945,20.75,20.75,17.36074447631836,3051200,0.0,0.0
2012-03-30,20.5,20.674999237060547,20.354999542236328,20.549999237060547,17.193410873413086,2784000,0.0,0.0
2012-04-02,20.684999465942383,20.729999542236328,20.0049991607666,20.690000534057617,17.310543060302734,2523600,0.0,0.0
2012-04-03,20.604999542236328,20.98500061035156,20.43000030517578,20.64999961853028,17.27707290649414,2138000,0.0,0.0
2012-04-04,20.76499938964844,21.11000061035156,20.76499938964844,21.0,17.569908142089844,1845600,0.0,0.0
2012-04-10,20.959999084472656,21.09000015258789,20.77499961853028,20.89999961853028,17.486242294311523,1264200,0.0,0.0
2012-04-11,20.88999938964844,21.475000381469727,20.51499938964844,20.76000022888184,17.36910629272461,1560000,0.0,0.0
2012-04-12,20.770000457763672,20.94499969482422,20.46999931335449,20.584999084472656,17.222692489624023,1894000,0.0,0.0
2012-04-13,20.600000381469727,21.100000381469727,20.21999931335449,20.21999931335449,16.917308807373047,2124200,0.0,0.0
2012-04-16,20.059999465942383,20.52499961853028,19.690000534057617,19.690000534057617,16.473880767822266,2054000,0.0,0.0
2012-04-17,20.190000534057617,20.190000534057617,19.36000061035156,19.795000076293945,16.561729431152344,1167200,0.0,0.0
2012-04-18,19.795000076293945,19.795000076293945,19.795000076293945,19.795000076293945,16.561729431152344,0,0.0,0.0
2012-04-19,20.4950008392334,20.700000762939453,20.270000457763672,20.475000381469727,17.130661010742188,1472400,0.0,0.0
2012-04-20,20.4950008392334,20.709999084472656,19.64999961853028,19.924999237060547,16.670495986938477,1806600,0.0,0.0
2012-04-23,19.924999237060547,20.1200008392334,19.565000534057617,19.64999961853028,16.440410614013672,1232200,0.0,0.0
2012-04-24,19.309999465942383,19.76000022888184,19.309999465942383,19.575000762939453,16.37766456604004,1526600,0.0,0.0
2012-04-25,19.9950008392334,20.0,19.725000381469727,19.950000762939453,16.6914119720459,542800,0.0,0.0
2012-04-26,19.9950008392334,20.34000015258789,19.864999771118164,20.200000762939453,16.900583267211914,1640000,0.0,0.0
2012-04-27,20.0,20.39999961853028,19.76000022888184,20.0,16.733243942260742,1243400,0.0,0.0
2012-04-30,20.0,20.7450008392334,19.799999237060547,20.7450008392334,17.356557846069336,2425200,0.0,0.0
2012-05-02,20.59499931335449,20.70499992370605,20.225000381469727,20.625,17.25615882873535,1286000,0.0,0.0
2012-05-03,20.4950008392334,20.75,20.4950008392334,20.545000076293945,17.189228057861328,1414600,0.0,0.0
2012-05-04,20.46500015258789,20.700000762939453,20.46500015258789,20.559999465942383,17.201778411865234,876200,0.0,0.0
2012-05-07,20.559999465942383,21.46999931335449,20.52499961853028,21.38500022888184,17.89202308654785,2568800,0.0,0.0
2012-05-08,21.02499961853028,21.350000381469727,20.75,20.75,17.36074447631836,1054000,0.0,0.0
2012-05-09,21.0,21.200000762939453,20.70499992370605,20.76000022888184,17.36910629272461,703800,0.0,0.0
2012-05-10,20.875,21.89999961853028,20.850000381469727,21.799999237060547,18.23923683166504,1482800,0.0,0.0
2012-05-11,21.375,22.229999542236328,21.375,22.0,18.406572341918945,1887000,0.0,0.0
2012-05-14,22.0,22.225000381469727,21.450000762939453,21.5,17.988239288330078,2045000,0.0,0.0
2012-05-15,21.4950008392334,21.68000030517578,21.190000534057617,21.65999984741211,18.12210273742676,1420000,0.0,0.0
2012-05-16,21.34000015258789,21.950000762939453,21.31999969482422,21.825000762939453,18.260149002075195,1559200,0.0,0.0
2012-05-18,21.934999465942383,22.674999237060547,21.7450008392334,22.674999237060547,18.9713134765625,2579800,0.0,0.0
2012-05-21,22.674999237060547,22.920000076293945,22.299999237060547,22.545000076293945,18.862548828125,2130200,0.0,0.0
2012-05-22,22.559999465942383,22.559999465942383,21.854999542236328,21.94499969482422,18.36054992675781,1036600,0.0,0.0
2012-05-23,21.89999961853028,22.045000076293945,21.395000457763672,21.700000762939453,18.155574798583984,1329600,0.0,0.0
2012-05-24,21.670000076293945,22.100000381469727,21.405000686645508,21.64999961853028,18.113740921020508,972000,0.0,0.0
2012-05-25,21.895000457763672,22.174999237060547,21.64999961853028,22.02499961853028,18.427488327026367,1331000,0.0,0.0
2012-05-29,22.09499931335449,22.549999237060547,21.9950008392334,22.475000381469727,18.803985595703125,2012200,0.0,0.0
2012-05-30,22.46999931335449,22.540000915527344,22.225000381469727,22.489999771118164,18.8165340423584,1610400,0.0,0.0
2012-05-31,22.739999771118164,22.8799991607666,22.28499984741211,22.600000381469727,18.908565521240234,1373400,0.0,0.0
2012-06-01,22.450000762939453,23.075000762939453,22.290000915527344,23.075000762939453,19.305986404418945,1187600,0.0,0.0
2012-06-04,23.075000762939453,23.21500015258789,22.700000762939453,22.950000762939453,19.201398849487305,1861600,0.0,0.0
2012-06-05,22.94499969482422,23.145000457763672,22.51499938964844,22.51499938964844,18.83745384216309,671800,0.0,0.0
2012-06-06,22.700000762939453,23.44499969482422,22.700000762939453,23.39999961853028,19.577896118164062,1742800,0.0,0.0
2012-06-07,23.209999084472656,23.45499992370605,23.049999237060547,23.39999961853028,19.577896118164062,934800,0.0,0.0
2012-06-08,23.299999237060547,23.450000762939453,22.549999237060547,22.780000686645508,19.05916786193848,1070400,0.0,0.0
2012-06-11,22.780000686645508,23.155000686645508,22.450000762939453,22.924999237060547,19.18048477172852,1301000,0.0,0.0
2012-06-12,22.799999237060547,23.5,22.5,23.475000381469727,19.640644073486328,1211400,0.0,0.0
2012-06-13,23.475000381469727,23.850000381469727,23.23500061035156,23.52499961853028,19.68247985839844,1060400,0.0,0.0
2012-06-14,23.52499961853028,23.52499961853028,23.52499961853028,23.52499961853028,19.68247985839844,0,0.0,0.0
2012-06-15,23.395000457763672,23.565000534057617,23.05500030517578,23.27499961853028,19.473312377929688,874600,0.0,0.0
2012-06-18,23.38999938964844,23.38999938964844,23.155000686645508,23.18000030517578,19.39383316040039,747200,0.0,0.0
2012-06-19,23.350000381469727,23.375,23.18000030517578,23.25,19.452396392822266,1130000,0.0,0.0
2012-06-20,23.09499931335449,23.350000381469727,23.02499961853028,23.09499931335449,19.32271194458008,1051800,0.0,0.0
2012-06-21,22.89999961853028,23.03499984741211,22.55500030517578,22.959999084472656,19.20976829528809,907200,0.0,0.0
2012-06-22,22.959999084472656,23.0049991607666,22.61000061035156,22.934999465942383,19.1888484954834,783800,0.0,0.0
2012-06-25,23.165000915527344,23.19499969482422,22.614999771118164,23.0,19.24323272705078,951400,0.0,0.0
2012-06-26,23.23500061035156,23.23500061035156,22.84000015258789,23.165000915527344,19.38128089904785,1395200,0.0,0.0
2012-06-27,23.25,24.280000686645508,23.14999961853028,24.06999969482422,20.13846015930176,2001000,0.0,0.0
2012-06-28,24.0,24.549999237060547,23.71999931335449,24.5,20.498226165771484,1245200,0.0,0.0
2012-06-29,24.549999237060547,24.600000381469727,23.96500015258789,24.14999961853028,20.205398559570312,2200000,0.0,0.0
2012-07-02,24.27499961853028,24.39999961853028,23.325000762939453,23.625,19.76614570617676,2187200,0.0,0.0
2012-07-03,23.64999961853028,24.295000076293945,23.55500030517578,23.975000381469727,20.058977127075195,3394600,0.0,0.0
2012-07-04,24.26499938964844,24.43000030517578,24.030000686645508,24.14999961853028,20.205398559570312,2318200,0.0,0.0
2012-07-05,24.38999938964844,24.395000457763672,23.959999084472656,24.14999961853028,20.205398559570312,2873600,0.0,0.0
2012-07-06,24.174999237060547,24.575000762939453,23.40999984741211,23.40999984741211,19.586265563964844,1777800,0.0,0.0
2012-07-09,23.48500061035156,23.940000534057617,23.049999237060547,23.049999237060547,19.28506088256836,2643400,0.0,0.0
2012-07-10,22.88999938964844,23.270000457763672,22.88999938964844,22.88999938964844,19.249311447143555,2156800,0.117485,0.0
2012-07-11,22.88999938964844,23.270000457763672,22.88999938964844,22.88999938964844,19.249311447143555,2156800,0.0,0.0
2012-07-12,23.09000015258789,23.299999237060547,22.924999237060547,23.100000381469727,19.425912857055664,981200,0.0,0.0
2012-07-13,23.03499984741211,23.15999984741211,22.959999084472656,22.979999542236328,19.325000762939453,1436600,0.0,0.0
2012-07-16,23.0,23.325000762939453,22.584999084472656,22.89999961853028,19.25772285461425,1957000,0.0,0.0
2012-07-17,23.114999771118164,23.27499961853028,22.31999969482422,22.52499961853028,18.942367553710938,2187600,0.0,0.0
2012-07-18,22.64999961853028,22.64999961853028,22.13999938964844,22.2549991607666,18.715309143066406,1647200,0.0,0.0
2012-07-19,22.2549991607666,22.39999961853028,22.0,22.02499961853028,18.52189064025879,1084200,0.0,0.0
2012-07-20,22.299999237060547,22.420000076293945,21.5,21.575000762939453,18.143463134765625,1292800,0.0,0.0
2012-07-23,21.690000534057617,22.190000534057617,21.575000762939453,21.96500015258789,18.471435546875,1057600,0.0,0.0
2012-07-24,21.950000762939453,22.02499961853028,21.700000762939453,21.8799991607666,18.39995574951172,866800,0.0,0.0
2012-07-25,21.924999237060547,22.5,21.739999771118164,22.39999961853028,18.83724594116211,1113400,0.0,0.0
2012-07-26,22.46500015258789,22.655000686645508,22.2450008392334,22.46500015258789,18.89191246032715,780800,0.0,0.0
2012-07-27,22.559999465942383,22.71999931335449,22.34499931335449,22.350000381469727,18.79519844055176,982600,0.0,0.0
2012-07-30,22.51499938964844,22.530000686645508,22.0,22.299999237060547,18.75315284729004,1405600,0.0,0.0
2012-07-31,22.07999992370605,22.325000762939453,21.95499992370605,22.14999961853028,18.62700843811035,1245800,0.0,0.0
2012-08-01,22.354999542236328,22.40999984741211,21.700000762939453,21.850000381469727,18.374725341796875,2203400,0.0,0.0
2012-08-02,21.584999084472656,22.825000762939453,21.584999084472656,22.75,19.131580352783203,1482400,0.0,0.0
2012-08-03,22.5049991607666,22.864999771118164,22.1200008392334,22.51499938964844,18.933958053588867,1928200,0.0,0.0
2012-08-06,22.799999237060547,22.825000762939453,21.584999084472656,22.5,18.921342849731445,1040800,0.0,0.0
2012-08-07,22.59499931335449,22.795000076293945,22.32999992370605,22.549999237060547,18.963388442993164,1426600,0.0,0.0
2012-08-08,22.6200008392334,22.7450008392334,22.059999465942383,22.5,18.921342849731445,2237200,0.0,0.0
2012-08-09,22.450000762939453,22.665000915527344,22.43000030517578,22.5,18.921342849731445,1063200,0.0,0.0
2012-08-10,22.52499961853028,23.364999771118164,22.52499961853028,22.924999237060547,19.27874565124512,2119600,0.0,0.0
2012-08-13,22.94499969482422,23.3700008392334,22.850000381469727,23.165000915527344,19.48057556152344,1255800,0.0,0.0
2012-08-14,23.09000015258789,23.34000015258789,22.405000686645508,22.5,18.921342849731445,3947200,0.0,0.0
2012-08-15,22.604999542236328,22.690000534057617,22.405000686645508,22.475000381469727,18.900320053100582,2402400,0.0,0.0
2012-08-16,22.51000022888184,22.709999084472656,22.38999938964844,22.38999938964844,18.82883644104004,1357000,0.0,0.0
2012-08-17,23.0,23.434999465942383,22.815000534057617,23.0,19.341815948486328,3980200,0.0,0.0
2012-08-20,23.0049991607666,23.15999984741211,22.795000076293945,23.01000022888184,19.35022354125977,1571200,0.0,0.0
2012-08-21,23.045000076293945,23.13999938964844,22.799999237060547,22.84000015258789,19.20726203918457,1482200,0.0,0.0
2012-08-22,22.850000381469727,22.934999465942383,22.584999084472656,22.75,19.131580352783203,2225000,0.0,0.0
2012-08-23,22.809999465942383,23.049999237060547,22.584999084472656,22.645000457763672,19.04327964782715,1735200,0.0,0.0
2012-08-24,22.395000457763672,22.979999542236328,22.325000762939453,22.86000061035156,19.224084854125977,3309000,0.0,0.0
2012-08-27,22.790000915527344,22.94499969482422,22.614999771118164,22.70499992370605,19.09373664855957,1368600,0.0,0.0
2012-08-28,22.700000762939453,23.0,22.475000381469727,22.80500030517578,19.17783546447754,1876000,0.0,0.0
2012-08-29,22.7450008392334,22.89999961853028,22.700000762939453,22.75,19.131580352783203,3517200,0.0,0.0
2012-08-30,22.82999992370605,23.104999542236328,22.725000381469727,22.89999961853028,19.25772285461425,3790600,0.0,0.0
2012-08-31,23.059999465942383,23.1200008392334,22.76000022888184,22.76000022888184,19.139991760253903,943200,0.0,0.0
2012-09-03,22.770000457763672,23.0,22.71999931335449,22.920000076293945,19.27454376220703,956000,0.0,0.0
2012-09-04,22.940000534057617,23.299999237060547,22.809999465942383,23.100000381469727,19.425912857055664,1599800,0.0,0.0
2012-09-05,23.1299991607666,23.190000534057617,22.854999542236328,23.03499984741211,19.371246337890625,833600,0.0,0.0
2012-09-06,23.25,23.25,22.790000915527344,22.799999237060547,19.173627853393555,1033200,0.0,0.0
2012-09-07,22.96500015258789,23.165000915527344,22.39999961853028,22.5049991607666,18.92554473876953,936800,0.0,0.0
2012-09-10,22.5049991607666,23.040000915527344,22.44499969482422,23.0,19.341815948486328,1399000,0.0,0.0
2012-09-11,22.44499969482422,22.450000762939453,21.325000762939453,21.350000381469727,17.954254150390625,5044400,0.0,0.0
2012-09-12,21.549999237060547,21.75,20.915000915527344,21.075000762939453,17.722990036010742,4644200,0.0,0.0
2012-09-13,21.07999992370605,21.73500061035156,21.07999992370605,21.299999237060547,17.91220474243164,3085800,0.0,0.0
2012-09-14,21.5,21.645000457763672,20.89999961853028,21.200000762939453,17.828109741210938,4566000,0.0,0.0
2012-09-17,21.39999961853028,21.39999961853028,20.75,20.75,17.44968605041504,2353200,0.0,0.0
2012-09-18,20.96500015258789,21.15999984741211,20.565000534057617,21.1200008392334,17.760833740234375,2406400,0.0,0.0
2012-09-19,20.799999237060547,21.20499992370605,20.5049991607666,21.075000762939453,17.722990036010742,3854800,0.0,0.0
2012-09-20,21.125,21.645000457763672,21.1200008392334,21.645000457763672,18.20233154296875,3409000,0.0,0.0
2012-09-21,21.39999961853028,21.825000762939453,21.299999237060547,21.549999237060547,18.122446060180664,1974400,0.0,0.0
2012-09-24,21.545000076293945,21.545000076293945,20.94499969482422,21.190000534057617,17.819704055786133,1305600,0.0,0.0
2012-09-25,21.20499992370605,21.65999984741211,21.20499992370605,21.625,18.18551445007324,735800,0.0,0.0
2012-09-26,21.655000686645508,21.674999237060547,21.299999237060547,21.674999237060547,18.22756004333496,417200,0.0,0.0
2012-09-27,21.63999938964844,21.825000762939453,21.0,21.299999237060547,17.91220474243164,1445800,0.0,0.0
2012-09-28,21.155000686645508,21.559999465942383,21.14999961853028,21.350000381469727,17.954254150390625,1689200,0.0,0.0
2012-10-01,21.100000381469727,21.280000686645508,21.03499984741211,21.200000762939453,17.828109741210938,1491000,0.0,0.0
2012-10-02,21.19499969482422,21.5,21.049999237060547,21.450000762939453,18.03835105895996,2528200,0.0,0.0
2012-10-03,21.23500061035156,21.70499992370605,21.23500061035156,21.625,18.18551445007324,1552000,0.0,0.0
2012-10-04,21.63500022888184,22.09000015258789,21.63500022888184,22.01499938964844,18.51348114013672,2335600,0.0,0.0
2012-10-05,21.924999237060547,22.059999465942383,21.825000762939453,21.825000762939453,18.353702545166016,1561600,0.0,0.0
2012-10-08,21.9950008392334,22.26000022888184,21.84000015258789,22.25,18.711105346679688,2062600,0.0,0.0
2012-10-09,22.229999542236328,22.229999542236328,21.674999237060547,21.920000076293945,18.4335880279541,1690000,0.0,0.0
2012-10-10,21.96500015258789,21.98500061035156,21.34499931335449,21.75,18.29062843322754,1162600,0.0,0.0
2012-10-11,21.75,21.979999542236328,21.3799991607666,21.700000762939453,18.248584747314453,1145400,0.0,0.0
2012-10-12,21.795000076293945,22.100000381469727,21.700000762939453,22.100000381469727,18.5849609375,983600,0.0,0.0
2012-10-15,22.06999969482422,22.14999961853028,21.68000030517578,22.0,18.50086975097656,1528000,0.0,0.0
2012-10-16,21.905000686645508,22.09000015258789,21.665000915527344,21.89999961853028,18.4167709350586,256000,0.0,0.0
2012-10-17,21.850000381469727,22.14999961853028,21.80500030517578,22.14999961853028,18.62700843811035,863000,0.0,0.0
2012-10-18,22.01000022888184,22.575000762939453,21.96500015258789,22.575000762939453,18.98441505432129,1198000,0.0,0.0
2012-10-19,22.55500030517578,22.69499969482422,21.905000686645508,22.21500015258789,18.68167304992676,1352600,0.0,0.0
2012-10-22,22.21999931335449,22.5,21.905000686645508,22.48500061035156,18.908729553222656,1917400,0.0,0.0
2012-10-23,22.56999969482422,22.600000381469727,22.239999771118164,22.549999237060547,18.963388442993164,1147800,0.0,0.0
2012-10-24,22.420000076293945,22.420000076293945,21.924999237060547,22.0,18.50086975097656,2780400,0.0,0.0
2012-10-25,22.1200008392334,22.325000762939453,21.77499961853028,22.295000076293945,18.748947143554688,1891800,0.0,0.0
2012-10-26,22.27499961853028,22.36000061035156,22.01000022888184,22.14999961853028,18.62700843811035,2078600,0.0,0.0
2012-10-29,22.299999237060547,22.299999237060547,21.959999084472656,22.14999961853028,18.62700843811035,4071000,0.0,0.0
2012-10-30,22.38500022888184,22.38500022888184,22.0,22.225000381469727,18.690080642700195,1604200,0.0,0.0
2012-10-31,22.225000381469727,22.299999237060547,22.030000686645508,22.100000381469727,18.5849609375,1227000,0.0,0.0
2012-11-01,22.049999237060547,22.25,21.905000686645508,22.040000915527344,18.53450584411621,1883000,0.0,0.0
2012-11-02,21.9950008392334,22.13500022888184,21.924999237060547,22.0,18.50086975097656,2435200,0.0,0.0
2012-11-05,21.975000381469727,22.084999084472656,21.75,21.89999961853028,18.4167709350586,1733200,0.0,0.0
2012-11-06,21.799999237060547,21.975000381469727,21.625,21.850000381469727,18.374725341796875,1194200,0.0,0.0
2012-11-07,21.84499931335449,22.06999969482422,21.59499931335449,21.75,18.29062843322754,1994600,0.0,0.0
2012-11-08,21.82999992370605,21.915000915527344,21.70499992370605,21.799999237060547,18.33267593383789,1467400,0.0,0.0
2012-11-09,21.924999237060547,22.05500030517578,21.70499992370605,21.850000381469727,18.374725341796875,2222600,0.0,0.0
2012-11-12,21.98500061035156,22.5,21.8799991607666,22.424999237060547,18.85826873779297,1626200,0.0,0.0
2012-11-13,22.34000015258789,22.375,21.975000381469727,22.174999237060547,18.64803695678711,986200,0.0,0.0
2012-11-14,22.049999237060547,22.700000762939453,22.01000022888184,22.600000381469727,19.00543594360352,1103800,0.0,0.0
2012-11-15,22.6299991607666,22.63999938964844,22.200000762939453,22.36000061035156,18.803607940673828,517000,0.0,0.0
2012-11-16,22.395000457763672,22.684999465942383,22.28499984741211,22.65999984741211,19.05589485168457,1020400,0.0,0.0
2012-11-19,22.700000762939453,23.145000457763672,22.549999237060547,23.145000457763672,19.46376037597656,1528200,0.0,0.0
2012-11-20,23.200000762939453,23.21500015258789,22.75,22.89999961853028,19.25772285461425,2288600,0.0,0.0
2012-11-21,23.0,23.06999969482422,22.52499961853028,22.63999938964844,19.03907585144043,1642400,0.0,0.0
2012-11-22,22.63999938964844,23.350000381469727,22.63999938964844,23.100000381469727,19.425912857055664,2333800,0.0,0.0
2012-11-23,23.155000686645508,23.5,23.155000686645508,23.5,19.762285232543945,1206000,0.0,0.0
2012-11-26,23.405000686645508,23.655000686645508,23.364999771118164,23.600000381469727,19.84638786315918,1505200,0.0,0.0
2012-11-27,23.559999465942383,23.6299991607666,23.34000015258789,23.549999237060547,19.804340362548828,1915000,0.0,0.0
2012-11-28,23.450000762939453,23.6200008392334,23.100000381469727,23.25,19.55205535888672,1143000,0.0,0.0
2012-11-29,23.32999992370605,23.475000381469727,23.19499969482422,23.19499969482422,19.505800247192383,701600,0.0,0.0
2012-11-30,23.375,23.375,22.854999542236328,23.14999961853028,19.46795654296875,1770800,0.0,0.0
2012-12-03,23.375,23.375,22.854999542236328,23.100000381469727,19.425912857055664,1716000,0.0,0.0
2012-12-04,23.14999961853028,23.40999984741211,22.80500030517578,23.0,19.341815948486328,1040200,0.0,0.0
2012-12-05,23.290000915527344,23.78499984741211,22.895000457763672,22.940000534057617,19.29136276245117,1136600,0.0,0.0
2012-12-06,23.0,23.14999961853028,22.674999237060547,22.75,19.131580352783203,1453600,0.0,0.0
2012-12-07,22.80500030517578,23.13999938964844,22.80500030517578,22.975000381469727,19.32079124450684,1130600,0.0,0.0
2012-12-10,22.95499992370605,23.114999771118164,22.65999984741211,22.850000381469727,19.21567344665528,1569200,0.0,0.0
2012-12-11,22.95499992370605,23.299999237060547,22.65999984741211,23.209999084472656,19.51841354370117,1642800,0.0,0.0
2012-12-12,23.295000076293945,23.420000076293945,22.625,22.75,19.131580352783203,1344200,0.0,0.0
2012-12-13,23.145000457763672,23.4950008392334,23.03499984741211,23.39999961853028,19.678194046020508,3084600,0.0,0.0
2012-12-14,23.350000381469727,24.200000762939453,23.325000762939453,24.1299991607666,20.29208755493164,3092400,0.0,0.0
2012-12-17,24.09499931335449,24.540000915527344,23.76499938964844,24.350000381469727,20.47710227966309,4339200,0.0,0.0
2012-12-18,24.190000534057617,24.51000022888184,23.895000457763672,24.03499984741211,20.21219825744629,1949600,0.0,0.0
2012-12-19,24.02499961853028,24.51499938964844,23.61000061035156,24.51499938964844,20.61585235595703,2984200,0.0,0.0
2012-12-20,24.299999237060547,24.38999938964844,23.979999542236328,24.059999465942383,20.23322105407715,2608600,0.0,0.0
2012-12-21,24.05500030517578,24.14999961853028,23.86000061035156,24.125,20.287879943847656,1762800,0.0,0.0
2012-12-27,23.875,24.114999771118164,23.600000381469727,24.100000381469727,20.2668571472168,1996400,0.0,0.0
2012-12-28,24.145000457763672,24.27499961853028,23.799999237060547,24.27499961853028,20.41403007507324,2632600,0.0,0.0
2013-01-02,24.084999084472656,24.71500015258789,23.979999542236328,24.69499969482422,20.76722526550293,3221400,0.0,0.0
2013-01-03,24.5049991607666,24.799999237060547,24.4950008392334,24.799999237060547,20.85552215576172,2007800,0.0,0.0
2013-01-04,24.64999961853028,24.864999771118164,24.440000534057617,24.700000762939453,20.77143096923828,1540000,0.0,0.0
2013-01-07,24.69499969482422,24.950000762939453,24.575000762939453,24.700000762939453,20.77143096923828,2550000,0.0,0.0
2013-01-08,24.69499969482422,24.94499969482422,24.075000762939453,24.25,20.39300346374512,1340400,0.0,0.0
2013-01-09,24.27499961853028,24.850000381469727,24.27499961853028,24.700000762939453,20.77143096923828,1372800,0.0,0.0
2013-01-10,24.52499961853028,25.700000762939453,24.31999969482422,25.200000762939453,21.19190788269043,3369600,0.0,0.0
2013-01-11,25.69499969482422,26.45499992370605,25.51499938964844,26.34499931335449,22.1547908782959,5297600,0.0,0.0
2013-01-14,26.075000762939453,26.670000076293945,25.8700008392334,26.34000015258789,22.15058135986328,2693600,0.0,0.0
2013-01-15,26.309999465942383,26.350000381469727,25.90999984741211,26.06999969482422,21.92352867126465,2010400,0.0,0.0
2013-01-16,25.98500061035156,25.98500061035156,25.424999237060547,25.549999237060547,21.486230850219727,2549600,0.0,0.0
2013-01-17,25.64999961853028,26.030000686645508,25.420000076293945,25.55500030517578,21.49044418334961,2286000,0.0,0.0
2013-01-18,25.78499984741211,25.78499984741211,25.450000762939453,25.64999961853028,21.699432373046875,2264800,0.152039,0.0
2013-01-21,25.655000686645508,25.98500061035156,25.229999542236328,25.424999237060547,21.50908660888672,2349400,0.0,0.0
2013-01-22,25.375,25.55500030517578,25.2549991607666,25.30500030517578,21.40756797790528,1518000,0.0,0.0
2013-01-23,25.31999969482422,25.69499969482422,25.280000686645508,25.34499931335449,21.441410064697266,2264000,0.0,0.0
2013-01-24,25.36000061035156,25.69499969482422,25.049999237060547,25.225000381469727,21.339887619018555,2149400,0.0,0.0
2013-01-25,25.350000381469727,25.540000915527344,24.604999542236328,24.700000762939453,20.895750045776367,2650800,0.0,0.0
2013-01-28,24.790000915527344,25.1200008392334,24.709999084472656,24.709999084472656,20.90420913696289,1516400,0.0,0.0
2013-01-29,24.71500015258789,24.959999084472656,24.40999984741211,24.475000381469727,20.705406188964844,3081200,0.0,0.0
2013-01-30,24.46999931335449,25.2450008392334,24.290000915527344,25.200000762939453,21.318744659423828,5770600,0.0,0.0
2013-01-31,25.14999961853028,25.450000762939453,24.854999542236328,25.200000762939453,21.318744659423828,1262200,0.0,0.0
2013-02-01,25.225000381469727,25.315000534057617,24.875,24.989999771118164,21.141082763671875,886400,0.0,0.0
2013-02-04,24.95499992370605,25.190000534057617,24.70499992370605,25.100000381469727,21.2341423034668,1522400,0.0,0.0
2013-02-05,24.8700008392334,25.440000534057617,24.8700008392334,25.125,21.25529670715332,1178600,0.0,0.0
2013-02-06,24.8700008392334,25.440000534057617,24.8700008392334,25.350000381469727,21.44563865661621,1394600,0.0,0.0
2013-02-07,25.104999542236328,25.290000915527344,25.01000022888184,25.209999084472656,21.327198028564453,1357400,0.0,0.0
2013-02-08,25.20499992370605,25.290000915527344,24.96999931335449,25.0,21.149547576904297,1648600,0.0,0.0
2013-02-11,24.959999084472656,25.1299991607666,24.549999237060547,24.729999542236328,20.921131134033203,1358200,0.0,0.0
2013-02-12,24.94499969482422,25.184999465942383,24.6299991607666,25.13500022888184,21.26374626159668,1432600,0.0,0.0
2013-02-13,25.200000762939453,25.280000686645508,24.88500022888184,25.25,21.36103630065918,1487200,0.0,0.0
2013-02-14,25.295000076293945,25.39999961853028,25.0,25.395000457763672,21.483701705932617,1499000,0.0,0.0
2013-02-15,25.2549991607666,25.64999961853028,25.209999084472656,25.549999237060547,21.61482810974121,2403600,0.0,0.0
2013-02-18,25.489999771118164,25.63999938964844,25.36000061035156,25.565000534057617,21.62752342224121,962400,0.0,0.0
2013-02-19,25.489999771118164,25.89999961853028,25.36000061035156,25.77499961853028,21.805179595947266,3192600,0.0,0.0
2013-02-20,25.549999237060547,25.825000762939453,25.475000381469727,25.75,21.78403282165528,1026000,0.0,0.0
2013-02-21,25.674999237060547,25.729999542236328,25.350000381469727,25.545000076293945,21.61060333251953,1059600,0.0,0.0
2013-02-22,25.315000534057617,25.545000076293945,24.905000686645508,25.100000381469727,21.2341423034668,1639400,0.0,0.0
2013-02-25,25.190000534057617,25.315000534057617,24.7450008392334,25.0,21.149547576904297,1285600,0.0,0.0
2013-02-26,25.174999237060547,25.73500061035156,25.104999542236328,25.475000381469727,21.551382064819336,782400,0.0,0.0
2013-02-27,25.63999938964844,26.040000915527344,25.39999961853028,25.834999084472656,21.85593605041504,1060800,0.0,0.0
2013-02-28,25.84000015258789,26.174999237060547,25.604999542236328,25.729999542236328,21.76711082458496,1206200,0.0,0.0
2013-03-01,25.51499938964844,25.905000686645508,25.5049991607666,25.71500015258789,21.754419326782227,1376800,0.0,0.0
2013-03-04,25.479999542236328,25.88999938964844,25.05500030517578,25.200000762939453,21.318744659423828,2153600,0.0,0.0
2013-03-05,25.43000030517578,26.01000022888184,25.395000457763672,26.0,21.99552345275879,1571000,0.0,0.0
2013-03-06,25.69499969482422,26.0,25.375,25.950000762939453,21.95322608947754,1781200,0.0,0.0
2013-03-07,25.875,26.98500061035156,25.875,26.875,22.735759735107425,2603400,0.0,0.0
2013-03-08,26.915000915527344,26.950000762939453,26.57999992370605,26.850000381469727,22.7146110534668,1302400,0.0,0.0
2013-03-11,26.0,26.795000076293945,26.0,26.7450008392334,22.62578392028809,4218600,0.0,0.0
2013-03-12,26.64999961853028,27.270000457763672,26.299999237060547,26.89999961853028,22.75691032409668,1784800,0.0,0.0
2013-03-13,26.82999992370605,27.44499969482422,26.82999992370605,27.104999542236328,22.93033218383789,1700800,0.0,0.0
2013-03-14,27.07999992370605,27.27499961853028,26.75,26.950000762939453,22.79920959472656,2030600,0.0,0.0
2013-03-15,26.950000762939453,26.950000762939453,26.950000762939453,26.950000762939453,22.79920959472656,0,0.0,0.0
2013-03-18,26.80500030517578,26.905000686645508,26.46999931335449,26.600000381469727,22.503114700317383,1991400,0.0,0.0
2013-03-19,26.5,26.82999992370605,26.5,26.69499969482422,22.583480834960938,3389800,0.0,0.0
2013-03-20,26.670000076293945,26.795000076293945,26.450000762939453,26.5049991607666,22.42274475097656,3083200,0.0,0.0
2013-03-21,26.690000534057617,27.155000686645508,26.56999969482422,26.84000015258789,22.70615196228028,5854400,0.0,0.0
2013-03-22,26.854999542236328,26.940000534057617,26.53499984741211,26.75,22.630006790161133,1773200,0.0,0.0
2013-03-25,26.76000022888184,27.31999969482422,26.7549991607666,27.1200008392334,22.943029403686523,2170400,0.0,0.0
2013-03-26,27.1200008392334,27.334999084472656,26.8799991607666,27.11000061035156,22.93456268310547,1163400,0.0,0.0
2013-03-27,27.145000457763672,27.420000076293945,26.88500022888184,26.950000762939453,22.79920959472656,1050000,0.0,0.0
2013-04-02,26.934999465942383,27.69499969482422,26.739999771118164,27.475000381469727,23.243349075317383,2627400,0.0,0.0
2013-04-03,27.450000762939453,27.600000381469727,27.2450008392334,27.299999237060547,23.095298767089844,1327200,0.0,0.0
2013-04-04,27.225000381469727,27.600000381469727,27.045000076293945,27.45499992370605,23.2264347076416,1602000,0.0,0.0
2013-04-05,27.450000762939453,27.84499931335449,27.354999542236328,27.52499961853028,23.285648345947266,2255800,0.0,0.0
2013-04-08,27.75,27.7549991607666,27.059999465942383,27.475000381469727,23.243349075317383,2770800,0.0,0.0
2013-04-09,27.65999984741211,27.96500015258789,27.200000762939453,27.68000030517578,23.41677474975586,1076800,0.0,0.0
2013-04-10,27.65999984741211,27.9950008392334,27.200000762939453,27.89999961853028,23.602893829345703,1517400,0.0,0.0
2013-04-11,27.94499969482422,28.020000457763672,27.405000686645508,27.799999237060547,23.518293380737305,1757800,0.0,0.0
2013-04-12,27.665000915527344,27.780000686645508,27.405000686645508,27.77499961853028,23.49713897705078,2292800,0.0,0.0
2013-04-15,27.59000015258789,27.670000076293945,27.19499969482422,27.51499938964844,23.27718544006348,2025400,0.0,0.0
2013-04-16,27.46500015258789,27.46500015258789,26.790000915527344,27.225000381469727,23.03185272216797,1967800,0.0,0.0
2013-04-17,27.25,27.5,27.225000381469727,27.270000457763672,23.06991958618164,333600,0.0,0.0
2013-04-18,27.2549991607666,27.55500030517578,27.229999542236328,27.325000762939453,23.1164493560791,827800,0.0,0.0
2013-04-19,27.100000381469727,27.549999237060547,26.98500061035156,27.100000381469727,22.92611122131348,1598000,0.0,0.0
2013-04-22,26.854999542236328,27.100000381469727,26.51499938964844,26.875,22.735759735107425,2253400,0.0,0.0
2013-04-23,27.0,27.114999771118164,26.520000457763672,26.89999961853028,22.75691032409668,1022000,0.0,0.0
2013-04-24,26.989999771118164,27.0,26.63999938964844,26.875,22.735759735107425,1429800,0.0,0.0
2013-04-25,26.71500015258789,27.434999465942383,26.549999237060547,26.75,22.630006790161133,2816400,0.0,0.0
2013-04-26,26.96500015258789,26.96500015258789,26.354999542236328,26.549999237060547,22.4608154296875,1575000,0.0,0.0
2013-04-29,26.354999542236328,26.655000686645508,25.875,25.934999465942383,21.940528869628903,1763200,0.0,0.0
2013-04-30,26.200000762939453,26.84000015258789,26.059999465942383,26.32999992370605,22.27470016479492,1957800,0.0,0.0
2013-05-02,26.125,26.39999961853028,25.459999084472656,26.03499984741211,22.025135040283203,1520400,0.0,0.0
2013-05-03,26.059999465942383,26.34499931335449,25.57999992370605,25.64999961853028,21.699432373046875,2144000,0.0,0.0
2013-05-06,25.809999465942383,25.88500022888184,25.26000022888184,25.299999237060547,21.40333747863769,2533400,0.0,0.0
2013-05-07,25.34499931335449,25.80500030517578,25.20499992370605,25.5,21.572534561157227,1905800,0.0,0.0
2013-05-08,25.600000381469727,25.834999084472656,25.26000022888184,25.40999984741211,21.49639892578125,1738800,0.0,0.0
2013-05-10,25.440000534057617,25.78499984741211,25.440000534057617,25.645000457763672,21.69520568847656,1309400,0.0,0.0
2013-05-13,25.645000457763672,25.71999931335449,25.20499992370605,25.36000061035156,21.454099655151367,2154800,0.0,0.0
2013-05-14,25.100000381469727,25.75,24.70499992370605,25.559999465942383,21.6232967376709,3744800,0.0,0.0
2013-05-15,25.190000534057617,25.48500061035156,24.834999084472656,24.95499992370605,21.111473083496094,1985400,0.0,0.0
2013-05-16,24.875,24.989999771118164,24.18000030517578,24.614999771118164,20.823841094970703,2011600,0.0,0.0
2013-05-21,24.45499992370605,24.940000534057617,24.229999542236328,24.64999961853028,20.85344696044922,1456200,0.0,0.0
2013-05-22,24.924999237060547,25.59499931335449,24.780000686645508,25.39999961853028,21.48793601989746,1978000,0.0,0.0
2013-05-23,25.5,26.674999237060547,25.4950008392334,26.489999771118164,22.41005516052246,2114800,0.0,0.0
2013-05-24,26.34000015258789,26.82999992370605,26.225000381469727,26.5,22.41851234436035,3335400,0.0,0.0
2013-05-27,26.34000015258789,26.82999992370605,26.225000381469727,26.7450008392334,22.62578392028809,1247200,0.0,0.0
2013-05-28,26.614999771118164,27.0,26.0049991607666,26.19499969482422,22.16048812866211,2764600,0.0,0.0
2013-05-29,26.049999237060547,26.75,26.0,26.200000762939453,22.16472244262696,1347400,0.0,0.0
2013-05-30,26.475000381469727,26.64999961853028,26.0,26.14999961853028,22.12242317199707,1137800,0.0,0.0
2013-05-31,26.075000762939453,26.53499984741211,25.780000686645508,26.225000381469727,22.18587303161621,1688000,0.0,0.0
2013-06-03,25.895000457763672,26.049999237060547,25.790000915527344,26.0,21.99552345275879,1604800,0.0,0.0
2013-06-04,26.290000915527344,26.51499938964844,26.075000762939453,26.280000686645508,22.232398986816406,1410000,0.0,0.0
2013-06-05,26.475000381469727,26.96500015258789,26.190000534057617,26.89999961853028,22.75691032409668,2085600,0.0,0.0
2013-06-06,26.739999771118164,26.864999771118164,26.530000686645508,26.850000381469727,22.7146110534668,1303000,0.0,0.0
2013-06-07,26.7450008392334,27.0,26.6200008392334,26.89999961853028,22.75691032409668,1197600,0.0,0.0
2013-06-10,26.9950008392334,27.059999465942383,26.459999084472656,26.625,22.52426147460937,1507000,0.0,0.0
2013-06-11,26.665000915527344,26.989999771118164,26.59499931335449,26.8700008392334,22.73152732849121,1093400,0.0,0.0
2013-06-12,26.75,26.989999771118164,26.56999969482422,26.934999465942383,22.786516189575195,1407000,0.0,0.0
2013-06-13,26.875,26.96999931335449,26.530000686645508,26.77499961853028,22.651161193847656,866200,0.0,0.0
2013-06-14,26.700000762939453,27.09000015258789,26.625,26.96999931335449,22.816123962402344,1868600,0.0,0.0
2013-06-17,27.0,27.239999771118164,26.709999084472656,27.06999969482422,22.90072631835937,981400,0.0,0.0
2013-06-18,26.95499992370605,27.165000915527344,26.76000022888184,27.14999961853028,22.968402862548828,1437400,0.0,0.0
2013-06-19,27.075000762939453,27.170000076293945,26.850000381469727,27.14999961853028,22.968402862548828,1046800,0.0,0.0
2013-06-20,27.14999961853028,27.14999961853028,27.14999961853028,27.14999961853028,22.968402862548828,0,0.0,0.0
2013-06-21,26.979999542236328,27.25,26.790000915527344,27.049999237060547,22.88380241394043,2039000,0.0,0.0
2013-06-24,27.18000030517578,27.18000030517578,26.850000381469727,26.959999084472656,22.807662963867188,2223800,0.0,0.0
2013-06-25,26.825000762939453,27.14999961853028,26.790000915527344,27.075000762939453,22.90495681762696,2412800,0.0,0.0
2013-06-26,27.850000381469727,27.975000381469727,26.61000061035156,27.14999961853028,22.968402862548828,5602000,0.0,0.0
2013-06-27,27.145000457763672,27.59499931335449,27.020000457763672,27.5,23.26449966430664,2219000,0.0,0.0
2013-06-28,27.5,27.834999084472656,27.32999992370605,27.81999969482422,23.53520965576172,1860600,0.0,0.0
2013-07-01,27.815000534057617,27.84499931335449,27.23500061035156,27.325000762939453,23.1164493560791,2331600,0.0,0.0
2013-07-02,27.325000762939453,27.45499992370605,27.07999992370605,26.799999237060547,22.67230987548828,1607200,0.0,0.0
2013-07-03,27.06999969482422,27.170000076293945,26.395000457763672,27.0,22.971830368041992,1940200,0.152039,0.0
2013-07-04,26.90999984741211,27.440000534057617,26.815000534057617,27.270000457763672,23.2015438079834,2241800,0.0,0.0
2013-07-05,27.30500030517578,27.6299991607666,26.799999237060547,27.1200008392334,23.07392883300781,2740800,0.0,0.0
2013-07-08,27.01000022888184,27.415000915527344,26.94499969482422,27.075000762939453,23.0356388092041,1939000,0.0,0.0
2013-07-09,27.07999992370605,27.38999938964844,26.690000534057617,26.89999961853028,22.88674545288086,3243200,0.0,0.0
2013-07-10,26.655000686645508,26.700000762939453,26.2549991607666,26.39999961853028,22.461345672607425,3196800,0.0,0.0
2013-07-11,26.395000457763672,26.59000015258789,26.21500015258789,26.34000015258789,22.410295486450195,2521800,0.0,0.0
2013-07-12,26.34000015258789,26.545000076293945,25.520000457763672,25.75,21.90831756591797,2012000,0.0,0.0
2013-07-15,25.63500022888184,26.125,25.53499984741211,25.68000030517578,21.848764419555664,1906600,0.0,0.0
2013-07-16,25.825000762939453,26.604999542236328,25.825000762939453,26.32999992370605,22.401790618896484,2709800,0.0,0.0
2013-07-17,26.5,26.78499984741211,26.39999961853028,26.56999969482422,22.60598564147949,1624600,0.0,0.0
2013-07-18,26.56999969482422,27.25,26.479999542236328,26.920000076293945,22.90376663208008,1867200,0.0,0.0
2013-07-19,26.86000061035156,27.315000534057617,26.51000022888184,26.700000762939453,22.716588973999023,1232400,0.0,0.0
2013-07-22,26.4950008392334,26.84499931335449,25.75,25.95499992370605,22.082735061645508,2288800,0.0,0.0
2013-07-23,26.165000915527344,26.165000915527344,25.63500022888184,26.03499984741211,22.15080070495605,1603400,0.0,0.0
2013-07-24,26.03499984741211,26.38500022888184,25.950000762939453,26.200000762939453,22.291183471679688,1368800,0.0,0.0
2013-07-25,26.03499984741211,26.475000381469727,25.80500030517578,26.09499931335449,22.20184326171875,4009600,0.0,0.0
2013-07-26,26.19499969482422,27.0,26.19499969482422,26.89999961853028,22.88674545288086,1537400,0.0,0.0
2013-07-29,26.6299991607666,26.795000076293945,26.030000686645508,26.1299991607666,22.231624603271484,1779200,0.0,0.0
2013-07-30,26.0,26.424999237060547,25.96999931335449,26.415000915527344,22.47410774230957,1074400,0.0,0.0
2013-07-31,26.2549991607666,26.850000381469727,26.075000762939453,26.674999237060547,22.6953182220459,1598000,0.0,0.0
2013-08-01,26.799999237060547,27.209999084472656,26.545000076293945,27.100000381469727,23.056909561157227,2536000,0.0,0.0
2013-08-02,27.09499931335449,28.06999969482422,26.850000381469727,27.920000076293945,23.754573822021484,3399800,0.0,0.0
2013-08-05,27.850000381469727,28.825000762939453,27.850000381469727,28.38999938964844,24.154449462890625,2666400,0.0,0.0
2013-08-06,28.5,28.6200008392334,27.75,27.89999961853028,23.737558364868164,2117200,0.0,0.0
2013-08-07,28.049999237060547,28.174999237060547,27.315000534057617,27.450000762939453,23.354692459106445,1630200,0.0,0.0
2013-08-08,27.5,28.13500022888184,27.479999542236328,28.13500022888184,23.937498092651367,1128800,0.0,0.0
2013-08-09,28.25,28.325000762939453,27.77499961853028,27.915000915527344,23.750322341918945,890000,0.0,0.0
2013-08-12,28.040000915527344,28.239999771118164,27.51499938964844,27.81999969482422,23.66948509216309,1462200,0.0,0.0
2013-08-13,27.64999961853028,28.434999465942383,27.38500022888184,28.434999465942383,24.192737579345703,2585000,0.0,0.0
2013-08-14,28.295000076293945,28.850000381469727,27.979999542236328,28.850000381469727,24.54582595825196,2514400,0.0,0.0
2013-08-15,28.69499969482422,28.88500022888184,28.02499961853028,28.02499961853028,23.84390640258789,2161600,0.0,0.0
2013-08-16,28.69499969482422,28.88500022888184,27.96500015258789,28.565000534057617,24.3033447265625,1211200,0.0,0.0
2013-08-19,28.69499969482422,28.88500022888184,27.96500015258789,28.57999992370605,24.316104888916016,2653000,0.0,0.0
2013-08-20,28.420000076293945,28.64999961853028,27.729999542236328,28.020000457763672,23.839656829833984,2610600,0.0,0.0
2013-08-21,28.01499938964844,28.170000076293945,27.51499938964844,27.75,23.609935760498047,1957000,0.0,0.0
2013-08-22,27.75,27.915000915527344,27.51499938964844,27.799999237060547,23.652477264404297,1356800,0.0,0.0
2013-08-23,27.75,27.98500061035156,27.07999992370605,27.32999992370605,23.252592086791992,2481400,0.0,0.0
2013-08-26,27.825000762939453,28.545000076293945,27.334999084472656,28.4950008392334,24.24378776550293,3415200,0.0,0.0
2013-08-27,28.225000381469727,28.850000381469727,28.21500015258789,28.82999992370605,24.52880859375,2232200,0.0,0.0
2013-08-28,28.82999992370605,28.950000762939453,28.25,28.575000762939453,24.311851501464844,2212200,0.0,0.0
2013-08-29,28.600000381469727,28.825000762939453,28.43000030517578,28.799999237060547,24.50328254699707,1596600,0.0,0.0
2013-08-30,28.71500015258789,28.9950008392334,28.57999992370605,28.8799991607666,24.571348190307617,1283200,0.0,0.0
2013-09-02,28.75,29.075000762939453,28.30500030517578,28.625,24.354389190673828,3241000,0.0,0.0
2013-09-03,28.549999237060547,29.13999938964844,28.364999771118164,28.98500061035156,24.660682678222656,2846200,0.0,0.0
2013-09-04,29.114999771118164,29.13999938964844,28.540000915527344,28.915000915527344,24.601131439208984,2009400,0.0,0.0
2013-09-05,28.895000457763672,29.295000076293945,28.584999084472656,29.170000076293945,24.81808280944824,1443800,0.0,0.0
2013-09-06,29.170000076293945,29.709999084472656,28.915000915527344,29.5,25.09885025024414,1763600,0.0,0.0
2013-09-09,29.46999931335449,29.61000061035156,28.989999771118164,29.61000061035156,25.192440032958984,2208400,0.0,0.0
2013-09-10,29.5,29.795000076293945,29.28499984741211,29.545000076293945,25.13714027404785,1635600,0.0,0.0
2013-09-11,29.31999969482422,29.6200008392334,29.15999984741211,29.25,24.88614654541016,1012400,0.0,0.0
2013-09-12,29.27499961853028,29.70499992370605,29.27499961853028,29.559999465942383,25.149900436401367,1271800,0.0,0.0
2013-09-13,29.559999465942383,30.1299991607666,29.43000030517578,30.0,25.52425003051757,1570200,0.0,0.0
2013-09-16,29.9950008392334,30.38500022888184,29.815000534057617,30.100000381469727,25.60933494567871,1723000,0.0,0.0
2013-09-17,29.9950008392334,30.23500061035156,29.864999771118164,30.02499961853028,25.54552459716797,1860200,0.0,0.0
2013-09-18,30.02499961853028,30.27499961853028,29.51000022888184,29.950000762939453,25.481714248657227,1364800,0.0,0.0
2013-09-19,29.75,29.84499931335449,29.34000015258789,29.540000915527344,25.13288116455078,2325400,0.0,0.0
2013-09-20,29.600000381469727,29.7549991607666,29.299999237060547,29.479999542236328,25.08183479309082,2036200,0.0,0.0
2013-09-23,29.424999237060547,29.825000762939453,29.05500030517578,29.65999984741211,25.23497772216797,1022800,0.0,0.0
2013-09-24,29.71999931335449,30.09499931335449,29.604999542236328,29.895000457763672,25.43492126464844,1664600,0.0,0.0
2013-09-25,30.0,30.075000762939453,29.670000076293945,29.864999771118164,25.409393310546875,2276800,0.0,0.0
2013-09-26,29.96999931335449,30.334999084472656,29.834999084472656,29.959999084472656,25.490222930908203,1765400,0.0,0.0
2013-09-27,30.059999465942383,30.125,29.45499992370605,29.920000076293945,25.456186294555664,1495600,0.0,0.0
2013-09-30,29.950000762939453,30.075000762939453,29.475000381469727,29.690000534057617,25.260501861572266,1661400,0.0,0.0
2013-10-01,29.614999771118164,29.709999084472656,29.280000686645508,29.70499992370605,25.27326202392578,1349200,0.0,0.0
2013-10-02,29.145000457763672,29.625,28.645000457763672,29.0,24.673444747924805,3473800,0.0,0.0
2013-10-03,28.940000534057617,29.040000915527344,28.290000915527344,28.450000762939453,24.205501556396484,2660400,0.0,0.0
2013-10-04,28.434999465942383,29.13500022888184,28.084999084472656,28.979999542236328,24.656429290771484,1382000,0.0,0.0
2013-10-07,28.95499992370605,29.44499969482422,28.684999465942383,29.0049991607666,24.677696228027344,1869000,0.0,0.0
2013-10-08,28.9950008392334,29.13500022888184,28.600000381469727,28.975000381469727,24.65217399597168,1941400,0.0,0.0
2013-10-09,29.075000762939453,29.61000061035156,29.06999969482422,29.23500061035156,24.87338638305664,2310000,0.0,0.0
2013-10-10,29.2549991607666,29.575000762939453,29.09000015258789,29.34499931335449,24.96697425842285,2480200,0.0,0.0
2013-10-11,29.375,29.48500061035156,29.104999542236328,29.299999237060547,24.928688049316406,2086400,0.0,0.0
2013-10-14,29.0,29.3700008392334,28.93000030517578,29.25,24.88614654541016,1710200,0.0,0.0
2013-10-15,29.1200008392334,29.334999084472656,28.71999931335449,28.950000762939453,24.63090705871582,1701400,0.0,0.0
2013-10-16,29.05500030517578,29.20499992370605,28.65999984741211,28.924999237060547,24.609634399414062,1862600,0.0,0.0
2013-10-17,28.799999237060547,29.075000762939453,28.77499961853028,28.86000061035156,24.554330825805664,1466800,0.0,0.0
2013-10-18,29.049999237060547,29.049999237060547,28.69499969482422,29.040000915527344,24.70747947692871,1403000,0.0,0.0
2013-10-21,29.100000381469727,29.14999961853028,28.709999084472656,28.825000762939453,24.524553298950195,923200,0.0,0.0
2013-10-22,28.854999542236328,29.045000076293945,28.73500061035156,29.01499938964844,24.68620681762696,1392800,0.0,0.0
2013-10-23,28.80500030517578,28.80500030517578,28.405000686645508,28.5,24.24804306030273,2121200,0.0,0.0
2013-10-24,28.350000381469727,28.46500015258789,27.915000915527344,27.9950008392334,23.81838607788086,2418800,0.0,0.0
2013-10-25,28.2450008392334,28.6299991607666,27.549999237060547,27.75,23.609935760498047,3262000,0.0,0.0
2013-10-28,28.2450008392334,28.6299991607666,27.44499969482422,27.75,23.609935760498047,2671600,0.0,0.0
2013-10-29,27.905000686645508,28.34000015258789,27.700000762939453,28.045000076293945,23.860923767089844,2330600,0.0,0.0
2013-10-30,27.94499969482422,28.114999771118164,27.80500030517578,28.075000762939453,23.886444091796875,1412000,0.0,0.0
2013-10-31,27.905000686645508,28.165000915527344,27.84499931335449,28.0,23.82263565063477,635600,0.0,0.0
2013-11-01,27.89999961853028,27.979999542236328,27.5,27.68000030517578,23.550376892089844,1427600,0.0,0.0
2013-11-04,27.655000686645508,27.90999984741211,27.600000381469727,27.739999771118164,23.60142517089844,2070200,0.0,0.0
2013-11-05,27.674999237060547,28.375,27.325000762939453,27.350000381469727,23.26961135864257,2357600,0.0,0.0
2013-11-06,27.604999542236328,28.09000015258789,27.405000686645508,27.8799991607666,23.720535278320312,1487400,0.0,0.0
2013-11-07,27.875,28.55500030517578,27.76499938964844,28.299999237060547,24.077880859375,1864000,0.0,0.0
2013-11-08,28.299999237060547,28.450000762939453,27.604999542236328,27.77499961853028,23.63120651245117,2701400,0.0,0.0
2013-11-11,27.8799991607666,28.325000762939453,27.709999084472656,28.170000076293945,23.967273712158203,1199600,0.0,0.0
2013-11-12,28.09499931335449,28.280000686645508,27.934999465942383,28.190000534057617,23.984294891357425,1106000,0.0,0.0
2013-11-13,28.27499961853028,28.375,27.75,27.809999465942383,23.660982131958008,2982000,0.0,0.0
2013-11-14,27.934999465942383,28.18000030517578,27.82999992370605,27.84000015258789,23.68651008605957,722600,0.0,0.0
2013-11-15,27.915000915527344,28.03499984741211,27.52499961853028,27.82999992370605,23.6780014038086,1346600,0.0,0.0
2013-11-18,27.875,28.174999237060547,27.799999237060547,27.975000381469727,23.80136680603028,905000,0.0,0.0
2013-11-19,28.13999938964844,28.13999938964844,27.23500061035156,27.23500061035156,23.17176818847656,2146200,0.0,0.0
2013-11-20,27.39999961853028,27.405000686645508,26.81999969482422,27.075000762939453,23.0356388092041,5081600,0.0,0.0
2013-11-21,26.915000915527344,26.9950008392334,26.575000762939453,26.655000686645508,22.67829704284668,3001400,0.0,0.0
2013-11-22,26.825000762939453,27.100000381469727,26.63999938964844,26.76499938964844,22.77188873291016,2660400,0.0,0.0
2013-11-25,26.88999938964844,27.2450008392334,26.670000076293945,27.174999237060547,23.120718002319336,2010200,0.0,0.0
2013-11-26,27.100000381469727,27.174999237060547,26.530000686645508,26.690000534057617,22.708080291748047,3135600,0.0,0.0
2013-11-27,26.76499938964844,27.030000686645508,26.354999542236328,26.959999084472656,22.93779563903809,3901200,0.0,0.0
2013-11-28,26.959999084472656,27.075000762939453,26.61000061035156,26.75,22.75912094116211,1742600,0.0,0.0
2013-11-29,26.63999938964844,27.280000686645508,26.559999465942383,27.09499931335449,23.05265235900879,1920200,0.0,0.0
2013-12-02,27.350000381469727,27.3700008392334,26.77499961853028,26.959999084472656,22.93779563903809,1616400,0.0,0.0
2013-12-03,26.959999084472656,27.565000534057617,26.959999084472656,27.0,22.971830368041992,2077400,0.0,0.0
2013-12-04,27.0,27.18000030517578,26.420000076293945,26.5,22.54642105102539,2176600,0.0,0.0
2013-12-05,26.540000915527344,26.96500015258789,26.5049991607666,26.76499938964844,22.77188873291016,737400,0.0,0.0
2013-12-06,26.934999465942383,26.9950008392334,26.63500022888184,26.895000457763672,22.882497787475582,2386200,0.0,0.0
2013-12-09,26.825000762939453,27.2450008392334,26.709999084472656,27.1299991607666,23.08243179321289,1984000,0.0,0.0
2013-12-10,27.059999465942383,27.190000534057617,26.6299991607666,26.700000762939453,22.716588973999023,2513400,0.0,0.0
2013-12-11,26.614999771118164,26.915000915527344,26.225000381469727,26.38999938964844,22.45283508300781,3722800,0.0,0.0
2013-12-12,26.5049991607666,26.530000686645508,25.924999237060547,25.924999237060547,22.05721092224121,4206800,0.0,0.0
2013-12-13,26.049999237060547,26.405000686645508,26.049999237060547,26.39999961853028,22.461345672607425,2154600,0.0,0.0
2013-12-16,26.405000686645508,26.96999931335449,26.39999961853028,26.73500061035156,22.74636650085449,3380400,0.0,0.0
2013-12-17,26.604999542236328,27.2450008392334,26.39999961853028,26.655000686645508,22.67829704284668,2675200,0.0,0.0
2013-12-18,26.34499931335449,26.790000915527344,26.209999084472656,26.64999961853028,22.674043655395508,2430200,0.0,0.0
2013-12-19,26.825000762939453,26.934999465942383,25.77499961853028,25.82999992370605,21.976381301879883,2276200,0.0,0.0
2013-12-20,26.0,26.450000762939453,25.88999938964844,26.21999931335449,22.308198928833008,3095400,0.0,0.0
2013-12-23,26.075000762939453,26.170000076293945,25.01499938964844,25.475000381469727,21.674346923828125,3453200,0.0,0.0
2013-12-27,25.45499992370605,26.44499969482422,25.405000686645508,26.350000381469727,22.41880416870117,3268600,0.0,0.0
2013-12-30,26.26000022888184,26.809999465942383,25.89999961853028,25.975000381469727,22.09975242614746,2941400,0.0,0.0
2014-01-02,25.905000686645508,26.28499984741211,25.5,25.655000686645508,21.827491760253903,1895000,0.0,0.0
2014-01-03,25.8700008392334,26.325000762939453,25.51000022888184,26.165000915527344,22.261404037475582,2086200,0.0,0.0
2014-01-06,26.165000915527344,26.434999465942383,25.76499938964844,26.0,22.121017456054688,1850400,0.0,0.0
2014-01-07,26.125,26.125,25.299999237060547,25.7549991607666,21.91257095336914,1388200,0.0,0.0
2014-01-08,25.809999465942383,26.0,25.424999237060547,25.795000076293945,21.94660758972168,1296000,0.0,0.0
2014-01-09,25.75,26.25,25.75,26.229999542236328,22.31670570373535,871400,0.0,0.0
2014-01-10,26.14999961853028,26.290000915527344,25.850000381469727,25.93000030517578,22.06146240234375,2219600,0.0,0.0
2014-01-13,25.854999542236328,26.415000915527344,25.80500030517578,26.415000915527344,22.47410774230957,2308000,0.0,0.0
2014-01-14,26.200000762939453,26.334999084472656,25.90999984741211,26.0,22.121017456054688,2300000,0.0,0.0
2014-01-15,26.0,26.57999992370605,25.76000022888184,26.350000381469727,22.41880416870117,1898200,0.0,0.0
2014-01-16,26.334999084472656,26.415000915527344,25.979999542236328,26.32999992370605,22.401790618896484,1497400,0.0,0.0
2014-01-17,26.190000534057617,26.21500015258789,25.854999542236328,25.95499992370605,22.082735061645508,1408800,0.0,0.0
2014-01-20,26.059999465942383,26.395000457763672,25.950000762939453,26.299999237060547,22.376264572143555,1860800,0.0,0.0
2014-01-21,26.125,26.64999961853028,25.989999771118164,26.5,22.68751335144043,1770200,0.163558,0.0
2014-01-22,26.5049991607666,26.799999237060547,26.075000762939453,26.075000762939453,22.32366180419922,3325800,0.0,0.0
2014-01-23,26.075000762939453,26.075000762939453,25.700000762939453,25.815000534057617,22.10106468200684,2041600,0.0,0.0
2014-01-24,25.864999771118164,26.225000381469727,25.65999984741211,26.125,22.3664665222168,2508800,0.0,0.0
2014-01-27,26.0049991607666,26.64999961853028,25.895000457763672,26.0,22.259450912475582,2580800,0.0,0.0
2014-01-28,25.8700008392334,26.174999237060547,25.725000381469727,25.95499992370605,22.220922470092773,2215200,0.0,0.0
2014-01-29,26.065000534057617,26.225000381469727,25.575000762939453,25.7450008392334,22.0411376953125,2259800,0.0,0.0
2014-01-30,25.655000686645508,25.875,25.549999237060547,25.674999237060547,21.981210708618164,1676400,0.0,0.0
2014-01-31,25.9950008392334,25.9950008392334,25.30500030517578,25.34499931335449,21.69868278503418,3527400,0.0,0.0
2014-02-03,25.299999237060547,25.44499969482422,25.0049991607666,25.02499961853028,21.424724578857425,2639000,0.0,0.0
2014-02-04,25.145000457763672,25.530000686645508,25.02499961853028,25.270000457763672,21.634471893310547,1532600,0.0,0.0
2014-02-05,25.20499992370605,25.96500015258789,25.03499984741211,25.959999084472656,22.22520446777344,2868000,0.0,0.0
2014-02-06,25.825000762939453,26.584999084472656,25.540000915527344,26.325000762939453,22.53768920898437,2609600,0.0,0.0
2014-02-07,26.084999084472656,26.530000686645508,25.71999931335449,26.299999237060547,22.516286849975582,2544600,0.0,0.0
2014-02-10,26.045000076293945,26.88999938964844,26.045000076293945,26.51000022888184,22.69607925415039,6798800,0.0,0.0
2014-02-11,26.780000686645508,27.03499984741211,26.229999542236328,26.674999237060547,22.83734130859375,1983200,0.0,0.0
2014-02-12,26.850000381469727,27.13999938964844,26.645000457763672,26.780000686645508,22.927228927612305,2094200,0.0,0.0
2014-02-13,27.049999237060547,27.270000457763672,26.530000686645508,26.700000762939453,22.858741760253903,2149800,0.0,0.0
2014-02-14,26.89999961853028,27.795000076293945,26.825000762939453,27.25,23.329614639282227,4855800,0.0,0.0
2014-02-17,27.51499938964844,27.96999931335449,27.05500030517578,27.36000061035156,23.42378807067871,3204200,0.0,0.0
2014-02-18,27.46999931335449,27.51499938964844,27.065000534057617,27.45499992370605,23.50512886047364,2246600,0.0,0.0
2014-02-19,27.5,27.89999961853028,27.200000762939453,27.82999992370605,23.826175689697266,2352800,0.0,0.0
2014-02-20,27.82999992370605,28.59499931335449,27.780000686645508,28.350000381469727,24.271364212036133,3573200,0.0,0.0
2014-02-21,28.39999961853028,28.645000457763672,27.549999237060547,27.700000762939453,23.71487236022949,3990600,0.0,0.0
2014-02-24,28.0,28.315000534057617,27.549999237060547,27.80500030517578,23.804765701293945,4118800,0.0,0.0
2014-02-25,28.200000762939453,28.34499931335449,28.0049991607666,28.225000381469727,24.164344787597656,3015400,0.0,0.0
2014-02-26,28.325000762939453,28.48500061035156,27.76499938964844,27.89999961853028,23.8861026763916,3847400,0.0,0.0
2014-02-27,27.75,28.239999771118164,27.549999237060547,28.100000381469727,24.05732727050781,2410200,0.0,0.0
2014-02-28,28.07999992370605,28.51499938964844,27.75,28.184999465942383,24.130098342895508,1972200,0.0,0.0
2014-03-03,28.0049991607666,28.600000381469727,27.7549991607666,28.600000381469727,24.48539352416992,2288200,0.0,0.0
2014-03-04,28.59499931335449,28.600000381469727,28.1299991607666,28.350000381469727,24.271364212036133,1723000,0.0,0.0
2014-03-05,28.06999969482422,28.26499938964844,27.665000915527344,28.020000457763672,23.98883819580078,1413400,0.0,0.0
2014-03-06,28.2450008392334,28.475000381469727,27.89999961853028,28.475000381469727,24.37837600708008,1907000,0.0,0.0
2014-03-07,28.520000457763672,28.7450008392334,28.299999237060547,28.64999961853028,24.52820205688477,1362600,0.0,0.0
2014-03-10,28.46500015258789,28.56999969482422,28.21500015258789,28.3799991607666,24.29704475402832,1930200,0.0,0.0
2014-03-11,28.2450008392334,28.545000076293945,28.040000915527344,28.184999465942383,24.130098342895508,2326400,0.0,0.0
2014-03-12,28.165000915527344,28.25,27.549999237060547,28.049999237060547,24.014522552490234,1681200,0.0,0.0
2014-03-13,27.88500022888184,28.18000030517578,27.665000915527344,27.98500061035156,23.958871841430664,1658200,0.0,0.0
2014-03-14,27.834999084472656,28.100000381469727,27.604999542236328,27.790000915527344,23.79192924499512,1469200,0.0,0.0
2014-03-17,27.86000061035156,28.309999465942383,27.825000762939453,28.0,23.97171401977539,1631000,0.0,0.0
2014-03-18,27.850000381469727,28.09499931335449,27.700000762939453,27.770000457763672,23.77480697631836,1250200,0.0,0.0
2014-03-19,27.905000686645508,28.63500022888184,27.81999969482422,28.38500022888184,24.301326751708984,3681400,0.0,0.0
2014-03-20,28.39999961853028,28.700000762939453,27.9950008392334,28.670000076293945,24.54532051086425,2838800,0.0,0.0
2014-03-21,28.670000076293945,29.32999992370605,28.51499938964844,29.200000762939453,24.999073028564453,2147000,0.0,0.0
2014-03-24,29.200000762939453,29.27499961853028,28.645000457763672,28.88999938964844,24.73367118835449,1944600,0.0,0.0
2014-03-25,28.94499969482422,29.145000457763672,28.270000457763672,28.5,24.39978408813477,1822800,0.0,0.0
2014-03-26,28.670000076293945,28.670000076293945,28.100000381469727,28.31999969482422,24.245677947998047,1512400,0.0,0.0
2014-03-27,28.520000457763672,28.70499992370605,28.354999542236328,28.6299991607666,24.511079788208008,1414400,0.0,0.0
2014-03-28,28.59000015258789,28.59499931335449,28.20499992370605,28.540000915527344,24.43403053283692,2209800,0.0,0.0
2014-03-31,28.475000381469727,29.280000686645508,28.46999931335449,29.0,24.82784652709961,2046800,0.0,0.0
2014-04-01,29.114999771118164,29.125,28.40999984741211,28.690000534057617,24.56244659423828,2508600,0.0,0.0
2014-04-02,28.59499931335449,28.934999465942383,28.02499961853028,28.13999938964844,24.091571807861328,2722600,0.0,0.0
2014-04-03,28.09499931335449,28.11000061035156,26.795000076293945,27.0,23.115583419799805,4405200,0.0,0.0
2014-04-04,27.01000022888184,27.21500015258789,26.5,26.700000762939453,22.858741760253903,2726600,0.0,0.0
2014-04-07,26.725000381469727,26.77499961853028,26.3799991607666,26.739999771118164,22.892990112304688,3962800,0.0,0.0
2014-04-08,26.790000915527344,27.26499938964844,26.700000762939453,27.26000022888184,23.33817672729492,2222200,0.0,0.0
2014-04-09,27.14999961853028,27.184999465942383,26.670000076293945,26.934999465942383,23.059934616088867,1876200,0.0,0.0
2014-04-10,27.190000534057617,27.20499992370605,26.670000076293945,26.989999771118164,23.107017517089844,1741600,0.0,0.0
2014-04-11,27.0,27.14999961853028,26.40999984741211,26.46999931335449,22.66183280944824,2017400,0.0,0.0
2014-04-14,26.575000762939453,26.84499931335449,26.27499961853028,26.600000381469727,22.77313041687012,1811000,0.0,0.0
2014-04-15,26.63500022888184,26.96999931335449,26.38999938964844,26.89999961853028,23.02996635437012,1334200,0.0,0.0
2014-04-16,26.65999984741211,27.09499931335449,26.65999984741211,26.924999237060547,23.051374435424805,6962600,0.0,0.0
2014-04-22,27.174999237060547,27.174999237060547,26.424999237060547,26.70499992370605,22.863025665283203,2359200,0.0,0.0
2014-04-23,26.674999237060547,27.049999237060547,26.59000015258789,27.049999237060547,23.15838432312012,1826000,0.0,0.0
2014-04-24,26.895000457763672,26.9950008392334,26.575000762939453,26.7450008392334,22.89726829528809,1731400,0.0,0.0
2014-04-25,26.7549991607666,26.940000534057617,26.325000762939453,26.3700008392334,22.57621955871582,1707200,0.0,0.0
2014-04-28,26.84000015258789,27.25,26.3799991607666,26.65999984741211,22.824501037597656,3257400,0.0,0.0
2014-04-29,26.64999961853028,27.34499931335449,26.600000381469727,27.18000030517578,23.26968574523925,2063200,0.0,0.0
2014-04-30,27.19499969482422,27.39999961853028,26.77499961853028,27.225000381469727,23.30821228027344,2523600,0.0,0.0
2014-05-02,27.27499961853028,27.395000457763672,26.64999961853028,26.655000686645508,22.820213317871094,3098000,0.0,0.0
2014-05-05,26.84000015258789,26.90999984741211,26.325000762939453,26.36000061035156,22.56765556335449,2559000,0.0,0.0
2014-05-06,26.38500022888184,26.64999961853028,26.14999961853028,26.34000015258789,22.5505313873291,1905200,0.0,0.0
2014-05-07,26.31999969482422,26.450000762939453,26.18000030517578,26.420000076293945,22.6190242767334,1633200,0.0,0.0
2014-05-08,26.424999237060547,26.98500061035156,26.174999237060547,26.979999542236328,23.09846305847168,2870000,0.0,0.0
2014-05-09,26.70499992370605,27.05500030517578,26.565000534057617,27.020000457763672,23.13270378112793,1503400,0.0,0.0
2014-05-12,26.86000061035156,27.049999237060547,26.600000381469727,27.049999237060547,23.15838432312012,1199800,0.0,0.0
2014-05-13,27.045000076293945,27.350000381469727,26.959999084472656,27.0,23.115583419799805,2360200,0.0,0.0
2014-05-14,26.979999542236328,27.02499961853028,26.479999542236328,26.70499992370605,22.863025665283203,1519000,0.0,0.0
2014-05-15,26.84499931335449,26.940000534057617,26.39999961853028,26.450000762939453,22.64471244812012,1852800,0.0,0.0
2014-05-16,26.43000030517578,26.549999237060547,26.23500061035156,26.46500015258789,22.65755271911621,1367400,0.0,0.0
2014-05-19,26.479999542236328,26.575000762939453,26.049999237060547,26.299999237060547,22.516286849975582,2497600,0.0,0.0
2014-05-20,26.200000762939453,26.200000762939453,25.65999984741211,25.89999961853028,22.1738338470459,2503000,0.0,0.0
2014-05-21,25.795000076293945,25.89999961853028,25.5,25.549999237060547,21.874187469482425,2212800,0.0,0.0
2014-05-22,25.4950008392334,25.799999237060547,25.45499992370605,25.674999237060547,21.981210708618164,2546800,0.0,0.0
2014-05-23,25.665000915527344,26.21500015258789,25.56999969482422,26.200000762939453,22.43067741394043,635000,0.0,0.0
2014-05-26,26.0,26.03499984741211,25.7549991607666,25.84499931335449,22.126747131347656,2428600,0.0,0.0
2014-05-27,25.875,26.020000457763672,25.645000457763672,25.854999542236328,22.13530731201172,1156800,0.0,0.0
2014-05-28,25.9950008392334,26.100000381469727,25.76499938964844,26.059999465942383,22.31081962585449,2282200,0.0,0.0
2014-05-30,26.059999465942383,26.295000076293945,25.920000076293945,26.170000076293945,22.404993057250977,1346600,0.0,0.0
2014-06-02,26.43000030517578,26.64999961853028,26.280000686645508,26.5,22.68751335144043,2366400,0.0,0.0
2014-06-03,26.5,26.815000534057617,26.3700008392334,26.799999237060547,22.944355010986328,1628600,0.0,0.0
2014-06-04,26.895000457763672,26.96999931335449,26.21999931335449,26.375,22.58049964904785,1785600,0.0,0.0
2014-06-05,26.315000534057617,26.53499984741211,25.88500022888184,26.25,22.473482131958008,1476800,0.0,0.0
2014-06-06,26.795000076293945,26.9950008392334,26.30500030517578,26.325000762939453,22.53768920898437,2786800,0.0,0.0
2014-06-10,26.39999961853028,27.020000457763672,26.30500030517578,26.89999961853028,23.02996635437012,1884800,0.0,0.0
2014-06-11,27.020000457763672,27.475000381469727,27.0,27.239999771118164,23.32105255126953,1953200,0.0,0.0
2014-06-12,27.020000457763672,27.190000534057617,26.63500022888184,26.674999237060547,22.83734130859375,1581000,0.0,0.0
2014-06-13,26.70499992370605,27.13500022888184,26.56999969482422,27.100000381469727,23.20120048522949,2209000,0.0,0.0
2014-06-16,26.940000534057617,27.09000015258789,26.770000457763672,27.0,23.115583419799805,1205600,0.0,0.0
2014-06-17,27.184999465942383,27.184999465942383,26.700000762939453,27.06999969482422,23.175512313842773,1383400,0.0,0.0
2014-06-18,27.065000534057617,27.065000534057617,26.46500015258789,26.809999465942383,22.952919006347656,1158400,0.0,0.0
2014-06-19,26.98500061035156,26.989999771118164,26.25,26.34499931335449,22.554819107055664,1355400,0.0,0.0
2014-06-20,26.174999237060547,26.34499931335449,25.790000915527344,26.125,22.3664665222168,2231800,0.0,0.0
2014-06-23,26.21500015258789,26.21999931335449,25.559999465942383,25.68000030517578,21.98548698425293,2332800,0.0,0.0
2014-06-24,25.709999084472656,26.21999931335449,25.479999542236328,26.155000686645508,22.39215087890625,1779600,0.0,0.0
2014-06-25,26.040000915527344,26.155000686645508,25.4950008392334,25.549999237060547,21.874187469482425,2526400,0.0,0.0
2014-06-26,25.55500030517578,25.84000015258789,25.475000381469727,25.70499992370605,22.006895065307617,2957800,0.0,0.0
2014-06-27,25.98500061035156,26.725000381469727,25.98500061035156,26.325000762939453,22.53768920898437,4701000,0.0,0.0
2014-06-30,26.31999969482422,26.5049991607666,25.854999542236328,26.424999237060547,22.62330436706543,3508200,0.0,0.0
2014-07-01,26.700000762939453,27.125,26.315000534057617,27.0,23.115583419799805,6309800,0.0,0.0
2014-07-02,26.825000762939453,27.63999938964844,26.825000762939453,27.479999542236328,23.52652359008789,3291000,0.0,0.0
2014-07-03,27.670000076293945,27.68000030517578,27.145000457763672,27.045000076293945,23.15410804748535,3322400,0.0,0.0
2014-07-04,26.989999771118164,27.63500022888184,26.90999984741211,27.395000457763672,23.59645652770996,2492600,0.163558,0.0
2014-07-07,27.684999465942383,27.875,27.334999084472656,27.875,24.009897232055664,2284000,0.0,0.0
2014-07-08,27.950000762939453,28.25,27.604999542236328,27.924999237060547,24.052967071533203,1975200,0.0,0.0
2014-07-09,27.864999771118164,28.375,27.799999237060547,28.325000762939453,24.397506713867188,2419000,0.0,0.0
2014-07-10,28.31999969482422,28.5,28.165000915527344,28.315000534057617,24.388893127441406,2921400,0.0,0.0
2014-07-11,28.315000534057617,28.5,28.075000762939453,28.415000915527344,24.475027084350582,1763400,0.0,0.0
2014-07-14,28.26000022888184,28.559999465942383,28.1200008392334,28.315000534057617,24.388893127441406,1784000,0.0,0.0
2014-07-15,28.600000381469727,28.924999237060547,28.395000457763672,28.875,24.87124252319336,1980800,0.0,0.0
2014-07-16,28.905000686645508,29.06999969482422,28.299999237060547,28.450000762939453,24.50517463684082,3242800,0.0,0.0
2014-07-17,28.674999237060547,28.674999237060547,28.1200008392334,28.200000762939453,24.289833068847656,3775600,0.0,0.0
2014-07-18,28.030000686645508,28.475000381469727,27.834999084472656,28.03499984741211,24.14771842956543,3132400,0.0,0.0
2014-07-21,28.23500061035156,28.86000061035156,28.084999084472656,28.850000381469727,24.84971046447754,5339200,0.0,0.0
2014-07-22,29.145000457763672,29.190000534057617,27.61000061035156,28.030000686645508,24.143409729003903,2348400,0.0,0.0
2014-07-23,28.13999938964844,28.299999237060547,27.665000915527344,27.920000076293945,24.048660278320312,1964600,0.0,0.0
2014-07-24,28.0,28.540000915527344,28.0,28.3799991607666,24.44487762451172,2961000,0.0,0.0
2014-07-25,28.05500030517578,28.625,28.05500030517578,28.5,24.548236846923828,2961800,0.0,0.0
2014-07-28,28.61000061035156,28.75,28.30500030517578,28.5,24.548236846923828,1736000,0.0,0.0
2014-07-29,28.850000381469727,28.850000381469727,27.77499961853028,28.0,24.117570877075195,2911800,0.0,0.0
2014-07-30,27.600000381469727,28.290000915527344,27.55500030517578,28.0,24.117570877075195,2066400,0.0,0.0
2014-07-31,27.809999465942383,28.065000534057617,27.475000381469727,27.959999084472656,24.08311080932617,2019200,0.0,0.0
2014-08-01,28.209999084472656,28.3799991607666,27.7549991607666,28.125,24.22523498535156,1713600,0.0,0.0
2014-08-04,27.604999542236328,27.684999465942383,27.01499938964844,27.25,23.47156143188477,3355000,0.0,0.0
2014-08-05,27.25,27.51499938964844,26.8799991607666,27.02499961853028,23.27775955200196,2694800,0.0,0.0
2014-08-06,27.27499961853028,28.239999771118164,27.27499961853028,27.780000686645508,23.928071975708008,2510400,0.0,0.0
2014-08-07,27.915000915527344,27.979999542236328,26.940000534057617,27.38999938964844,23.592151641845703,2654000,0.0,0.0
2014-08-08,27.145000457763672,27.48500061035156,26.70499992370605,27.0,23.256227493286133,2468000,0.0,0.0
2014-08-11,26.854999542236328,27.334999084472656,26.71500015258789,27.03499984741211,23.286375045776367,2451400,0.0,0.0
2014-08-12,26.5049991607666,26.8700008392334,26.225000381469727,26.63500022888184,22.941837310791016,2074600,0.0,0.0
2014-08-13,26.450000762939453,26.625,25.98500061035156,26.325000762939453,22.674819946289062,2830200,0.0,0.0
2014-08-14,26.174999237060547,26.84499931335449,25.920000076293945,26.59000015258789,22.903076171875,2318200,0.0,0.0
2014-08-15,26.489999771118164,26.545000076293945,26.040000915527344,26.13500022888184,22.511171340942383,2313400,0.0,0.0
2014-08-18,26.200000762939453,26.895000457763672,25.96500015258789,26.69499969482422,22.99351501464844,2056400,0.0,0.0
2014-08-19,26.100000381469727,26.19499969482422,25.7450008392334,26.0,22.39488220214844,2343200,0.0,0.0
2014-08-20,25.76000022888184,26.049999237060547,25.5,25.905000686645508,22.31305694580078,4194600,0.0,0.0
2014-08-21,25.575000762939453,25.700000762939453,24.89999961853028,25.125,21.64121627807617,3983000,0.0,0.0
2014-08-22,25.040000915527344,25.239999771118164,24.38500022888184,24.895000457763672,21.443099975585938,4111800,0.0,0.0
2014-08-25,25.040000915527344,25.4950008392334,24.690000534057617,25.30500030517578,21.79624938964844,2132400,0.0,0.0
2014-08-26,26.5,27.23500061035156,26.06999969482422,26.7549991607666,23.04519844055176,5752200,0.0,0.0
2014-08-27,27.155000686645508,27.44499969482422,26.040000915527344,26.184999465942383,22.55423355102539,3215000,0.0,0.0
2014-08-28,26.59499931335449,26.69499969482422,25.80500030517578,26.354999542236328,22.700660705566406,2497400,0.0,0.0
2014-08-29,26.864999771118164,27.05500030517578,26.0049991607666,26.19499969482422,22.562849044799805,2028200,0.0,0.0
2014-09-01,25.424999237060547,25.424999237060547,25.424999237060547,25.424999237060547,21.89961242675781,1612400,0.0,0.0
2014-09-02,26.21500015258789,26.46999931335449,25.725000381469727,26.0,22.39488220214844,2375400,0.0,0.0
2014-09-03,25.905000686645508,26.299999237060547,25.64999961853028,25.75,22.179553985595703,2371600,0.0,0.0
2014-09-04,25.325000762939453,25.709999084472656,24.559999465942383,25.0,21.53354454040528,4244000,0.0,0.0
2014-09-05,24.52499961853028,25.14999961853028,24.32999992370605,24.76000022888184,21.32682228088379,4472600,0.0,0.0
2014-09-08,25.25,26.09499931335449,24.924999237060547,25.89999961853028,22.30874824523925,3163600,0.0,0.0
2014-09-09,25.86000061035156,25.86000061035156,25.0049991607666,25.2450008392334,21.744571685791016,1716800,0.0,0.0
2014-09-10,24.645000457763672,24.645000457763672,24.645000457763672,24.645000457763672,21.227767944335938,3946800,0.0,0.0
2014-09-11,24.559999465942383,24.950000762939453,24.350000381469727,24.934999465942383,21.47755622863769,2326800,0.0,0.0
2014-09-12,24.440000534057617,24.57999992370605,23.780000686645508,24.0,20.67220115661621,4002200,0.0,0.0
2014-09-15,24.145000457763672,25.450000762939453,23.725000381469727,24.875,21.42587852478028,3361200,0.0,0.0
2014-09-16,23.799999237060547,24.76499938964844,22.850000381469727,24.434999465942383,21.0468807220459,7537600,0.0,0.0
2014-09-17,24.434999465942383,25.84499931335449,24.434999465942383,25.725000381469727,22.15801429748535,3881400,0.0,0.0
2014-09-18,25.34000015258789,25.53499984741211,24.80500030517578,24.86000061035156,21.412954330444336,2812400,0.0,0.0
2014-09-19,25.13500022888184,25.64999961853028,24.96500015258789,25.584999084472656,22.03742408752441,2180800,0.0,0.0
2014-09-22,25.75,27.040000915527344,25.39999961853028,27.02499961853028,23.27775955200196,3694200,0.0,0.0
2014-09-23,26.86000061035156,26.86000061035156,25.75,26.350000381469727,22.69635772705078,2801600,0.0,0.0
2014-09-24,26.21999931335449,26.84499931335449,25.78499984741211,26.424999237060547,22.76095390319824,3272400,0.0,0.0
2014-09-25,26.14999961853028,26.76000022888184,25.834999084472656,26.665000915527344,22.967676162719727,3092600,0.0,0.0
2014-09-26,26.64999961853028,26.64999961853028,25.25,25.479999542236328,21.946983337402344,4190400,0.0,0.0
2014-09-29,25.61000061035156,25.75,25.040000915527344,25.69499969482422,22.13217544555664,2591200,0.0,0.0
2014-09-30,25.89999961853028,26.190000534057617,25.57999992370605,25.84499931335449,22.261377334594727,2999400,0.0,0.0
2014-10-01,25.575000762939453,26.100000381469727,25.450000762939453,25.89999961853028,22.30874824523925,2395800,0.0,0.0
2014-10-02,25.69499969482422,26.739999771118164,25.64999961853028,26.325000762939453,22.674819946289062,3199800,0.0,0.0
2014-10-03,26.14999961853028,26.690000534057617,25.8799991607666,26.0,22.39488220214844,3050400,0.0,0.0
2014-10-06,25.89999961853028,26.100000381469727,25.540000915527344,25.96500015258789,22.3647403717041,2629200,0.0,0.0
2014-10-07,25.96500015258789,26.280000686645508,25.65999984741211,26.049999237060547,22.437952041625977,1703400,0.0,0.0
2014-10-08,26.05500030517578,26.64999961853028,25.920000076293945,26.61000061035156,22.92030334472656,1965600,0.0,0.0
2014-10-09,26.434999465942383,27.450000762939453,26.295000076293945,27.0,23.256227493286133,3206200,0.0,0.0
2014-10-10,27.2549991607666,28.06999969482422,27.114999771118164,28.0,24.117570877075195,4608400,0.0,0.0
2014-10-13,28.415000915527344,28.450000762939453,26.975000381469727,27.0,23.256227493286133,3606000,0.0,0.0
2014-10-14,27.21999931335449,27.739999771118164,27.03499984741211,27.43000030517578,23.626598358154297,2930200,0.0,0.0
2014-10-15,27.5,27.61000061035156,26.915000915527344,27.13999938964844,23.37681770324707,2551600,0.0,0.0
2014-10-16,27.084999084472656,27.739999771118164,26.82999992370605,27.165000915527344,23.39834976196289,1543200,0.0,0.0
2014-10-17,27.114999771118164,27.63999938964844,27.114999771118164,27.434999465942383,23.63091087341309,1872000,0.0,0.0
2014-10-20,26.700000762939453,26.7549991607666,25.57999992370605,26.0,22.39488220214844,230181480,0.0,0.0
2014-10-21,26.0,26.25,25.55500030517578,25.780000686645508,22.20538711547852,100065294,0.0,0.0
2014-10-22,25.700000762939453,26.489999771118164,25.700000762939453,26.13500022888184,22.511171340942383,1993000,0.0,0.0
2014-10-23,26.395000457763672,26.395000457763672,25.36000061035156,25.725000381469727,22.15801429748535,1675400,0.0,0.0
2014-10-24,25.5,25.86000061035156,25.15999984741211,25.725000381469727,22.15801429748535,4228800,0.0,0.0
2014-10-27,25.739999771118164,25.825000762939453,24.75,24.950000762939453,21.490476608276367,1969000,0.0,0.0
2014-10-28,25.02499961853028,25.34000015258789,24.625,25.200000762939453,21.705808639526367,2195000,0.0,0.0
2014-10-29,25.209999084472656,25.26499938964844,24.63999938964844,24.7549991607666,21.32251167297364,3051200,0.0,0.0
2014-10-30,24.895000457763672,25.31999969482422,24.68000030517578,25.104999542236328,21.62398147583008,2701200,0.0,0.0
2014-10-31,25.0049991607666,25.280000686645508,24.315000534057617,24.625,21.21053695678711,3663800,0.0,0.0
2014-11-03,24.7549991607666,24.80500030517578,23.64999961853028,24.6200008392334,21.20623588562012,3120400,0.0,0.0
2014-11-04,23.979999542236328,25.020000457763672,23.799999237060547,24.51000022888184,21.11148834228516,4043200,0.0,0.0
2014-11-05,24.540000915527344,25.76000022888184,24.350000381469727,25.450000762939453,21.92114448547364,5150000,0.0,0.0
2014-11-06,25.63999938964844,25.63999938964844,25.065000534057617,25.26499938964844,21.76180076599121,1670200,0.0,0.0
2014-11-07,25.100000381469727,25.565000534057617,25.100000381469727,25.5,21.96421432495117,4275200,0.0,0.0
2014-11-10,25.350000381469727,26.0,25.100000381469727,25.799999237060547,22.22261619567871,2100400,0.0,0.0
2014-11-11,25.655000686645508,26.209999084472656,25.520000457763672,25.790000915527344,22.214000701904297,2694600,0.0,0.0
2014-11-12,26.0,26.15999984741211,25.424999237060547,25.614999771118164,22.063270568847656,1974000,0.0,0.0
2014-11-13,25.61000061035156,26.5049991607666,25.51499938964844,26.0,22.39488220214844,1907400,0.0,0.0
2014-11-14,26.19499969482422,26.19499969482422,25.549999237060547,25.604999542236328,22.05465507507324,3042800,0.0,0.0
2014-11-17,25.549999237060547,25.690000534057617,25.07999992370605,25.32999992370605,21.81778717041016,2635800,0.0,0.0
2014-11-18,24.825000762939453,25.125,24.6299991607666,24.655000686645508,21.236385345458984,2991600,0.0,0.0
2014-11-19,24.670000076293945,24.920000076293945,24.440000534057617,24.690000534057617,21.266530990600582,4890400,0.0,0.0
2014-11-20,24.875,25.75,24.77499961853028,25.36000061035156,21.843629837036133,4257600,0.0,0.0
2014-11-21,25.325000762939453,25.57999992370605,24.88999938964844,25.100000381469727,21.619678497314453,1730600,0.0,0.0
2014-11-24,24.89999961853028,25.045000076293945,24.45499992370605,24.795000076293945,21.35696792602539,2670800,0.0,0.0
2014-11-25,24.51000022888184,24.75,24.26499938964844,24.31999969482422,20.94783401489257,1963000,0.0,0.0
2014-11-26,24.559999465942383,24.90999984741211,24.31999969482422,24.55500030517578,21.150245666503903,2203400,0.0,0.0
2014-11-27,24.59499931335449,24.940000534057617,24.424999237060547,24.7549991607666,21.32251167297364,1668800,0.0,0.0
2014-11-28,24.770000457763672,25.19499969482422,24.71500015258789,24.82999992370605,21.38711166381836,2600200,0.0,0.0
2014-12-01,24.84000015258789,25.684999465942383,24.670000076293945,25.174999237060547,21.68427848815918,2013400,0.0,0.0
2014-12-02,25.1299991607666,25.38999938964844,24.530000686645508,25.0,21.53354454040528,1595200,0.0,0.0
2014-12-03,25.299999237060547,25.459999084472656,25.100000381469727,25.364999771118164,21.84793472290039,2205800,0.0,0.0
2014-12-04,25.5,26.415000915527344,25.325000762939453,26.114999771118164,22.49393844604492,3175200,0.0,0.0
2014-12-05,26.405000686645508,26.89999961853028,25.76000022888184,26.23500061035156,22.597301483154297,2518200,0.0,0.0
2014-12-08,26.25,26.57999992370605,26.11000061035156,26.21999931335449,22.584379196166992,2065200,0.0,0.0
2014-12-09,26.05500030517578,26.44499969482422,25.895000457763672,25.9950008392334,22.390575408935547,1800000,0.0,0.0
2014-12-10,25.96500015258789,26.38999938964844,25.325000762939453,26.2549991607666,22.6145248413086,2748200,0.0,0.0
2014-12-11,25.88500022888184,26.280000686645508,25.40999984741211,26.030000686645508,22.42072486877441,2744000,0.0,0.0
2014-12-12,26.02499961853028,26.4950008392334,25.709999084472656,26.27499961853028,22.63175392150879,2366800,0.0,0.0
2014-12-15,25.864999771118164,26.665000915527344,25.864999771118164,26.459999084472656,22.79110145568848,3658200,0.0,0.0
2014-12-16,26.5049991607666,27.354999542236328,26.309999465942383,27.229999542236328,23.45433235168457,2528000,0.0,0.0
2014-12-17,27.39999961853028,27.549999237060547,26.8799991607666,27.27499961853028,23.493099212646484,3215600,0.0,0.0
2014-12-18,27.23500061035156,27.61000061035156,26.790000915527344,27.290000915527344,23.50601959228516,4985400,0.0,0.0
2014-12-19,27.02499961853028,27.950000762939453,27.02499961853028,27.950000762939453,24.074499130249023,3049800,0.0,0.0
2014-12-22,27.950000762939453,28.15999984741211,27.299999237060547,28.0049991607666,24.12187385559082,4375200,0.0,0.0
2014-12-23,28.0,28.84499931335449,27.545000076293945,28.229999542236328,24.31567573547364,4215400,0.0,0.0
2014-12-29,28.059999465942383,28.239999771118164,27.86000061035156,28.075000762939453,24.18216896057129,3614200,0.0,0.0
2014-12-30,27.905000686645508,27.98500061035156,27.26499938964844,27.825000762939453,23.966835021972656,2419600,0.0,0.0
2015-01-02,27.989999771118164,28.625,27.8799991607666,28.479999542236328,24.53100776672364,3896600,0.0,0.0
2015-01-05,28.489999771118164,29.0,28.3799991607666,28.950000762939453,24.93584632873535,3742200,0.0,0.0
2015-01-06,28.825000762939453,29.415000915527344,28.70499992370605,28.975000381469727,24.95737648010254,3481800,0.0,0.0
2015-01-07,29.0,29.045000076293945,28.5,29.01499938964844,24.991830825805664,2741200,0.0,0.0
2015-01-08,29.0,29.200000762939453,28.350000381469727,28.52499961853028,24.56977272033692,3129200,0.0,0.0
2015-01-09,28.170000076293945,29.11000061035156,28.170000076293945,28.69499969482422,24.716203689575195,2013800,0.0,0.0
2015-01-12,28.81999969482422,29.21500015258789,28.450000762939453,28.989999771118164,24.97029495239257,2882400,0.0,0.0
2015-01-13,28.989999771118164,29.5,28.459999084472656,29.19499969482422,25.146873474121094,3008000,0.0,0.0
2015-01-14,29.950000762939453,29.989999771118164,28.7549991607666,29.61000061035156,25.50432586669922,4278600,0.0,0.0
2015-01-15,29.575000762939453,30.5,29.32999992370605,29.7450008392334,25.62061309814453,3687800,0.0,0.0
2015-01-16,29.540000915527344,29.725000381469727,29.209999084472656,29.4950008392334,25.40527534484864,2058600,0.0,0.0
2015-01-19,29.530000686645508,30.084999084472656,29.5049991607666,30.065000534057617,25.896240234375,3111400,0.0,0.0
2015-01-20,29.799999237060547,29.799999237060547,29.125,29.44499969482422,25.36220359802246,2913400,0.0,0.0
2015-01-21,29.32999992370605,29.405000686645508,28.875,29.239999771118164,25.326311111450195,3206400,0.163558,0.0
2015-01-22,29.239999771118164,29.51000022888184,29.0,29.100000381469727,25.205053329467773,4558600,0.0,0.0
2015-01-23,29.415000915527344,29.415000915527344,28.5049991607666,28.600000381469727,24.771976470947266,3334400,0.0,0.0
2015-01-26,28.5,28.71500015258789,28.174999237060547,28.3799991607666,24.581418991088867,3183600,0.0,0.0
2015-01-27,28.299999237060547,28.73500061035156,28.25,28.73500061035156,24.88890266418457,4501400,0.0,0.0
2015-01-28,29.0,29.354999542236328,28.799999237060547,29.299999237060547,25.378278732299805,4881600,0.0,0.0
2015-01-29,28.549999237060547,29.05500030517578,28.475000381469727,29.0,25.118432998657227,3332600,0.0,0.0
2015-01-30,29.200000762939453,29.549999237060547,29.13500022888184,29.549999237060547,25.59481811523437,4305200,0.0,0.0
2015-02-02,29.5,30.28499984741211,29.309999465942383,29.93000030517578,25.92395782470703,3713400,0.0,0.0
2015-02-03,29.795000076293945,30.895000457763672,29.709999084472656,30.7450008392334,26.629871368408203,5094600,0.0,0.0
2015-02-04,30.690000534057617,30.76499938964844,30.25,30.69499969482422,26.58656311035156,6795000,0.0,0.0
2015-02-05,30.89999961853028,31.20499992370605,30.70499992370605,31.01000022888184,26.85940361022949,6973000,0.0,0.0
2015-02-06,31.20499992370605,31.299999237060547,30.52499961853028,31.0,26.850744247436523,3410400,0.0,0.0
2015-02-09,31.01499938964844,31.270000457763672,30.475000381469727,31.09499931335449,26.93302726745605,4620200,0.0,0.0
2015-02-10,31.14999961853028,31.489999771118164,30.950000762939453,31.424999237060547,27.21885681152344,6860200,0.0,0.0
2015-02-11,31.11000061035156,31.239999771118164,30.770000457763672,30.93000030517578,26.79011344909668,4262000,0.0,0.0
2015-02-12,30.82999992370605,31.299999237060547,30.795000076293945,31.14999961853028,26.980663299560547,5331000,0.0,0.0
2015-02-13,31.395000457763672,32.349998474121094,31.31999969482422,32.06999969482422,27.777523040771484,3050000,0.0,0.0
2015-02-16,32.099998474121094,32.494998931884766,31.729999542236328,32.474998474121094,28.12831687927246,4810200,0.0,0.0
2015-02-17,32.70000076293945,33.36000061035156,32.505001068115234,33.334999084472656,28.873205184936523,3616000,0.0,0.0
2015-02-18,33.22999954223633,33.5,32.23500061035156,32.849998474121094,28.453123092651367,4107600,0.0,0.0
2015-02-19,32.904998779296875,33.36000061035156,32.29999923706055,33.209999084472656,28.76493263244629,2342400,0.0,0.0
2015-02-20,33.29999923706055,33.32500076293945,32.6349983215332,32.724998474121094,28.34485244750977,2845800,0.0,0.0
2015-02-23,33.20000076293945,33.3849983215332,32.69499969482422,33.099998474121094,28.66966438293457,2465200,0.0,0.0
2015-02-24,32.93000030517578,33.41999816894531,32.91999816894531,33.1349983215332,28.69997215270996,3112600,0.0,0.0
2015-02-25,32.974998474121094,33.18000030517578,32.849998474121094,32.875,28.47477531433105,3492000,0.0,0.0
2015-02-26,32.61000061035156,33.290000915527344,32.58000183105469,33.290000915527344,28.834232330322266,2573000,0.0,0.0
2015-02-27,33.29999923706055,33.35499954223633,32.880001068115234,33.2400016784668,28.790924072265625,2964000,0.0,0.0
2015-03-02,33.474998474121094,33.849998474121094,33.25,33.66999816894531,29.163373947143555,3972000,0.0,0.0
2015-03-03,33.564998626708984,33.73500061035156,33.17499923706055,33.48500061035156,29.003129959106445,3251200,0.0,0.0
2015-03-04,32.89500045776367,33.150001525878906,32.68000030517578,33.005001068115234,28.587371826171875,3780600,0.0,0.0
2015-03-05,32.849998474121094,33.22999954223633,32.58000183105469,32.8849983215332,28.483436584472656,3363000,0.0,0.0
2015-03-06,33.005001068115234,33.400001525878906,32.8849983215332,33.36000061035156,28.894865036010746,3598800,0.0,0.0
2015-03-09,33.19499969482422,34.04999923706055,33.099998474121094,33.90999984741211,29.371246337890625,4016200,0.0,0.0
2015-03-10,34.0,34.17499923706055,33.4900016784668,34.119998931884766,29.55313301086425,2295200,0.0,0.0
2015-03-11,34.244998931884766,34.31999969482422,33.42499923706055,33.42499923706055,28.95116233825684,2900600,0.0,0.0
2015-03-12,33.790000915527344,33.994998931884766,33.22999954223633,33.3650016784668,28.899194717407227,3544600,0.0,0.0
2015-03-13,33.08000183105469,34.0,32.93000030517578,34.0,29.449195861816406,3890200,0.0,0.0
2015-03-16,33.540000915527344,34.67499923706055,33.52000045776367,34.67499923706055,30.03385162353516,5356400,0.0,0.0
2015-03-17,34.75,35.595001220703125,34.595001220703125,35.0,30.31534767150879,3334000,0.0,0.0
2015-03-18,34.76499938964844,35.185001373291016,34.689998626708984,35.099998474121094,30.401966094970703,2701200,0.0,0.0
2015-03-19,34.84000015258789,35.625,34.755001068115234,35.625,30.856693267822266,2984400,0.0,0.0
2015-03-20,36.59999847412109,36.66999816894531,34.95000076293945,34.970001220703125,30.289369583129883,3291000,0.0,0.0
2015-03-23,35.48500061035156,36.40999984741211,35.084999084472656,35.810001373291016,31.01693725585937,7224400,0.0,0.0
2015-03-24,35.959999084472656,36.29499816894531,35.349998474121094,35.5,30.74842834472656,3363600,0.0,0.0
2015-03-25,35.650001525878906,36.025001525878906,35.42499923706055,35.79999923706055,31.008272171020508,3248400,0.0,0.0
2015-03-26,35.724998474121094,36.025001525878906,35.21500015258789,35.88999938964844,31.086227416992188,3009800,0.0,0.0
2015-03-27,35.89500045776367,36.22999954223633,35.69499969482422,36.13999938964844,31.302770614624023,5686000,0.0,0.0
2015-03-30,35.970001220703125,36.92499923706055,35.970001220703125,36.79999923706055,31.874425888061523,5100200,0.0,0.0
2015-03-31,36.810001373291016,37.185001373291016,36.22499847412109,36.290000915527344,31.432689666748047,3322200,0.0,0.0
2015-04-01,36.47999954223633,36.47999954223633,35.79999923706055,36.16999816894531,31.328754425048828,2495200,0.0,0.0
2015-04-07,36.150001525878906,36.29499816894531,35.650001525878906,36.07500076293945,31.24646759033203,2485200,0.0,0.0
2015-04-08,35.95000076293945,36.7400016784668,35.83000183105469,36.720001220703125,31.805145263671875,1721800,0.0,0.0
2015-04-09,36.540000915527344,36.54999923706055,35.60499954223633,36.29499816894531,31.437021255493164,3061000,0.0,0.0
2015-04-10,36.15499877929688,36.15499877929688,35.404998779296875,35.63999938964844,30.86968994140625,1431800,0.0,0.0
2015-04-13,35.6150016784668,35.75,35.154998779296875,35.505001068115234,30.75275421142578,2672000,0.0,0.0
2015-04-14,35.5,35.595001220703125,34.51499938964844,35.04999923706055,30.3586654663086,3133200,0.0,0.0
2015-04-15,34.79999923706055,35.06999969482422,34.689998626708984,34.89500045776367,30.22440719604492,3428200,0.0,0.0
2015-04-16,34.7400016784668,35.220001220703125,34.29999923706055,34.40999984741211,29.804317474365234,4897200,0.0,0.0
2015-04-17,34.41999816894531,34.93000030517578,34.20500183105469,34.75,30.098817825317383,1730200,0.0,0.0
2015-04-20,34.84000015258789,35.19499969482422,34.689998626708984,35.13999938964844,30.43660926818848,2067200,0.0,0.0
2015-04-21,34.95500183105469,35.32500076293945,34.53499984741211,34.79999923706055,30.142126083374023,2754400,0.0,0.0
2015-04-22,34.380001068115234,35.0099983215332,34.290000915527344,34.79999923706055,30.142126083374023,1983800,0.0,0.0
2015-04-23,34.88999938964844,35.0,34.375,34.525001525878906,29.9039306640625,2737600,0.0,0.0
2015-04-24,34.369998931884766,34.5,33.86000061035156,34.349998474121094,29.75234603881836,3887000,0.0,0.0
2015-04-27,34.7400016784668,34.994998931884766,34.03499984741211,34.099998474121094,29.535808563232425,4035800,0.0,0.0
2015-04-28,34.29999923706055,34.55500030517578,33.935001373291016,34.04499816894531,29.488170623779297,2294800,0.0,0.0
2015-04-29,34.025001525878906,34.25,33.665000915527344,34.150001525878906,29.5791244506836,1498600,0.0,0.0
2015-04-30,33.93000030517578,34.30500030517578,33.5099983215332,34.0,29.449195861816406,1846400,0.0,0.0
2015-05-04,34.29999923706055,34.55500030517578,34.119998931884766,34.39500045776367,29.79132843017578,2788800,0.0,0.0
2015-05-05,34.19499969482422,34.584999084472656,33.915000915527344,34.349998474121094,29.75234603881836,2407800,0.0,0.0
2015-05-06,34.5,34.70000076293945,34.165000915527344,34.3650016784668,29.765352249145508,3482800,0.0,0.0
2015-05-07,34.224998474121094,34.595001220703125,33.939998626708984,33.939998626708984,29.397226333618164,2267800,0.0,0.0
2015-05-08,34.2599983215332,34.47999954223633,33.810001373291016,33.810001373291016,29.28462600708008,1996600,0.0,0.0
2015-05-11,34.1349983215332,34.2400016784668,33.70000076293945,33.70000076293945,29.189353942871094,1535000,0.0,0.0
2015-05-12,33.779998779296875,34.040000915527344,33.43000030517578,33.45500183105469,28.977149963378903,2150000,0.0,0.0
2015-05-13,33.5,33.64500045776367,33.119998931884766,33.39500045776367,28.92517852783203,3974000,0.0,0.0
2015-05-15,33.48500061035156,33.720001220703125,33.025001525878906,33.09000015258789,28.661001205444336,2872200,0.0,0.0
2015-05-18,32.79999923706055,33.20000076293945,32.439998626708984,32.88999938964844,28.48776626586914,1498200,0.0,0.0
2015-05-19,32.88999938964844,33.189998626708984,32.654998779296875,32.88999938964844,28.48776626586914,3116000,0.0,0.0
2015-05-20,32.79999923706055,33.099998474121094,32.005001068115234,32.57500076293945,28.21493148803711,3653200,0.0,0.0
2015-05-21,32.779998779296875,32.96500015258789,32.439998626708984,32.96500015258789,28.55273056030273,2532200,0.0,0.0
2015-05-22,32.71500015258789,32.93000030517578,32.3849983215332,32.73500061035156,28.353515625,984200,0.0,0.0
2015-05-26,32.52000045776367,33.06999969482422,32.32500076293945,33.0,28.58304786682129,3845000,0.0,0.0
2015-05-27,32.75,33.0,32.21500015258789,32.9900016784668,28.574386596679688,2623800,0.0,0.0
2015-05-28,32.869998931884766,33.04499816894531,32.5,32.5099983215332,28.158632278442383,2636400,0.0,0.0
2015-05-29,32.76499938964844,33.474998474121094,32.619998931884766,33.3849983215332,28.9165096282959,2989400,0.0,0.0
2015-06-01,33.65999984741211,33.775001525878906,33.150001525878906,33.55500030517578,29.06376266479492,1818600,0.0,0.0
2015-06-02,33.415000915527344,33.94499969482422,33.2400016784668,33.89500045776367,29.35825729370117,1369600,0.0,0.0
2015-06-03,33.709999084472656,34.25,33.584999084472656,34.25,29.665735244750977,3427800,0.0,0.0
2015-06-04,34.5,34.560001373291016,33.685001373291016,34.099998474121094,29.535808563232425,1929200,0.0,0.0
2015-06-05,34.14500045776367,34.19499969482422,33.41999816894531,33.64500045776367,29.141721725463867,1555200,0.0,0.0
2015-06-08,33.6349983215332,33.95500183105469,33.349998474121094,33.5,29.0161190032959,1336800,0.0,0.0
2015-06-09,33.560001373291016,34.06999969482422,33.45500183105469,33.54999923706055,29.05943298339844,1635400,0.0,0.0
2015-06-10,33.474998474121094,34.25,33.42499923706055,34.18000030517578,29.6051025390625,2523600,0.0,0.0
2015-06-11,34.25,34.345001220703125,33.34000015258789,33.45000076293945,28.972814559936523,2652800,0.0,0.0
2015-06-12,33.98500061035156,33.98500061035156,33.185001373291016,33.8650016784668,29.33226776123047,1817200,0.0,0.0
2015-06-15,33.5,33.744998931884766,33.084999084472656,33.29999923706055,28.842891693115234,3452600,0.0,0.0
2015-06-16,33.51499938964844,33.869998931884766,33.099998474121094,33.2400016784668,28.790924072265625,3329400,0.0,0.0
2015-06-17,33.025001525878906,34.060001373291016,33.025001525878906,33.92499923706055,29.384233474731445,2084400,0.0,0.0
2015-06-18,33.959999084472656,34.54999923706055,33.70000076293945,34.5099983215332,29.890932083129883,2566400,0.0,0.0
2015-06-19,34.39500045776367,35.58000183105469,34.38999938964844,35.13999938964844,30.43660926818848,4009400,0.0,0.0
2015-06-22,34.849998474121094,35.51499938964844,34.51499938964844,34.69499969482422,30.051177978515625,1969800,0.0,0.0
2015-06-23,34.625,35.310001373291016,34.61000061035156,35.244998931884766,30.527557373046875,2458000,0.0,0.0
2015-06-24,35.744998931884766,35.755001068115234,35.21500015258789,35.21500015258789,30.501569747924805,1541000,0.0,0.0
2015-06-25,35.19499969482422,35.720001220703125,34.57500076293945,34.994998931884766,30.311023712158203,2354400,0.0,0.0
2015-06-26,34.61000061035156,34.64500045776367,32.77000045776367,33.130001068115234,28.69564819335937,3649000,0.0,0.0
2015-06-29,33.48500061035156,33.79999923706055,33.099998474121094,33.349998474121094,28.886199951171875,2731400,0.0,0.0
2015-06-30,33.345001220703125,33.79499816894531,32.689998626708984,33.625,29.124391555786133,3266800,0.0,0.0
2015-07-01,33.025001525878906,33.94499969482422,32.689998626708984,33.88999938964844,29.353923797607425,4448600,0.0,0.0
2015-07-02,33.28499984741211,33.41999816894531,32.869998931884766,32.915000915527344,28.665302276611328,2559200,0.18429,0.0
2015-07-03,33.2400016784668,33.404998779296875,32.654998779296875,32.685001373291016,28.46500015258789,1787000,0.0,0.0
2015-07-06,32.720001220703125,33.060001373291016,32.40999984741211,32.560001373291016,28.35614013671875,1684200,0.0,0.0
2015-07-07,32.45000076293945,32.54999923706055,31.89999961853028,31.959999084472656,27.83360481262207,9310800,0.0,0.0
2015-07-08,31.700000762939453,31.950000762939453,31.325000762939453,31.895000457763672,27.776996612548828,2577600,0.0,0.0
2015-07-09,31.39999961853028,31.709999084472656,31.2450008392334,31.59000015258789,27.511377334594727,2764400,0.0,0.0
2015-07-10,31.4950008392334,31.51499938964844,30.540000915527344,30.70499992370605,26.740636825561523,3561600,0.0,0.0
2015-07-13,29.25,30.63999938964844,29.0,30.2549991607666,26.34873962402344,4948600,0.0,0.0
2015-07-14,30.84499931335449,30.84499931335449,29.924999237060547,30.0,26.12666130065918,2797800,0.0,0.0
2015-07-15,30.354999542236328,31.225000381469727,30.21999931335449,31.225000381469727,27.19350242614746,5394000,0.0,0.0
2015-07-16,31.51499938964844,32.349998474121094,31.38999938964844,32.349998474121094,28.17325019836425,4147400,0.0,0.0
2015-07-17,31.950000762939453,32.099998474121094,31.31999969482422,32.01499938964844,27.88150215148925,3233600,0.0,0.0
2015-07-20,31.45499992370605,32.0,30.81999969482422,31.73500061035156,27.63765335083008,5297800,0.0,0.0
2015-07-21,30.864999771118164,31.63500022888184,30.770000457763672,31.395000457763672,27.341550827026367,5133800,0.0,0.0
2015-07-22,31.395000457763672,31.940000534057617,31.38500022888184,31.940000534057617,27.81618881225586,3175000,0.0,0.0
2015-07-23,32.150001525878906,32.71500015258789,31.90999984741211,32.459999084472656,28.26905059814453,4194600,0.0,0.0
2015-07-24,32.27000045776367,32.48500061035156,31.850000381469727,32.474998474121094,28.2821102142334,3910800,0.0,0.0
2015-07-27,32.375,32.83000183105469,32.04499816894531,32.44499969482422,28.255983352661133,2560000,0.0,0.0
2015-07-28,32.66999816894531,33.029998779296875,31.81999969482422,31.850000381469727,27.7378044128418,3159600,0.0,0.0
2015-07-29,31.25,31.989999771118164,31.229999542236328,31.924999237060547,27.803119659423828,2424600,0.0,0.0
2015-07-30,31.94499969482422,32.28499984741211,31.63999938964844,32.04499816894531,27.907629013061523,2864200,0.0,0.0
2015-07-31,32.07500076293945,33.20000076293945,32.0,33.07500076293945,28.80464553833008,3233400,0.0,0.0
2015-08-03,32.900001525878906,32.9900016784668,32.4900016784668,32.91999816894531,28.66965675354004,1840200,0.0,0.0
2015-08-04,33.23500061035156,33.63999938964844,32.91999816894531,33.57500076293945,29.240089416503903,2873400,0.0,0.0
2015-08-05,33.130001068115234,34.220001220703125,32.9900016784668,33.59000015258789,29.253150939941406,2848000,0.0,0.0
2015-08-06,33.25,33.474998474121094,32.79999923706055,32.900001525878906,28.652238845825195,3020000,0.0,0.0
2015-08-07,32.75,33.119998931884766,32.599998474121094,32.915000915527344,28.665302276611328,1747600,0.0,0.0
2015-08-10,32.584999084472656,33.19499969482422,32.28499984741211,33.14500045776367,28.865612030029297,2216200,0.0,0.0
2015-08-11,33.119998931884766,33.25,32.29999923706055,32.29999923706055,28.12970352172852,2344600,0.0,0.0
2015-08-12,31.55500030517578,32.2400016784668,31.450000762939453,32.05500030517578,27.916337966918945,3120000,0.0,0.0
2015-08-13,32.375,32.599998474121094,31.934999465942383,32.04999923706055,27.9119815826416,2596400,0.0,0.0
2015-08-14,31.76000022888184,32.29999923706055,31.55500030517578,31.8799991607666,27.763935089111328,2691200,0.0,0.0
2015-08-17,31.8799991607666,32.099998474121094,31.489999771118164,31.625,27.541852951049805,4677600,0.0,0.0
2015-08-18,32.34000015258789,33.400001525878906,32.0,33.400001525878906,29.08768653869629,3612600,0.0,0.0
2015-08-19,33.73500061035156,33.96500015258789,33.0099983215332,33.724998474121094,29.370723724365234,4131800,0.0,0.0
2015-08-20,33.7400016784668,34.6150016784668,33.27000045776367,34.6150016784668,30.14581680297852,3158600,0.0,0.0
2015-08-21,35.14500045776367,35.17499923706055,34.150001525878906,34.5,30.045663833618164,3522200,0.0,0.0
2015-08-24,34.25,34.810001373291016,34.095001220703125,34.375,29.936803817749023,2762400,0.0,0.0
2015-08-25,34.61000061035156,34.97999954223633,33.80500030517578,34.42499923706055,29.980348587036133,3908200,0.0,0.0
2015-08-26,34.48500061035156,34.94499969482422,34.25,34.35499954223633,29.91938209533692,2696000,0.0,0.0
2015-08-27,34.875,34.875,34.209999084472656,34.40999984741211,29.96727561950684,2519000,0.0,0.0
2015-08-28,34.44499969482422,34.599998474121094,33.625,34.0,29.61021614074707,3737000,0.0,0.0
2015-08-31,33.775001525878906,34.525001525878906,33.32500076293945,33.630001068115234,29.287986755371094,7733000,0.0,0.0
2015-09-01,33.939998626708984,33.9900016784668,33.03499984741211,33.25,28.95705223083496,3543800,0.0,0.0
2015-09-02,33.25,34.20500183105469,33.040000915527344,33.97999954223633,29.592798233032227,2762000,0.0,0.0
2015-09-03,33.97999954223633,34.25,33.3849983215332,34.25,29.827939987182617,1871400,0.0,0.0
2015-09-04,34.125,34.404998779296875,33.80500030517578,34.375,29.936803817749023,2061200,0.0,0.0
2015-09-07,34.345001220703125,34.5,34.005001068115234,34.5,30.045663833618164,2970600,0.0,0.0
2015-09-08,34.54499816894531,35.0,34.349998474121094,34.94499969482422,30.433210372924805,2636200,0.0,0.0
2015-09-09,34.974998474121094,35.474998474121094,34.650001525878906,34.775001525878906,30.28515243530273,3077600,0.0,0.0
2015-09-10,34.64500045776367,35.05500030517578,34.51499938964844,34.599998474121094,30.132747650146484,2220600,0.0,0.0
2015-09-11,34.459999084472656,34.900001525878906,34.310001373291016,34.834999084472656,30.33740425109864,2318000,0.0,0.0
2015-09-14,34.459999084472656,34.4900016784668,34.375,34.44499969482422,29.99776077270508,195000,0.0,0.0
2015-09-15,33.32500076293945,34.17499923706055,33.32500076293945,33.525001525878906,29.19654655456543,1990600,0.0,0.0
2015-09-16,33.36000061035156,33.94499969482422,33.189998626708984,33.5,29.174768447875977,3095200,0.0,0.0
2015-09-17,33.790000915527344,34.81999969482422,33.790000915527344,34.720001220703125,30.23725891113281,5422800,0.0,0.0
2015-09-18,34.849998474121094,35.650001525878906,34.28499984741211,34.665000915527344,30.18936347961425,3248800,0.0,0.0
2015-09-21,34.65999984741211,35.244998931884766,33.95000076293945,34.17499923706055,29.762615203857425,3036400,0.0,0.0
2015-09-22,34.01499938964844,34.16999816894531,32.91999816894531,33.55500030517578,29.22267341613769,6928200,0.0,0.0
2015-09-23,33.494998931884766,34.0099983215332,33.29999923706055,33.67499923706055,29.32717514038086,2075400,0.0,0.0
2015-09-24,33.439998626708984,33.595001220703125,32.95000076293945,33.560001373291016,29.227025985717773,2461800,0.0,0.0
2015-09-25,33.525001525878906,34.345001220703125,33.40999984741211,34.150001525878906,29.74085235595703,4039400,0.0,0.0
2015-09-28,34.05500030517578,34.5,33.64500045776367,33.880001068115234,29.505708694458008,3703800,0.0,0.0
2015-09-29,33.64500045776367,33.92499923706055,33.209999084472656,33.77000045776367,29.409915924072266,3182000,0.0,0.0
2015-09-30,33.8849983215332,34.189998626708984,33.625,34.04999923706055,29.65376091003418,2556600,0.0,0.0
2015-10-01,34.345001220703125,34.5,34.0099983215332,34.1349983215332,29.7277889251709,2625000,0.0,0.0
2015-10-02,34.25,34.54999923706055,33.994998931884766,34.400001525878906,29.958574295043945,3179400,0.0,0.0
2015-10-05,34.599998474121094,34.76499938964844,34.19499969482422,34.5,30.045663833618164,2520800,0.0,0.0
2015-10-06,34.720001220703125,34.79999923706055,33.95500183105469,34.005001068115234,29.61457061767578,2718400,0.0,0.0
2015-10-07,33.77000045776367,34.0,33.39500045776367,33.939998626708984,29.55795860290528,3425200,0.0,0.0
2015-10-08,33.400001525878906,33.52000045776367,32.505001068115234,32.79999923706055,28.565147399902344,4072000,0.0,0.0
2015-10-09,32.82500076293945,33.599998474121094,32.6349983215332,33.584999084472656,29.248798370361328,2276000,0.0,0.0
2015-10-12,33.314998626708984,33.345001220703125,32.27000045776367,32.5,28.30388259887696,3045600,0.0,0.0
2015-10-13,32.09000015258789,32.665000915527344,31.364999771118164,31.364999771118164,27.31542587280273,8586400,0.0,0.0
2015-10-14,31.63999938964844,31.920000076293945,31.415000915527344,31.920000076293945,27.79876518249512,4447600,0.0,0.0
2015-10-15,31.700000762939453,32.369998931884766,31.520000457763672,31.799999237060547,27.694259643554688,4505800,0.0,0.0
2015-10-16,32.89500045776367,32.89500045776367,32.06999969482422,32.66999816894531,28.45193099975586,3222600,0.0,0.0
2015-10-19,32.474998474121094,32.494998931884766,31.434999465942383,32.02000045776367,27.88585662841797,3334000,0.0,0.0
2015-10-20,32.02000045776367,32.310001373291016,31.46999931335449,31.475000381469727,27.411222457885746,3267400,0.0,0.0
2015-10-21,31.475000381469727,31.68000030517578,31.100000381469727,31.31999969482422,27.276233673095703,2369400,0.0,0.0
2015-10-22,31.7450008392334,32.650001525878906,31.700000762939453,32.5,28.30388259887696,4139000,0.0,0.0
2015-10-23,32.72999954223633,33.099998474121094,31.299999237060547,32.04999923706055,27.9119815826416,3784800,0.0,0.0
2015-10-26,31.604999542236328,32.38999938964844,31.520000457763672,31.815000534057617,27.707324981689453,2446000,0.0,0.0
2015-10-27,31.625,31.71999931335449,31.084999084472656,31.11000061035156,27.09334754943848,2026600,0.0,0.0
2015-10-28,31.489999771118164,31.489999771118164,31.065000534057617,31.229999542236328,27.19785499572754,4035600,0.0,0.0
2015-10-29,31.01000022888184,31.350000381469727,30.584999084472656,31.325000762939453,27.280590057373047,2432800,0.0,0.0
2015-10-30,31.934999465942383,32.525001525878906,31.114999771118164,31.280000686645508,27.24140357971192,3140000,0.0,0.0
2015-11-02,30.77499961853028,31.25,30.424999237060547,31.049999237060547,27.041093826293945,3459600,0.0,0.0
2015-11-03,31.09000015258789,31.625,30.875,31.030000686645508,27.02367782592773,2707600,0.0,0.0
2015-11-04,31.19499969482422,31.38500022888184,30.71500015258789,30.89999961853028,26.910459518432617,3139200,0.0,0.0
2015-11-05,31.13500022888184,31.575000762939453,30.93000030517578,31.575000762939453,27.4983139038086,1580000,0.0,0.0
2015-11-06,31.4950008392334,31.625,31.125,31.565000534057617,27.48960304260254,1315600,0.0,0.0
2015-11-09,31.75,31.940000534057617,30.88999938964844,31.02499961853028,27.01932144165039,1788600,0.0,0.0
2015-11-10,30.89999961853028,31.045000076293945,30.225000381469727,30.225000381469727,26.32261276245117,3557400,0.0,0.0
2015-11-11,29.420000076293945,29.924999237060547,28.61000061035156,28.75,25.03805351257324,4129400,0.0,0.0
2015-11-12,28.924999237060547,29.5,28.75,29.40999984741211,25.612838745117188,2680400,0.0,0.0
2015-11-13,28.84000015258789,29.489999771118164,28.78499984741211,29.200000762939453,25.42995262145996,2004600,0.0,0.0
2015-11-16,28.674999237060547,28.799999237060547,28.02499961853028,28.02499961853028,24.406658172607425,3137200,0.0,0.0
2015-11-17,28.13999938964844,28.795000076293945,28.02499961853028,28.475000381469727,24.79855728149414,4122200,0.0,0.0
2015-11-18,28.5,29.020000457763672,27.684999465942383,27.725000381469727,24.14539337158203,2931800,0.0,0.0
2015-11-19,27.604999542236328,28.2450008392334,27.34499931335449,27.920000076293945,24.31521415710449,2863200,0.0,0.0
2015-11-20,28.114999771118164,28.32999992370605,27.295000076293945,27.5049991607666,23.95379638671875,2953000,0.0,0.0
2015-11-23,27.75,28.084999084472656,27.405000686645508,28.084999084472656,24.458908081054688,2646600,0.0,0.0
2015-11-24,27.674999237060547,27.89999961853028,26.920000076293945,27.89999961853028,24.297794342041016,4168600,0.0,0.0
2015-11-25,27.934999465942383,27.934999465942383,26.9950008392334,27.174999237060547,23.666399002075195,2463400,0.0,0.0
2015-11-26,27.78499984741211,27.82999992370605,27.065000534057617,27.350000381469727,23.818809509277344,3262600,0.0,0.0
2015-11-27,27.01499938964844,27.549999237060547,26.674999237060547,27.38999938964844,23.85364151000977,3659200,0.0,0.0
2015-11-30,27.114999771118164,27.76499938964844,26.915000915527344,27.56999969482422,24.010400772094727,3125800,0.0,0.0
2015-12-01,27.690000534057617,28.655000686645508,27.44499969482422,28.63999938964844,24.94225311279297,4271000,0.0,0.0
2015-12-02,28.395000457763672,28.395000457763672,27.059999465942383,27.68000030517578,24.106199264526367,3099000,0.0,0.0
2015-12-03,27.725000381469727,28.6299991607666,27.3700008392334,28.584999084472656,24.894350051879883,3289400,0.0,0.0
2015-12-04,28.8700008392334,29.2549991607666,28.0049991607666,28.81999969482422,25.099010467529297,2692200,0.0,0.0
2015-12-07,29.030000686645508,29.94499969482422,28.709999084472656,29.690000534057617,25.85668563842773,4818800,0.0,0.0
2015-12-08,29.479999542236328,29.690000534057617,28.655000686645508,29.239999771118164,25.464786529541016,3407600,0.0,0.0
2015-12-09,28.780000686645508,29.03499984741211,28.38500022888184,28.38500022888184,24.720178604125977,2058400,0.0,0.0
2015-12-10,28.700000762939453,28.989999771118164,28.350000381469727,28.7450008392334,25.033695220947266,3200200,0.0,0.0
2015-12-11,29.100000381469727,29.655000686645508,28.86000061035156,29.14999961853028,25.38640785217285,2761600,0.0,0.0
2015-12-14,29.25,29.5,28.70499992370605,28.89999961853028,25.168685913085938,2612800,0.0,0.0
2015-12-15,28.809999465942383,28.93000030517578,28.44499969482422,28.84000015258789,25.116430282592773,1534400,0.0,0.0
2015-12-16,28.51499938964844,28.75,27.95499992370605,28.4950008392334,24.815977096557617,1881200,0.0,0.0
2015-12-17,28.530000686645508,29.2450008392334,28.530000686645508,29.2450008392334,25.46914291381836,2897000,0.0,0.0
2015-12-18,29.450000762939453,29.934999465942383,29.01000022888184,29.174999237060547,25.40817642211914,1692000,0.0,0.0
2015-12-21,29.03499984741211,29.690000534057617,29.0,29.549999237060547,25.73476219177246,2299200,0.0,0.0
2015-12-22,29.584999084472656,30.375,29.559999465942383,30.049999237060547,26.170204162597656,3502400,0.0,0.0
2015-12-23,31.165000915527344,31.165000915527344,30.51000022888184,30.950000762939453,26.954008102416992,3619000,0.0,0.0
2015-12-28,30.88500022888184,30.88500022888184,30.25,30.420000076293945,26.49243927001953,2031200,0.0,0.0
2015-12-29,31.09499931335449,31.3799991607666,30.604999542236328,31.1200008392334,27.1020565032959,2645600,0.0,0.0
2015-12-30,31.06999969482422,31.350000381469727,30.70499992370605,30.96999931335449,26.97142219543457,2965600,0.0,0.0
2016-01-04,30.38500022888184,31.165000915527344,30.049999237060547,31.15999984741211,27.13689613342285,2154800,0.0,0.0
2016-01-05,30.700000762939453,31.0,30.14999961853028,30.799999237060547,26.982959747314453,2088200,0.18429,0.0
2016-01-06,31.05500030517578,31.38999938964844,30.559999465942383,30.77499961853028,26.961057662963867,2333000,0.0,0.0
2016-01-07,31.190000534057617,31.55500030517578,30.854999542236328,31.424999237060547,27.53050422668457,4051800,0.0,0.0
2016-01-08,31.59000015258789,32.35499954223633,31.39999961853028,32.0,28.03424453735352,2551000,0.0,0.0
2016-01-11,32.0,32.48500061035156,31.81999969482422,32.369998931884766,28.358386993408203,3457400,0.0,0.0
2016-01-12,32.66999816894531,32.66999816894531,32.66999816894531,32.66999816894531,28.621204376220703,3403400,0.0,0.0
2016-01-13,32.66999816894531,33.54499816894531,32.650001525878906,33.31999969482422,29.190656661987305,6899200,0.0,0.0
2016-01-14,33.689998626708984,33.689998626708984,32.775001525878906,33.224998474121094,29.107431411743164,3683200,0.0,0.0
2016-01-15,33.25,33.58000183105469,32.665000915527344,32.935001373291016,28.85337448120117,5755200,0.0,0.0
2016-01-18,33.26499938964844,33.415000915527344,32.834999084472656,32.89500045776367,28.81832695007324,2942400,0.0,0.0
2016-01-19,33.290000915527344,33.39500045776367,32.584999084472656,33.39500045776367,29.256366729736328,4254600,0.0,0.0
2016-01-20,33.25,33.560001373291016,32.810001373291016,33.3849983215332,29.247594833374023,4689800,0.0,0.0
2016-01-21,33.25,33.650001525878906,32.35499954223633,32.95500183105469,28.87089157104492,2003200,0.0,0.0
2016-01-22,32.66999816894531,33.095001220703125,32.27000045776367,33.095001220703125,28.993541717529297,2800000,0.0,0.0
2016-01-25,33.095001220703125,33.43000030517578,32.7400016784668,33.17499923706055,29.063621520996094,2572800,0.0,0.0
2016-01-26,34.38999938964844,34.9900016784668,33.60499954223633,34.68000030517578,30.382116317749023,5491200,0.0,0.0
2016-01-27,34.9900016784668,35.025001525878906,33.5,34.099998474121094,29.87398910522461,4310200,0.0,0.0
2016-01-28,34.334999084472656,34.665000915527344,34.06999969482422,34.224998474121094,29.98349380493164,3318800,0.0,0.0
2016-01-29,34.224998474121094,34.53499984741211,33.94499969482422,34.459999084472656,30.18937492370605,2491400,0.0,0.0
2016-02-01,34.494998931884766,34.8650016784668,34.2400016784668,34.834999084472656,30.51790237426757,2492600,0.0,0.0
2016-02-02,34.790000915527344,34.89500045776367,34.29499816894531,34.86000061035156,30.53980255126953,1681800,0.0,0.0
2016-02-03,35.01499938964844,35.150001525878906,34.665000915527344,34.88999938964844,30.56608390808105,1641200,0.0,0.0
2016-02-04,34.994998931884766,35.529998779296875,34.8849983215332,35.45000076293945,31.05669212341309,2590200,0.0,0.0
2016-02-05,35.70000076293945,36.06999969482422,35.345001220703125,35.5,31.100486755371094,2534000,0.0,0.0
2016-02-08,34.939998626708984,34.939998626708984,34.939998626708984,34.939998626708984,30.6098861694336,3400,0.0,0.0
2016-02-09,34.63999938964844,34.86000061035156,34.32500076293945,34.755001068115234,30.447816848754883,2188200,0.0,0.0
2016-02-10,33.810001373291016,33.810001373291016,33.810001373291016,33.810001373291016,29.61992835998535,5000,0.0,0.0
2016-02-11,34.220001220703125,34.220001220703125,34.220001220703125,34.220001220703125,29.979124069213867,4400,0.0,0.0
2016-02-12,34.8849983215332,34.8849983215332,34.8849983215332,34.8849983215332,30.56170463562012,7400,0.0,0.0
2016-02-15,35.380001068115234,35.380001068115234,35.380001068115234,35.380001068115234,30.99536323547364,200,0.0,0.0
2016-02-16,35.5,36.22499847412109,35.494998931884766,35.79999923706055,31.36331367492676,3729800,0.0,0.0
2016-02-17,35.349998474121094,35.349998474121094,35.349998474121094,35.349998474121094,30.96907615661621,801000,0.0,0.0
2016-02-18,35.94499969482422,35.94499969482422,35.94499969482422,35.94499969482422,31.49033546447754,7600,0.0,0.0
2016-02-19,35.630001068115234,35.630001068115234,35.630001068115234,35.630001068115234,31.21438217163086,17000,0.0,0.0
2016-02-22,36.08000183105469,36.41999816894531,35.915000915527344,36.0,31.538530349731445,2161400,0.0,0.0
2016-02-23,36.04499816894531,36.5,36.0,36.45000076293945,31.93276023864746,2292600,0.0,0.0
2016-02-24,35.90999984741211,36.86000061035156,35.744998931884766,36.85499954223633,32.28756332397461,2962400,0.0,0.0
2016-02-25,36.68999862670898,36.68999862670898,36.68999862670898,36.68999862670898,32.143009185791016,20400,0.0,0.0
2016-02-26,36.75,36.75,35.70500183105469,36.1150016784668,31.639272689819336,2756400,0.0,0.0
2016-02-29,35.9900016784668,37.0,35.79999923706055,36.84999847412109,32.28318405151367,4389400,0.0,0.0
2016-03-01,36.73500061035156,36.77999877929688,36.22999954223633,36.54999923706055,32.020362854003906,1562600,0.0,0.0
2016-03-02,36.57500076293945,36.72499847412109,35.85499954223633,36.06499862670898,31.595468521118164,2313000,0.0,0.0
2016-03-03,36.3849983215332,36.505001068115234,35.75,36.255001068115234,31.761924743652344,3512800,0.0,0.0
2016-03-04,36.29999923706055,36.84000015258789,36.15999984741211,36.54499816894531,32.01598358154297,2393000,0.0,0.0
2016-03-07,36.79999923706055,36.84000015258789,35.95000076293945,36.209999084472656,31.722496032714844,2437600,0.0,0.0
2016-03-08,36.1150016784668,36.38999938964844,35.459999084472656,35.84000015258789,31.39834976196289,2460800,0.0,0.0
2016-03-09,35.709999084472656,36.04999923706055,35.404998779296875,35.70000076293945,31.27570533752441,1502800,0.0,0.0
2016-03-10,35.79999923706055,36.10499954223633,35.494998931884766,36.10499954223633,31.630504608154297,1295800,0.0,0.0
2016-03-11,36.375,36.380001068115234,35.814998626708984,35.935001373291016,31.48158073425293,1094400,0.0,0.0
2016-03-14,35.93000030517578,36.34000015258789,35.61000061035156,35.814998626708984,31.37645149230957,1333400,0.0,0.0
2016-03-15,35.849998474121094,35.974998474121094,35.18000030517578,35.849998474121094,31.40710830688477,1499800,0.0,0.0
2016-03-16,36.14500045776367,36.3849983215332,35.810001373291016,36.3849983215332,31.875804901123047,2903800,0.0,0.0
2016-03-17,37.0,37.0,36.02000045776367,36.400001525878906,31.88895606994629,2345400,0.0,0.0
2016-03-18,36.78499984741211,36.78499984741211,35.55500030517578,36.375,31.867053985595703,2595000,0.0,0.0
2016-03-21,36.54999923706055,36.54999923706055,34.85499954223633,35.5,31.100486755371094,3334800,0.0,0.0
2016-03-22,35.3849983215332,35.89500045776367,35.16999816894531,35.775001525878906,31.341407775878903,1297200,0.0,0.0
2016-03-23,35.849998474121094,36.15999984741211,35.14500045776367,35.650001525878906,31.231897354125977,1914000,0.0,0.0
2016-03-29,35.4900016784668,35.625,34.529998779296875,34.76499938964844,30.456581115722656,3070600,0.0,0.0
2016-03-30,34.720001220703125,35.1349983215332,34.34000015258789,34.974998474121094,30.64055252075196,1935000,0.0,0.0
2016-03-31,35.32500076293945,35.8650016784668,34.875,35.150001525878906,30.793865203857425,2764000,0.0,0.0
2016-04-01,34.91999816894531,35.33000183105469,34.540000915527344,35.29999923706055,30.92527961730957,2460800,0.0,0.0
2016-04-04,35.46500015258789,35.474998474121094,35.02000045776367,35.279998779296875,30.90774917602539,1894000,0.0,0.0
2016-04-05,35.439998626708984,35.79499816894531,35.16999816894531,35.16999816894531,30.811391830444336,1394600,0.0,0.0
2016-04-06,35.400001525878906,35.5,34.875,35.28499984741211,30.91213035583496,1545600,0.0,0.0
2016-04-07,35.15999984741211,35.255001068115234,34.71500015258789,35.099998474121094,30.750059127807617,611600,0.0,0.0
2016-04-08,34.98500061035156,34.98500061035156,34.125,34.125,29.895891189575195,3296000,0.0,0.0
2016-04-11,34.29999923706055,34.43000030517578,33.810001373291016,34.23500061035156,29.992263793945312,2170800,0.0,0.0
2016-04-12,34.10499954223633,34.685001373291016,34.10499954223633,34.625,30.333927154541016,3640400,0.0,0.0
2016-04-13,34.88999938964844,34.94499969482422,34.54999923706055,34.654998779296875,30.36020851135254,1788400,0.0,0.0
2016-04-14,34.82500076293945,34.939998626708984,34.30500030517578,34.45000076293945,30.18061828613281,1336400,0.0,0.0
2016-04-15,34.349998474121094,34.48500061035156,33.775001525878906,34.0,29.78637886047364,2462400,0.0,0.0
2016-04-18,34.16999816894531,34.46500015258789,33.630001068115234,33.630001068115234,29.462236404418945,2713800,0.0,0.0
2016-04-19,33.595001220703125,33.81999969482422,33.20000076293945,33.5,29.348344802856445,2019000,0.0,0.0
2016-04-20,33.34000015258789,33.459999084472656,32.83000183105469,32.974998474121094,28.888410568237305,2227400,0.0,0.0
2016-04-21,34.6150016784668,34.83000183105469,34.02000045776367,34.595001220703125,30.30764389038086,4380600,0.0,0.0
2016-04-22,34.54999923706055,34.82500076293945,33.775001525878906,34.04999923706055,29.830190658569336,3740600,0.0,0.0
2016-04-25,33.96500015258789,34.970001220703125,33.84000015258789,34.91999816894531,30.59236526489257,5839400,0.0,0.0
2016-04-26,34.95000076293945,35.189998626708984,34.26499938964844,35.189998626708984,30.828907012939453,3270400,0.0,0.0
2016-04-27,35.5,35.59000015258789,34.8849983215332,35.400001525878906,31.012880325317383,3350400,0.0,0.0
2016-04-28,35.85499954223633,36.11000061035156,35.525001525878906,35.915000915527344,31.464061737060547,2450200,0.0,0.0
2016-04-29,36.0,36.7599983215332,35.685001373291016,36.69499969482422,32.14739990234375,2735000,0.0,0.0
2016-05-02,36.5099983215332,36.68999862670898,35.505001068115234,35.505001068115234,31.10486602783203,2311000,0.0,0.0
2016-05-03,35.91999816894531,36.435001373291016,35.470001220703125,36.29999923706055,31.80135154724121,2627200,0.0,0.0
2016-05-04,35.94499969482422,35.94499969482422,35.154998779296875,35.70000076293945,31.27570533752441,2414000,0.0,0.0
2016-05-06,35.79999923706055,35.79999923706055,34.67499923706055,35.029998779296875,30.68873786926269,3175400,0.0,0.0
2016-05-09,35.45000076293945,35.650001525878906,34.68000030517578,35.04499816894531,30.701881408691406,2695000,0.0,0.0
2016-05-10,35.44499969482422,35.599998474121094,35.14500045776367,35.45500183105469,31.061071395874023,4745400,0.0,0.0
2016-05-11,35.310001373291016,35.55500030517578,34.814998626708984,35.55500030517578,31.148670196533203,3203800,0.0,0.0
2016-05-12,35.790000915527344,35.90999984741211,34.58000183105469,34.85499954223633,30.53542137145996,4236000,0.0,0.0
2016-05-13,35.17499923706055,35.17499923706055,34.5,34.525001525878906,30.24631690979004,2032200,0.0,0.0
2016-05-18,34.5,34.7400016784668,34.150001525878906,34.69499969482422,30.39525032043457,3408000,0.0,0.0
2016-05-19,34.64500045776367,34.79499816894531,34.27000045776367,34.58000183105469,30.294506072998047,1193800,0.0,0.0
2016-05-20,34.7400016784668,35.25,34.415000915527344,34.86000061035156,30.53980255126953,3471000,0.0,0.0
2016-05-23,35.03499984741211,35.45000076293945,34.790000915527344,35.375,30.9909782409668,1817000,0.0,0.0
2016-05-24,35.66999816894531,35.71500015258789,35.30500030517578,35.654998779296875,31.236278533935547,1872200,0.0,0.0
2016-05-25,35.92499923706055,35.92499923706055,35.32500076293945,35.724998474121094,31.29759979248047,2078400,0.0,0.0
2016-05-26,35.689998626708984,35.689998626708984,34.459999084472656,34.95000076293945,30.61865425109864,3469800,0.0,0.0
2016-05-27,35.26499938964844,35.869998931884766,35.10499954223633,35.564998626708984,31.157432556152344,3661400,0.0,0.0
2016-05-30,35.619998931884766,35.82500076293945,35.130001068115234,35.63999938964844,31.22313690185547,2208600,0.0,0.0
2016-05-31,35.70000076293945,36.130001068115234,35.2599983215332,36.125,31.648027420043945,2109000,0.0,0.0
2016-06-01,36.0,36.34999847412109,35.82500076293945,36.34999847412109,31.84514617919922,2074200,0.0,0.0
2016-06-02,36.4900016784668,36.59000015258789,36.025001525878906,36.52999877929688,32.00284194946289,1894600,0.0,0.0
2016-06-03,36.5,36.6150016784668,36.150001525878906,36.415000915527344,31.90209197998047,1562400,0.0,0.0
2016-06-06,36.400001525878906,36.82500076293945,36.29499816894531,36.59999847412109,32.06416320800781,1710800,0.0,0.0
2016-06-07,36.52000045776367,36.52000045776367,35.974998474121094,36.400001525878906,31.88895606994629,1319200,0.0,0.0
2016-06-08,36.46500015258789,36.48500061035156,35.939998626708984,36.20000076293945,31.713743209838867,3287800,0.0,0.0
2016-06-09,36.34999847412109,36.775001525878906,36.06499862670898,36.65999984741211,32.11673355102539,1843800,0.0,0.0
2016-06-10,36.5,36.97499847412109,35.95000076293945,36.8849983215332,32.313846588134766,1642200,0.0,0.0
2016-06-13,36.68999862670898,37.02000045776367,36.10499954223633,37.02000045776367,32.43210983276367,3047400,0.0,0.0
2016-06-14,37.02999877929688,37.02999877929688,36.09000015258789,36.15999984741211,31.67870330810547,1599800,0.0,0.0
2016-06-15,35.88999938964844,36.25,35.28499984741211,35.9900016784668,31.529756546020508,1815200,0.0,0.0
2016-06-16,35.880001068115234,36.1349983215332,35.40999984741211,35.474998474121094,31.078588485717773,2253000,0.0,0.0
2016-06-17,35.665000915527344,36.3650016784668,35.665000915527344,35.849998474121094,31.40710830688477,4268000,0.0,0.0
2016-06-20,36.04999923706055,36.5,35.8650016784668,36.470001220703125,31.95027542114257,2477000,0.0,0.0
2016-06-21,36.470001220703125,37.0,36.095001220703125,37.0,32.414588928222656,1904600,0.0,0.0
2016-06-22,37.244998931884766,37.435001373291016,36.584999084472656,36.709999084472656,32.16053771972656,1977800,0.0,0.0
2016-06-23,36.994998931884766,36.994998931884766,35.845001220703125,36.185001373291016,31.70059967041016,3117600,0.0,0.0
2016-06-24,36.98500061035156,37.64500045776367,36.744998931884766,37.59999847412109,32.94023513793945,3754600,0.0,0.0
2016-06-27,37.84000015258789,38.0,37.06999969482422,37.709999084472656,33.03660583496094,2197800,0.0,0.0
2016-06-28,37.869998931884766,38.744998931884766,37.45500183105469,38.47499847412109,33.706790924072266,2449800,0.0,0.0
2016-06-29,38.5099983215332,39.13999938964844,37.959999084472656,39.130001068115234,34.28062057495117,3276600,0.0,0.0
2016-06-30,39.21500015258789,39.525001525878906,38.494998931884766,39.525001525878906,34.62666702270508,3181000,0.0,0.0
2016-07-01,39.17499923706055,39.32500076293945,38.45000076293945,38.630001068115234,34.00111770629883,1785400,0.18429,0.0
2016-07-04,38.720001220703125,38.720001220703125,38.119998931884766,38.55500030517578,33.93510818481445,822600,0.0,0.0
2016-07-05,38.29499816894531,38.35499954223633,37.54499816894531,37.82500076293945,33.29258728027344,1404400,0.0,0.0
2016-07-06,38.05500030517578,38.345001220703125,37.77000045776367,37.77000045776367,33.24417495727539,1763800,0.0,0.0
2016-07-07,37.84999847412109,38.04999923706055,37.38999938964844,37.41999816894531,32.93610763549805,2190000,0.0,0.0
2016-07-08,37.5,37.8650016784668,37.06999969482422,37.15999984741211,32.7072639465332,2823400,0.0,0.0
2016-07-11,37.39500045776367,37.650001525878906,36.72499847412109,37.09999847412109,32.65446090698242,3093600,0.0,0.0
2016-07-12,37.345001220703125,37.93000030517578,36.78499984741211,37.70000076293945,33.18256378173828,3566800,0.0,0.0
2016-07-13,37.79499816894531,38.084999084472656,37.36000061035156,37.5,33.006526947021484,1564200,0.0,0.0
2016-07-14,37.59999847412109,37.69499969482422,36.935001373291016,37.21500015258789,32.75567626953125,2949800,0.0,0.0
2016-07-15,37.369998931884766,37.375,36.060001373291016,36.400001525878906,32.03833770751953,5920000,0.0,0.0
2016-07-18,36.435001373291016,36.76499938964844,36.125,36.400001525878906,32.03833770751953,3479400,0.0,0.0
2016-07-19,36.69499969482422,36.69499969482422,35.88999938964844,36.41999816894531,32.055938720703125,1522000,0.0,0.0
2016-07-20,36.51499938964844,36.59000015258789,36.2400016784668,36.560001373291016,32.179168701171875,2990800,0.0,0.0
2016-07-21,36.67499923706055,37.0,36.36000061035156,36.95000076293945,32.52243423461914,2782200,0.0,0.0
2016-07-22,36.75,36.755001068115234,35.36000061035156,35.619998931884766,31.35179328918457,2441400,0.0,0.0
2016-07-25,35.255001068115234,35.900001525878906,35.255001068115234,35.900001525878906,31.59825325012207,1264400,0.0,0.0
2016-07-26,35.540000915527344,35.744998931884766,34.8849983215332,35.5,31.24617576599121,2297000,0.0,0.0
2016-07-27,35.70500183105469,35.709999084472656,35.150001525878906,35.334999084472656,31.100954055786133,1430800,0.0,0.0
2016-07-28,35.494998931884766,35.72999954223633,35.28499984741211,35.525001525878906,31.268184661865234,1225200,0.0,0.0
2016-07-29,35.599998474121094,35.6150016784668,34.92499923706055,34.92499923706055,30.74007225036621,2694000,0.0,0.0
2016-08-01,35.099998474121094,35.595001220703125,35.099998474121094,35.400001525878906,31.15816116333008,1297600,0.0,0.0
2016-08-02,35.67499923706055,36.17499923706055,35.31999969482422,35.72999954223633,31.44862174987793,1868600,0.0,0.0
2016-08-03,35.994998931884766,36.0,34.935001373291016,35.345001220703125,31.109752655029297,2988800,0.0,0.0
2016-08-04,35.599998474121094,35.834999084472656,35.04999923706055,35.04999923706055,30.850101470947266,3794600,0.0,0.0
2016-08-05,35.310001373291016,35.625,35.150001525878906,35.35499954223633,31.11855125427246,2083800,0.0,0.0
2016-08-08,35.154998779296875,35.275001525878906,34.974998474121094,35.275001525878906,31.04813575744629,1268800,0.0,0.0
2016-08-09,35.435001373291016,35.435001373291016,34.8849983215332,35.334999084472656,31.100954055786133,1660800,0.0,0.0
2016-08-10,35.334999084472656,35.70500183105469,34.900001525878906,35.5099983215332,31.254981994628903,1636000,0.0,0.0
2016-08-11,35.57500076293945,35.71500015258789,35.19499969482422,35.334999084472656,31.100954055786133,1259200,0.0,0.0
2016-08-12,35.46500015258789,36.04999923706055,35.255001068115234,35.529998779296875,31.2725830078125,2487400,0.0,0.0
2016-08-15,35.529998779296875,36.04999923706055,35.494998931884766,35.79499816894531,31.505823135375977,1811800,0.0,0.0
2016-08-16,35.79999923706055,35.95500183105469,35.310001373291016,35.86000061035156,31.563045501708984,1734600,0.0,0.0
2016-08-17,36.060001373291016,36.345001220703125,35.939998626708984,36.04499816894531,31.725875854492188,1399400,0.0,0.0
2016-08-18,36.165000915527344,36.30500030517578,35.845001220703125,36.20500183105469,31.866703033447266,1653600,0.0,0.0
2016-08-19,36.30500030517578,36.52000045776367,35.875,36.5,32.1263427734375,2291000,0.0,0.0
2016-08-22,36.625,36.650001525878906,36.2400016784668,36.57500076293945,32.19236755371094,1703000,0.0,0.0
2016-08-23,36.56499862670898,36.56499862670898,35.625,35.75,31.466222763061523,2310400,0.0,0.0
2016-08-24,35.70000076293945,36.040000915527344,35.57500076293945,36.005001068115234,31.6906681060791,3969000,0.0,0.0
2016-08-25,36.244998931884766,36.375,35.46500015258789,35.70000076293945,31.422212600708008,7496000,0.0,0.0
2016-08-26,36.06999969482422,36.47499847412109,35.709999084472656,36.47499847412109,32.10434341430664,7265600,0.0,0.0
2016-08-29,36.630001068115234,36.875,36.22999954223633,36.70000076293945,32.302391052246094,4580600,0.0,0.0
2016-08-30,36.72499847412109,36.89500045776367,36.05500030517578,36.20500183105469,31.866703033447266,1821000,0.0,0.0
2016-08-31,36.20000076293945,36.2400016784668,35.35499954223633,36.20500183105469,31.866703033447266,1787400,0.0,0.0
2016-09-01,36.0,36.5,35.810001373291016,36.25,31.906307220458984,3429800,0.0,0.0
2016-09-02,36.29499816894531,36.40499877929688,35.939998626708984,36.150001525878906,31.81829261779785,1754600,0.0,0.0
2016-09-05,36.22499847412109,36.375,35.78499984741211,36.375,32.016334533691406,1473200,0.0,0.0
2016-09-06,36.39500045776367,36.435001373291016,35.7599983215332,36.375,32.016334533691406,2061200,0.0,0.0
2016-09-07,36.345001220703125,36.63999938964844,36.17499923706055,36.2599983215332,31.91510963439941,1713400,0.0,0.0
2016-09-08,36.255001068115234,36.470001220703125,35.98500061035156,36.29999923706055,31.95032119750977,1363000,0.0,0.0
2016-09-09,36.22999954223633,36.3849983215332,35.83000183105469,36.165000915527344,31.83149147033692,1945000,0.0,0.0
2016-09-12,36.165000915527344,36.165000915527344,35.0,35.18000030517578,30.964523315429688,2602400,0.0,0.0
2016-09-13,34.994998931884766,35.20000076293945,34.79499816894531,35.0,30.806087493896484,2399200,0.0,0.0
2016-09-14,35.05500030517578,35.15999984741211,34.65999984741211,34.70000076293945,30.542041778564453,2498600,0.0,0.0
2016-09-15,35.07500076293945,35.14500045776367,34.900001525878906,35.0,30.806087493896484,2403000,0.0,0.0
2016-09-16,35.04999923706055,35.23500061035156,34.82500076293945,35.04999923706055,30.850101470947266,1455600,0.0,0.0
2016-09-19,34.619998931884766,34.625,33.72999954223633,34.025001525878906,29.947917938232425,3974200,0.0,0.0
2016-09-20,34.255001068115234,34.255001068115234,32.810001373291016,33.20000076293945,29.22177696228028,4109600,0.0,0.0
2016-09-21,32.650001525878906,34.0,31.81999969482422,32.70000076293945,28.781688690185547,5474600,0.0,0.0
2016-09-22,32.75,33.060001373291016,32.11000061035156,32.810001373291016,28.878507614135746,4234000,0.0,0.0
2016-09-23,33.0,34.369998931884766,32.90999984741211,34.22999954223633,30.128360748291016,4507000,0.0,0.0
2016-09-26,34.67499923706055,34.70000076293945,33.07500076293945,34.0,29.925912857055664,4178600,0.0,0.0
2016-09-27,34.34000015258789,34.95000076293945,33.814998626708984,34.60499954223633,30.45842361450196,3399400,0.0,0.0
2016-09-28,34.92499923706055,35.32500076293945,34.53499984741211,34.54999923706055,30.410017013549805,3733000,0.0,0.0
2016-09-29,34.904998779296875,35.5,34.584999084472656,35.119998931884766,30.91170692443848,2758200,0.0,0.0
2016-09-30,35.19499969482422,35.20000076293945,34.18000030517578,34.915000915527344,30.731279373168945,1639000,0.0,0.0
2016-10-03,34.915000915527344,35.415000915527344,34.290000915527344,35.0,30.806087493896484,1239800,0.0,0.0
2016-10-04,34.84000015258789,35.66999816894531,34.584999084472656,35.57500076293945,31.312185287475582,2130200,0.0,0.0
2016-10-05,35.6150016784668,35.67499923706055,35.005001068115234,35.45000076293945,31.20217514038086,1528600,0.0,0.0
2016-10-06,35.244998931884766,35.29499816894531,34.5,34.775001525878906,30.60805320739746,5368000,0.0,0.0
2016-10-07,35.0,35.005001068115234,34.25,34.54999923706055,30.410017013549805,3168400,0.0,0.0
2016-10-10,34.04999923706055,34.04999923706055,34.04999923706055,34.04999923706055,29.96993064880371,4203000,0.0,0.0
2016-10-11,33.61000061035156,34.29999923706055,32.875,34.150001525878906,30.057945251464844,2939400,0.0,0.0
2016-10-12,33.849998474121094,34.5,33.7400016784668,33.82500076293945,29.77188491821289,2514400,0.0,0.0
2016-10-13,33.89500045776367,34.03499984741211,33.15999984741211,33.95000076293945,29.88191604614257,2585800,0.0,0.0
2016-10-14,34.1150016784668,34.23500061035156,33.60499954223633,33.654998779296875,29.62225914001465,2284600,0.0,0.0
2016-10-17,33.67499923706055,33.8849983215332,32.900001525878906,33.0,29.045743942260746,3347000,0.0,0.0
2016-10-18,33.165000915527344,33.189998626708984,32.43000030517578,32.900001525878906,28.957725524902344,5712800,0.0,0.0
2016-10-19,32.60499954223633,32.849998474121094,32.314998626708984,32.654998779296875,28.74208068847656,2407000,0.0,0.0
2016-10-20,32.2599983215332,33.5,32.099998474121094,33.369998931884766,29.37140846252441,2928400,0.0,0.0
2016-10-21,33.255001068115234,33.43000030517578,32.71500015258789,32.80500030517578,28.87410926818848,2988800,0.0,0.0
2016-10-24,32.7599983215332,32.7599983215332,31.850000381469727,32.595001220703125,28.689271926879883,2581800,0.0,0.0
2016-10-25,32.70000076293945,33.4900016784668,32.65999984741211,33.150001525878906,29.177772521972656,2529200,0.0,0.0
2016-10-26,33.04499816894531,33.17499923706055,32.665000915527344,32.75,28.82570075988769,1836200,0.0,0.0
2016-10-27,32.80500030517578,32.939998626708984,32.26499938964844,32.904998779296875,28.962127685546875,2029200,0.0,0.0
2016-10-28,32.9900016784668,33.25,32.439998626708984,32.709999084472656,28.790491104125977,2833800,0.0,0.0
2016-10-31,32.689998626708984,33.244998931884766,32.45000076293945,32.9900016784668,29.036941528320312,2041600,0.0,0.0
2016-11-01,33.06999969482422,33.165000915527344,32.65999984741211,32.95000076293945,29.001733779907227,1492400,0.0,0.0
2016-11-02,32.939998626708984,33.244998931884766,32.68000030517578,33.0,29.045743942260746,560200,0.0,0.0
2016-11-03,33.224998474121094,33.224998474121094,32.77000045776367,33.18000030517578,29.20417213439941,1130000,0.0,0.0
2016-11-04,33.14500045776367,33.69499969482422,32.775001525878906,33.619998931884766,29.591453552246094,1694800,0.0,0.0
2016-11-07,33.619998931884766,34.650001525878906,33.29999923706055,34.224998474121094,30.12395477294922,1934200,0.0,0.0
2016-11-08,33.71500015258789,34.13999938964844,33.34000015258789,33.95000076293945,29.88191604614257,767600,0.0,0.0
2016-11-09,33.92499923706055,34.59000015258789,33.92499923706055,34.5,30.36600685119629,2509200,0.0,0.0
2016-11-10,34.26499938964844,34.53499984741211,33.80500030517578,33.95000076293945,29.88191604614257,2263400,0.0,0.0
2016-11-11,33.82500076293945,34.34000015258789,33.80500030517578,34.150001525878906,30.057945251464844,2317600,0.0,0.0
2016-11-14,34.0,34.31999969482422,33.65999984741211,34.0,29.925912857055664,1539800,0.0,0.0
2016-11-15,33.845001220703125,34.244998931884766,33.70500183105469,33.875,29.815893173217773,1625200,0.0,0.0
2016-11-16,34.064998626708984,34.23500061035156,33.81999969482422,33.959999084472656,29.89070701599121,3400000,0.0,0.0
2016-11-17,33.900001525878906,34.08000183105469,33.38999938964844,33.849998474121094,29.793886184692383,1597800,0.0,0.0
2016-11-18,34.150001525878906,34.47999954223633,33.439998626708984,33.75,29.705873489379883,3189800,0.0,0.0
2016-11-21,33.45500183105469,34.095001220703125,33.310001373291016,33.564998626708984,29.54303741455078,1605600,0.0,0.0
2016-11-22,33.3650016784668,33.52000045776367,33.13999938964844,33.404998779296875,29.4022159576416,1112200,0.0,0.0
2016-11-23,33.255001068115234,33.494998931884766,32.915000915527344,33.150001525878906,29.177772521972656,2050200,0.0,0.0
2016-11-24,33.060001373291016,33.17499923706055,32.810001373291016,32.82500076293945,28.891714096069336,3157800,0.0,0.0
2016-11-25,32.95500183105469,33.29999923706055,32.849998474121094,33.07500076293945,29.111757278442383,1935600,0.0,0.0
2016-11-28,33.209999084472656,33.779998779296875,33.03499984741211,33.400001525878906,29.397815704345703,3177800,0.0,0.0
2016-11-29,33.5,33.584999084472656,33.20500183105469,33.439998626708984,29.43302154541016,1248200,0.0,0.0
2016-11-30,33.45000076293945,33.57500076293945,33.21500015258789,33.380001068115234,29.380210876464844,1950800,0.0,0.0
2016-12-01,33.67499923706055,34.279998779296875,33.67499923706055,33.685001373291016,29.648664474487305,2295200,0.0,0.0
2016-12-02,33.70500183105469,33.810001373291016,33.415000915527344,33.54999923706055,29.52984046936035,1456400,0.0,0.0
2016-12-05,33.45500183105469,33.65999984741211,32.77000045776367,32.875,28.935720443725582,1224000,0.0,0.0
2016-12-06,32.939998626708984,33.26499938964844,32.78499984741211,33.08000183105469,29.116161346435547,1385200,0.0,0.0
2016-12-07,33.244998931884766,33.29999923706055,32.20500183105469,32.275001525878906,28.40761947631836,2215800,0.0,0.0
2016-12-08,32.11000061035156,32.915000915527344,32.064998626708984,32.505001068115234,28.610063552856445,2220200,0.0,0.0
2016-12-09,32.63999938964844,33.47999954223633,32.584999084472656,33.29999923706055,29.30979347229004,2294200,0.0,0.0
2016-12-12,33.46500015258789,33.61000061035156,32.79999923706055,32.845001220703125,28.909318923950195,1189800,0.0,0.0
2016-12-13,33.04499816894531,33.099998474121094,32.685001373291016,32.900001525878906,28.957725524902344,1301000,0.0,0.0
2016-12-14,32.869998931884766,33.474998474121094,32.70000076293945,33.45000076293945,29.441818237304688,3093800,0.0,0.0
2016-12-15,33.619998931884766,33.744998931884766,33.26499938964844,33.5,29.485828399658203,1148200,0.0,0.0
2016-12-16,33.720001220703125,33.724998474121094,33.255001068115234,33.505001068115234,29.49023628234864,1880400,0.0,0.0
2016-12-19,33.75,33.75,33.08000183105469,33.5,29.485828399658203,4323000,0.0,0.0
2016-12-20,33.54499816894531,33.69499969482422,33.150001525878906,33.29999923706055,29.30979347229004,2200200,0.0,0.0
2016-12-21,33.41999816894531,34.630001068115234,33.39500045776367,34.404998779296875,30.28238296508789,6752400,0.0,0.0
2016-12-22,34.494998931884766,34.834999084472656,34.154998779296875,34.345001220703125,30.22957992553711,2414800,0.0,0.0
2016-12-23,34.25,34.67499923706055,33.970001220703125,33.974998474121094,29.90390968322754,1835400,0.0,0.0
2016-12-27,34.29499816894531,34.375,33.900001525878906,33.900001525878906,29.83789825439453,1935400,0.0,0.0
2016-12-28,34.06999969482422,34.314998626708984,33.92499923706055,34.04999923706055,29.96993064880371,2648600,0.0,0.0
2016-12-29,34.07500076293945,34.290000915527344,33.92499923706055,34.04999923706055,29.96993064880371,2017600,0.0,0.0
2016-12-30,34.459999084472656,34.525001525878906,32.97999954223633,33.38999938964844,29.38900756835937,2667400,0.0,0.0
2017-01-02,33.33000183105469,33.61000061035156,32.60499954223633,32.70000076293945,28.781688690185547,1717600,0.0,0.0
2017-01-03,32.834999084472656,33.005001068115234,32.17499923706055,32.20000076293945,28.34160804748535,2450800,0.0,0.0
2017-01-04,31.854999542236328,31.975000381469727,31.450000762939453,31.88999938964844,28.24454689025879,2543600,0.200416,0.0
2017-01-05,32.04499816894531,32.595001220703125,32.0099983215332,32.3849983215332,28.682960510253903,2938800,0.0,0.0
2017-01-06,32.54499816894531,32.7400016784668,32.07500076293945,32.7400016784668,28.99738311767578,3941000,0.0,0.0
2017-01-09,32.814998626708984,32.814998626708984,32.41999816894531,32.43000030517578,28.72281646728516,3789600,0.0,0.0
2017-01-10,32.584999084472656,32.65999984741211,32.2400016784668,32.400001525878906,28.696250915527344,2822000,0.0,0.0
2017-01-11,32.39500045776367,32.755001068115234,32.04999923706055,32.67499923706055,28.939809799194336,3781800,0.0,0.0
2017-01-12,32.71500015258789,34.040000915527344,32.654998779296875,33.994998931884766,30.10891532897949,6461200,0.0,0.0
2017-01-13,34.20000076293945,34.345001220703125,33.849998474121094,34.2599983215332,30.343624114990234,2959400,0.0,0.0
2017-01-16,34.244998931884766,34.55500030517578,34.084999084472656,34.25,30.334762573242188,2794800,0.0,0.0
2017-01-17,34.255001068115234,34.70000076293945,34.029998779296875,34.400001525878906,30.46761703491211,2965200,0.0,0.0
2017-01-18,34.40999984741211,34.790000915527344,34.369998931884766,34.525001525878906,30.578332901000977,1452200,0.0,0.0
2017-01-19,34.849998474121094,34.95000076293945,34.279998779296875,34.75,30.7776107788086,3913200,0.0,0.0
2017-01-20,34.814998626708984,34.98500061035156,34.599998474121094,34.75,30.7776107788086,2427800,0.0,0.0
2017-01-23,34.75,34.89500045776367,34.54999923706055,34.6150016784668,30.658048629760746,3234800,0.0,0.0
2017-01-24,34.6150016784668,34.665000915527344,34.119998931884766,34.349998474121094,30.42333221435547,2583000,0.0,0.0
2017-01-25,34.435001373291016,35.125,34.2400016784668,34.994998931884766,30.99460220336914,2567400,0.0,0.0
2017-01-26,35.0,35.279998779296875,34.814998626708984,35.279998779296875,31.24703025817871,2151800,0.0,0.0
2017-01-27,35.345001220703125,35.875,35.10499954223633,35.665000915527344,31.588014602661133,1848200,0.0,0.0
2017-01-30,35.650001525878906,36.07500076293945,35.45500183105469,35.7400016784668,31.65444564819336,3193000,0.0,0.0
2017-01-31,35.7400016784668,36.34000015258789,35.650001525878906,36.25,32.106136322021484,2310800,0.0,0.0
2017-02-01,36.5,36.5,35.94499969482422,36.119998931884766,31.99100112915039,1630400,0.0,0.0
2017-02-02,36.38999938964844,36.38999938964844,35.665000915527344,35.810001373291016,31.71643447875977,3132400,0.0,0.0
2017-02-03,35.78499984741211,36.060001373291016,35.630001068115234,35.970001220703125,31.858152389526367,2147000,0.0,0.0
2017-02-06,35.810001373291016,36.0,35.64500045776367,35.8849983215332,31.78285789489746,1398200,0.0,0.0
2017-02-07,35.95000076293945,36.040000915527344,35.48500061035156,35.76499938964844,31.67658042907715,1708000,0.0,0.0
2017-02-08,35.59000015258789,35.814998626708984,35.34000015258789,35.744998931884766,31.65886878967285,1921800,0.0,0.0
2017-02-09,35.79499816894531,36.1150016784668,35.584999084472656,35.81999969482422,31.72529411315918,1550600,0.0,0.0
2017-02-10,35.82500076293945,35.93000030517578,35.400001525878906,35.83000183105469,31.734149932861328,2636200,0.0,0.0
2017-02-13,35.79499816894531,35.79999923706055,34.564998626708984,35.09000015258789,31.07873916625977,4190800,0.0,0.0
2017-02-14,35.20000076293945,35.474998474121094,34.86000061035156,35.03499984741211,31.03003120422364,3279000,0.0,0.0
2017-02-15,35.0,35.25,34.849998474121094,35.04999923706055,31.04332160949707,2163200,0.0,0.0
2017-02-16,35.20000076293945,35.81999969482422,35.025001525878906,35.689998626708984,31.610157012939453,2321600,0.0,0.0
2017-02-17,35.599998474121094,35.709999084472656,35.2599983215332,35.42499923706055,31.375452041625977,1629200,0.0,0.0
2017-02-20,35.69499969482422,35.69499969482422,34.779998779296875,35.07500076293945,31.06546401977539,1976600,0.0,0.0
2017-02-21,35.25,35.400001525878906,35.0,35.18000030517578,31.1584587097168,1240600,0.0,0.0
2017-02-22,35.25,35.67499923706055,35.04999923706055,35.58000183105469,31.51272773742676,2293000,0.0,0.0
2017-02-23,35.5,36.05500030517578,35.369998931884766,35.92499923706055,31.818288803100582,4577800,0.0,0.0
2017-02-24,35.83000183105469,35.834999084472656,35.33000183105469,35.5099983215332,31.450729370117188,1341800,0.0,0.0
2017-02-27,35.775001525878906,35.779998779296875,34.849998474121094,35.27000045776367,31.238168716430664,1396600,0.0,0.0
2017-02-28,35.18000030517578,35.57500076293945,35.0,35.209999084472656,31.18502616882324,2537200,0.0,0.0
2017-03-01,35.5,36.255001068115234,35.474998474121094,35.974998474121094,31.86258125305176,4923000,0.0,0.0
2017-03-02,36.19499969482422,36.19499969482422,35.415000915527344,36.0,31.88472366333008,4848400,0.0,0.0
2017-03-03,36.07500076293945,37.04999923706055,35.875,37.04999923706055,32.8146858215332,4404000,0.0,0.0
2017-03-06,37.29999923706055,37.459999084472656,36.71500015258789,36.9900016784668,32.76155090332031,2754000,0.0,0.0
2017-03-07,37.05500030517578,37.15999984741211,36.64500045776367,36.95000076293945,32.72611999511719,1131000,0.0,0.0
2017-03-08,37.14500045776367,37.310001373291016,36.86000061035156,36.959999084472656,32.73497772216797,1470000,0.0,0.0
2017-03-09,37.19499969482422,37.869998931884766,37.08000183105469,37.869998931884766,33.540950775146484,3050800,0.0,0.0
2017-03-10,37.875,37.875,37.27999877929688,37.400001525878906,33.12467956542969,3334000,0.0,0.0
2017-03-13,37.59999847412109,38.16999816894531,37.45000076293945,37.84999847412109,33.52323913574219,2485600,0.0,0.0
2017-03-14,38.18999862670898,38.18999862670898,37.54999923706055,37.970001220703125,33.6295166015625,1942400,0.0,0.0
2017-03-15,37.900001525878906,38.47499847412109,37.78499984741211,38.244998931884766,33.873085021972656,2232800,0.0,0.0
2017-03-16,37.90999984741211,38.400001525878906,37.34999847412109,37.7400016784668,33.425819396972656,3094200,0.0,0.0
2017-03-17,35.0,37.17499923706055,34.29499816894531,35.95500183105469,31.84486198425293,9753000,0.0,0.0
2017-03-20,35.69499969482422,37.09000015258789,35.3650016784668,36.64500045776367,32.455989837646484,4782200,0.0,0.0
2017-03-21,35.939998626708984,37.0,35.78499984741211,36.65999984741211,32.46927261352539,2979600,0.0,0.0
2017-03-22,36.65999984741211,37.69499969482422,36.41999816894531,37.415000915527344,33.13796615600586,2896400,0.0,0.0
2017-03-23,37.67499923706055,37.75,37.26499938964844,37.45000076293945,33.168968200683594,3268000,0.0,0.0
2017-03-24,37.494998931884766,37.82500076293945,37.29499816894531,37.72499847412109,33.41252899169922,1724800,0.0,0.0
2017-03-27,37.810001373291016,38.17499923706055,37.55500030517578,38.119998931884766,33.76237869262695,2775800,0.0,0.0
2017-03-28,38.119998931884766,38.119998931884766,38.119998931884766,38.119998931884766,33.76237869262695,0,0.0,0.0
2017-03-29,37.560001373291016,37.935001373291016,37.560001373291016,37.744998931884766,33.43024063110352,972200,0.0,0.0
2017-03-30,37.650001525878906,37.93999862670898,37.30500030517578,37.42499923706055,33.14681625366211,2920200,0.0,0.0
2017-03-31,37.64500045776367,38.630001068115234,37.64500045776367,38.25,33.87751388549805,3927800,0.0,0.0
2017-04-03,38.27000045776367,39.150001525878906,38.26499938964844,38.95000076293945,34.497493743896484,1924000,0.0,0.0
2017-04-04,38.72999954223633,39.209999084472656,38.6150016784668,39.040000915527344,34.57720947265625,1700600,0.0,0.0
2017-04-05,38.95000076293945,39.810001373291016,38.72999954223633,39.6349983215332,35.104190826416016,2492000,0.0,0.0
2017-04-06,39.75,39.79999923706055,39.29499816894531,39.67499923706055,35.13961410522461,2775600,0.0,0.0
2017-04-07,39.505001068115234,39.73500061035156,39.09000015258789,39.59999847412109,35.07318878173828,2464800,0.0,0.0
2017-04-10,39.71500015258789,39.7599983215332,38.869998931884766,39.150001525878906,34.67463302612305,1937200,0.0,0.0
2017-04-11,39.150001525878906,39.26499938964844,38.56499862670898,38.790000915527344,34.35578536987305,2075800,0.0,0.0
2017-04-12,38.869998931884766,39.18000030517578,38.66999816894531,39.02000045776367,34.55949401855469,2395400,0.0,0.0
2017-04-13,39.15999984741211,39.369998931884766,38.0,38.40499877929688,34.01479721069336,4242400,0.0,0.0
2017-04-18,38.40499877929688,38.40499877929688,38.40499877929688,38.40499877929688,34.01479721069336,0,0.0,0.0
2017-04-19,38.209999084472656,38.77999877929688,38.209999084472656,38.5,34.098934173583984,6202600,0.0,0.0
2017-04-20,38.38999938964844,38.915000915527344,38.38999938964844,38.7400016784668,34.311500549316406,1403200,0.0,0.0
2017-04-21,38.52999877929688,38.79999923706055,38.095001220703125,38.27999877929688,33.904083251953125,1929000,0.0,0.0
2017-04-24,38.20000076293945,38.36000061035156,37.845001220703125,38.025001525878906,33.67823028564453,1259200,0.0,0.0
2017-04-25,38.07500076293945,38.345001220703125,37.72999954223633,38.22499847412109,33.855369567871094,1042600,0.0,0.0
2017-04-26,38.04499816894531,38.21500015258789,37.68999862670898,37.81499862670898,33.49223709106445,1718200,0.0,0.0
2017-04-27,38.244998931884766,38.54999923706055,38.09999847412109,38.290000915527344,33.91294479370117,1184600,0.0,0.0
2017-04-28,38.29999923706055,38.51499938964844,38.150001525878906,38.34999847412109,33.96607971191406,1604400,0.0,0.0
2017-05-02,38.494998931884766,38.5099983215332,37.834999084472656,37.9900016784668,33.647239685058594,1354000,0.0,0.0
2017-05-03,38.09999847412109,38.150001525878906,37.78499984741211,38.04999923706055,33.70037841796875,1476000,0.0,0.0
2017-05-04,38.17499923706055,39.150001525878906,38.06499862670898,38.7599983215332,34.3292121887207,1812000,0.0,0.0
2017-05-05,38.994998931884766,39.22999954223633,38.650001525878906,38.78499984741211,34.351356506347656,983200,0.0,0.0
2017-05-08,38.665000915527344,39.03499984741211,38.55500030517578,38.69499969482422,34.27164840698242,550600,0.0,0.0
2017-05-09,38.810001373291016,39.0099983215332,38.54499816894531,38.89500045776367,34.44878387451172,1095400,0.0,0.0
2017-05-10,38.650001525878906,38.97999954223633,38.20000076293945,38.3849983215332,33.997074127197266,1603800,0.0,0.0
2017-05-11,38.34000015258789,38.69499969482422,37.775001525878906,38.29999923706055,33.92179489135742,1668600,0.0,0.0
2017-05-12,38.31499862670898,38.6150016784668,37.95000076293945,38.07500076293945,33.72251892089844,2182000,0.0,0.0
2017-05-15,38.005001068115234,38.58000183105469,38.005001068115234,38.43999862670898,34.04579162597656,1382800,0.0,0.0
2017-05-16,38.5,39.084999084472656,38.30500030517578,38.775001525878906,34.342506408691406,3488800,0.0,0.0
2017-05-18,38.959999084472656,39.20000076293945,38.76499938964844,39.040000915527344,34.57720947265625,1374800,0.0,0.0
2017-05-19,39.20000076293945,39.5,39.04999923706055,39.275001525878906,34.78534698486328,1681400,0.0,0.0
2017-05-22,39.244998931884766,39.244998931884766,37.845001220703125,37.84999847412109,33.52323913574219,3909000,0.0,0.0
2017-05-23,37.86000061035156,37.959999084472656,36.80500030517578,36.80500030517578,32.59769821166992,4537400,0.0,0.0
2017-05-24,36.900001525878906,36.994998931884766,36.59999847412109,36.97499847412109,32.74825668334961,2114400,0.0,0.0
2017-05-26,37.13999938964844,37.64500045776367,37.08000183105469,37.48500061035156,33.19996643066406,1773800,0.0,0.0
2017-05-29,37.43999862670898,37.63999938964844,37.275001525878906,37.57500076293945,33.2796745300293,1313800,0.0,0.0
2017-05-30,37.595001220703125,37.6349983215332,37.150001525878906,37.375,33.1025390625,969400,0.0,0.0
2017-05-31,37.61000061035156,37.75,36.93999862670898,37.130001068115234,32.88554763793945,1285200,0.0,0.0
2017-06-01,37.13999938964844,37.290000915527344,36.29999923706055,36.34999847412109,32.1947135925293,2125400,0.0,0.0
2017-06-02,36.56999969482422,37.04499816894531,36.5099983215332,36.95000076293945,32.72611999511719,2458200,0.0,0.0
2017-06-06,36.845001220703125,37.02999877929688,36.755001068115234,36.875,32.659690856933594,1155000,0.0,0.0
2017-06-07,36.94499969482422,37.09999847412109,36.78499984741211,37.0,32.770408630371094,1647600,0.0,0.0
2017-06-08,37.0,37.415000915527344,36.82500076293945,37.415000915527344,33.13796615600586,2387800,0.0,0.0
2017-06-09,37.375,38.790000915527344,35.45000076293945,35.57500076293945,31.50829696655273,14057600,0.0,0.0
2017-06-12,35.744998931884766,36.15999984741211,35.57500076293945,36.025001525878906,31.9068660736084,6627400,0.0,0.0
2017-06-13,36.16999816894531,36.45000076293945,35.70500183105469,35.70500183105469,31.62343978881836,1799400,0.0,0.0
2017-06-14,35.91999816894531,36.095001220703125,35.72999954223633,35.96500015258789,31.853721618652344,2161200,0.0,0.0
2017-06-15,35.994998931884766,36.095001220703125,35.595001220703125,35.82500076293945,31.729721069335938,3216400,0.0,0.0
2017-06-16,35.71500015258789,35.7400016784668,35.3849983215332,35.7400016784668,31.65444564819336,1681600,0.0,0.0
2017-06-19,34.150001525878906,35.09000015258789,33.46500015258789,34.79999923706055,30.82189178466797,18379000,0.0,0.0
2017-06-20,34.92499923706055,35.63999938964844,34.25,35.619998931884766,31.548152923583984,3815400,0.0,0.0
2017-06-21,35.38999938964844,36.45500183105469,35.30500030517578,36.23500061035156,32.09284973144531,2717000,0.0,0.0
2017-06-22,36.42499923706055,36.42499923706055,35.79999923706055,35.9900016784668,31.875864028930664,2025400,0.0,0.0
2017-06-23,36.05500030517578,36.29999923706055,35.54499816894531,35.9900016784668,31.875864028930664,3780000,0.0,0.0
2017-06-26,35.6150016784668,35.709999084472656,34.915000915527344,35.21500015258789,31.360071182250977,3423000,0.195808,0.0
2017-06-27,35.154998779296875,35.41999816894531,34.959999084472656,34.994998931884766,31.16415405273437,2997000,0.0,0.0
2017-06-28,34.98500061035156,35.39500045776367,34.974998474121094,35.349998474121094,31.48028945922852,1503800,0.0,0.0
2017-06-29,35.564998626708984,36.21500015258789,35.435001373291016,35.80500030517578,31.885486602783203,3626600,0.0,0.0
2017-06-30,36.0,36.06499862670898,35.474998474121094,35.900001525878906,31.97008514404297,1325600,0.0,0.0
2017-07-03,35.904998779296875,37.0,35.70000076293945,36.77000045776367,32.74485397338867,2291400,0.0,0.0
2017-07-04,36.97499847412109,37.025001525878906,36.29999923706055,36.6150016784668,32.606815338134766,1699600,0.0,0.0
2017-07-05,36.56999969482422,37.20000076293945,36.44499969482422,36.9900016784668,32.94076919555664,1520800,0.0,0.0
2017-07-06,36.10499954223633,37.005001068115234,36.10499954223633,37.005001068115234,32.95412063598633,1301400,0.0,0.0
2017-07-07,37.19499969482422,37.19499969482422,36.70000076293945,36.720001220703125,32.70032501220703,1646600,0.0,0.0
2017-07-10,36.77999877929688,37.03499984741211,36.56999969482422,36.72499847412109,32.704776763916016,5398200,0.0,0.0
2017-07-11,37.0,37.31999969482422,36.650001525878906,36.97999954223633,32.931854248046875,3234400,0.0,0.0
2017-07-12,37.44499969482422,37.44499969482422,36.810001373291016,37.255001068115234,33.17676544189453,2466000,0.0,0.0
2017-07-13,37.494998931884766,37.57500076293945,36.415000915527344,36.5,32.50440979003906,2719200,0.0,0.0
2017-07-14,36.845001220703125,37.125,36.48500061035156,36.869998931884766,32.83390808105469,3713800,0.0,0.0
2017-07-17,36.869998931884766,36.869998931884766,36.869998931884766,36.869998931884766,32.83390808105469,0,0.0,0.0
2017-07-18,37.09999847412109,37.459999084472656,36.685001373291016,37.10499954223633,33.043174743652344,1995800,0.0,0.0
2017-07-19,37.44499969482422,37.650001525878906,37.04999923706055,37.369998931884766,33.279170989990234,1761400,0.0,0.0
2017-07-20,37.400001525878906,38.38999938964844,37.04999923706055,37.93000030517578,33.777870178222656,2158800,0.0,0.0
2017-07-21,37.9900016784668,38.79999923706055,37.744998931884766,38.34999847412109,34.15188980102539,2254600,0.0,0.0
2017-07-24,38.15999984741211,38.81999969482422,38.15999984741211,38.54499816894531,34.325538635253906,2037000,0.0,0.0
2017-07-25,38.54499816894531,38.900001525878906,38.41999816894531,38.875,34.61941909790039,5743400,0.0,0.0
2017-07-26,38.834999084472656,38.97499847412109,38.4900016784668,38.68999862670898,34.45466995239258,1898200,0.0,0.0
2017-07-27,38.75,38.91999816894531,38.625,38.75,34.50809860229492,2653400,0.0,0.0
2017-07-28,38.93999862670898,39.209999084472656,38.665000915527344,39.04999923706055,34.775264739990234,2080600,0.0,0.0
2017-07-31,39.244998931884766,39.494998931884766,38.61000061035156,38.875,34.61941909790039,1843800,0.0,0.0
2017-08-01,38.875,39.34000015258789,38.38999938964844,39.084999084472656,34.80642318725586,3249000,0.0,0.0
2017-08-02,38.72999954223633,39.20000076293945,38.72999954223633,38.98500061035156,34.717376708984375,1261600,0.0,0.0
2017-08-03,39.0,39.25,38.900001525878906,39.04999923706055,34.775264739990234,1292200,0.0,0.0
2017-08-04,39.2400016784668,39.2400016784668,38.005001068115234,38.18999862670898,34.009403228759766,1725400,0.0,0.0
2017-08-07,38.150001525878906,38.32500076293945,37.64500045776367,37.744998931884766,33.61311340332031,1793400,0.0,0.0
2017-08-08,37.89500045776367,37.93999862670898,37.45500183105469,37.65499877929688,33.5329704284668,2043200,0.0,0.0
2017-08-09,37.494998931884766,37.95000076293945,37.42499923706055,37.75,33.61756896972656,1004600,0.0,0.0
2017-08-10,37.915000915527344,38.93000030517578,37.6349983215332,38.93000030517578,34.668392181396484,2115400,0.0,0.0
2017-08-11,38.8650016784668,39.415000915527344,38.80500030517578,39.30500030517578,35.00234603881836,2859000,0.0,0.0
2017-08-14,39.400001525878906,39.880001068115234,39.0099983215332,39.07500076293945,34.79753112792969,3978600,0.0,0.0
2017-08-15,39.025001525878906,39.025001525878906,38.3849983215332,38.85499954223633,34.60160446166992,1507800,0.0,0.0
2017-08-16,38.75,38.88999938964844,37.71500015258789,38.09999847412109,33.92925262451172,3993200,0.0,0.0
2017-08-17,38.470001220703125,38.619998931884766,38.150001525878906,38.619998931884766,34.392333984375,3114200,0.0,0.0
2017-08-18,38.43999862670898,39.17499923706055,38.1349983215332,38.59999847412109,34.3745231628418,3137200,0.0,0.0
2017-08-21,38.59999847412109,38.59999847412109,38.59999847412109,38.59999847412109,34.3745231628418,0,0.0,0.0
2017-08-22,38.95000076293945,39.59999847412109,38.61000061035156,39.01499938964844,34.74408721923828,1778800,0.0,0.0
2017-08-23,38.959999084472656,39.64500045776367,38.81499862670898,39.26499938964844,34.96672821044922,1913400,0.0,0.0
2017-08-24,39.44499969482422,39.744998931884766,39.07500076293945,39.29499816894531,34.993438720703125,2086400,0.0,0.0
2017-08-25,39.2400016784668,39.56999969482422,39.2400016784668,39.43999862670898,35.12257385253906,1788200,0.0,0.0
2017-08-28,39.44499969482422,39.44499969482422,38.69499969482422,39.1349983215332,34.850955963134766,1668400,0.0,0.0
2017-08-29,39.09999847412109,39.630001068115234,39.060001373291016,39.11000061035156,34.82869338989258,743400,0.0,0.0
2017-08-30,39.06999969482422,39.41999816894531,38.81499862670898,39.01499938964844,34.74408721923828,1188000,0.0,0.0
2017-08-31,39.244998931884766,39.79499816894531,38.970001220703125,39.4900016784668,35.16709518432617,1677800,0.0,0.0
2017-09-01,39.72999954223633,39.85499954223633,38.65499877929688,39.525001525878906,35.19826889038086,1218400,0.0,0.0
2017-09-04,39.70000076293945,39.89500045776367,39.35499954223633,39.630001068115234,35.29176712036133,1467400,0.0,0.0
2017-09-05,39.55500030517578,40.220001220703125,39.52000045776367,39.89500045776367,35.52775955200195,1417600,0.0,0.0
2017-09-06,39.93000030517578,39.9900016784668,39.0099983215332,39.51499938964844,35.189353942871094,2437400,0.0,0.0
2017-09-07,39.52999877929688,39.7599983215332,39.04999923706055,39.04999923706055,34.775264739990234,2035600,0.0,0.0
2017-09-08,39.435001373291016,39.52999877929688,37.97999954223633,38.45000076293945,34.24094772338867,3560000,0.0,0.0
2017-09-11,38.45000076293945,38.45000076293945,38.45000076293945,38.45000076293945,34.24094772338867,0,0.0,0.0
2017-09-12,38.45000076293945,38.790000915527344,37.650001525878906,38.30500030517578,34.111812591552734,2973400,0.0,0.0
2017-09-13,38.380001068115234,39.48500061035156,38.02000045776367,38.90499877929688,34.6461296081543,2628000,0.0,0.0
2017-09-14,38.75,39.14500045776367,38.09999847412109,38.18999862670898,34.009403228759766,3212600,0.0,0.0
2017-09-15,38.130001068115234,38.790000915527344,38.06999969482422,38.56999969482422,34.347808837890625,2282400,0.0,0.0
2017-09-18,39.0,39.0,36.32500076293945,37.025001525878906,32.9719352722168,5135000,0.0,0.0
2017-09-19,37.0,37.0,35.025001525878906,35.025001525878906,31.19086647033692,6554400,0.0,0.0
2017-09-20,35.875,35.875,35.875,35.875,31.94781875610352,3427600,0.0,0.0
2017-09-21,35.875,36.29999923706055,35.25,35.599998474121094,31.70292854309082,3735600,0.0,0.0
2017-09-22,35.599998474121094,35.599998474121094,35.599998474121094,35.599998474121094,31.70292854309082,0,0.0,0.0
2017-09-25,35.529998779296875,36.36000061035156,35.529998779296875,36.125,32.17046356201172,2207000,0.0,0.0
2017-09-26,35.900001525878906,36.560001373291016,35.7599983215332,36.27000045776367,32.299583435058594,1419200,0.0,0.0
2017-09-27,36.27000045776367,36.27000045776367,36.27000045776367,36.27000045776367,32.299583435058594,0,0.0,0.0
2017-09-28,36.81499862670898,37.31999969482422,36.13999938964844,36.95000076293945,32.90514373779297,2841600,0.0,0.0
2017-09-29,36.6349983215332,37.435001373291016,36.46500015258789,36.494998931884766,32.49995422363281,3299000,0.0,0.0
2017-10-02,36.40999984741211,36.93999862670898,36.125,36.73500061035156,32.713680267333984,746800,0.0,0.0
2017-10-03,36.70000076293945,36.70000076293945,36.209999084472656,36.220001220703125,32.255062103271484,978800,0.0,0.0
2017-10-04,36.1349983215332,36.40999984741211,35.505001068115234,36.0,32.05914306640625,1654000,0.0,0.0
2017-10-05,36.36000061035156,36.4900016784668,35.654998779296875,35.654998779296875,31.75190544128418,2729000,0.0,0.0
2017-10-06,35.935001373291016,36.45000076293945,35.18000030517578,35.18000030517578,31.32890510559082,3751800,0.0,0.0
2017-10-09,35.150001525878906,35.494998931884766,34.41999816894531,35.099998474121094,31.25765991210937,5987200,0.0,0.0
2017-10-10,35.099998474121094,35.33000183105469,34.48500061035156,34.95000076293945,31.12408447265625,3196800,0.0,0.0
2017-10-11,34.904998779296875,35.70000076293945,34.755001068115234,35.45000076293945,31.569351196289062,2952400,0.0,0.0
2017-10-12,35.54999923706055,36.1150016784668,35.25,35.415000915527344,31.53818130493164,1485400,0.0,0.0
2017-10-13,35.18000030517578,35.689998626708984,35.029998779296875,35.48500061035156,31.60051345825196,2025800,0.0,0.0
2017-10-16,35.07500076293945,35.654998779296875,34.505001068115234,35.474998474121094,31.59160614013672,2447800,0.0,0.0
2017-10-17,35.91999816894531,35.91999816894531,35.244998931884766,35.244998931884766,31.38678741455078,3587800,0.0,0.0
2017-10-18,35.244998931884766,35.720001220703125,35.0,35.29499816894531,31.43131446838379,3777000,0.0,0.0
2017-10-19,35.099998474121094,36.45000076293945,34.79999923706055,36.45000076293945,32.45988464355469,2474000,0.0,0.0
2017-10-20,36.29999923706055,37.1349983215332,36.185001373291016,36.494998931884766,32.49995422363281,4300000,0.0,0.0
2017-10-23,36.06999969482422,36.61000061035156,35.81999969482422,36.369998931884766,32.388633728027344,2623600,0.0,0.0
2017-10-24,36.125,36.75,35.84000015258789,36.17499923706055,32.2149772644043,4718800,0.0,0.0
2017-10-25,36.45000076293945,36.720001220703125,35.849998474121094,36.095001220703125,32.143741607666016,1550600,0.0,0.0
2017-10-26,35.959999084472656,36.17499923706055,35.650001525878906,36.16999816894531,32.210533142089844,1177800,0.0,0.0
2017-10-27,36.09999847412109,36.59000015258789,36.084999084472656,36.459999084472656,32.468788146972656,1280800,0.0,0.0
2017-10-30,36.470001220703125,37.13999938964844,36.10499954223633,36.970001220703125,32.92295455932617,1798200,0.0,0.0
2017-10-31,36.79999923706055,37.27999877929688,36.55500030517578,36.93999862670898,32.896236419677734,1164400,0.0,0.0
2017-11-01,36.93999862670898,36.93999862670898,36.93999862670898,36.93999862670898,32.896236419677734,0,0.0,0.0
2017-11-02,36.89500045776367,37.244998931884766,36.36000061035156,36.875,32.838348388671875,796000,0.0,0.0
2017-11-03,37.13999938964844,37.33000183105469,36.7599983215332,37.02000045776367,32.96747970581055,943000,0.0,0.0
2017-11-06,37.29499816894531,37.5,37.10499954223633,37.5,33.39494323730469,1659600,0.0,0.0
2017-11-07,37.5,37.5,37.5,37.5,33.39494323730469,0,0.0,0.0
2017-11-08,37.65499877929688,38.51499938964844,37.65499877929688,38.48500061035156,34.27210998535156,2196600,0.0,0.0
2017-11-09,38.17499923706055,38.78499984741211,38.10499954223633,38.10499954223633,33.93370819091797,1807000,0.0,0.0
2017-11-10,38.290000915527344,39.0,38.25,38.54999923706055,34.32999038696289,1950400,0.0,0.0
2017-11-13,38.435001373291016,38.970001220703125,38.38999938964844,38.630001068115234,34.401241302490234,2986800,0.0,0.0
2017-11-14,38.43000030517578,38.97499847412109,38.29499816894531,38.900001525878906,34.64168167114258,1491000,0.0,0.0
2017-11-15,38.66999816894531,38.95000076293945,38.630001068115234,38.75,34.50809860229492,2158400,0.0,0.0
2017-11-16,38.3849983215332,38.8650016784668,38.1349983215332,38.45000076293945,34.24094772338867,4658600,0.0,0.0
2017-11-17,38.45000076293945,38.68000030517578,38.22499847412109,38.59999847412109,34.3745231628418,2031800,0.0,0.0
2017-11-20,38.494998931884766,38.744998931884766,38.15499877929688,38.685001373291016,34.450218200683594,2653000,0.0,0.0
2017-11-21,38.68000030517578,38.93999862670898,38.56499862670898,38.79499816894531,34.548179626464844,751400,0.0,0.0
2017-11-22,38.79999923706055,39.0,38.625,38.875,34.61941909790039,1311600,0.0,0.0
2017-11-23,38.935001373291016,39.55500030517578,38.72999954223633,39.209999084472656,34.91774368286133,1786600,0.0,0.0
2017-11-24,39.03499984741211,39.63999938964844,38.78499984741211,39.45000076293945,35.131473541259766,2380400,0.0,0.0
2017-11-27,39.42499923706055,39.75,39.25,39.35499954223633,35.046878814697266,2064200,0.0,0.0
2017-11-28,39.494998931884766,39.6150016784668,38.94499969482422,39.59000015258789,35.25614547729492,1184200,0.0,0.0
2017-11-29,39.52000045776367,39.845001220703125,38.810001373291016,39.79999923706055,35.44316101074219,1236200,0.0,0.0
2017-11-30,39.935001373291016,40.7599983215332,39.540000915527344,40.505001068115234,36.07099151611328,3213800,0.0,0.0
2017-12-01,40.505001068115234,40.505001068115234,40.505001068115234,40.505001068115234,36.07099151611328,0,0.0,0.0
2017-12-04,40.834999084472656,40.96500015258789,39.8849983215332,40.334999084472656,35.91958999633789,2870800,0.0,0.0
2017-12-05,40.29999923706055,40.310001373291016,39.375,39.720001220703125,35.37192153930664,2352600,0.0,0.0
2017-12-06,39.68999862670898,40.165000915527344,39.584999084472656,39.97499847412109,35.5989990234375,1916400,0.0,0.0
2017-12-07,40.02999877929688,41.09999847412109,40.02999877929688,40.77000045776367,36.306976318359375,2333800,0.0,0.0
2017-12-08,40.79499816894531,41.625,40.650001525878906,40.92499923706055,36.44500732421875,2161600,0.0,0.0
2017-12-11,40.209999084472656,40.66999816894531,39.89500045776367,40.470001220703125,36.039817810058594,2071000,0.0,0.0
2017-12-12,40.02000045776367,40.48500061035156,39.59999847412109,39.67499923706055,35.33184051513672,1288400,0.0,0.0
2017-12-13,39.400001525878906,40.41999816894531,38.755001068115234,40.0,35.62126922607422,2726800,0.0,0.0
2017-12-14,39.72499847412109,40.65999984741211,39.65499877929688,39.95000076293945,35.57674026489258,2155800,0.0,0.0
2017-12-15,40.09999847412109,40.494998931884766,38.709999084472656,39.09999847412109,34.819786071777344,2120800,0.0,0.0
2017-12-18,38.86000061035156,39.27000045776367,38.11000061035156,38.64500045776367,34.41460418701172,2392000,0.0,0.0
2017-12-19,39.29999923706055,39.650001525878906,39.185001373291016,39.185001373291016,34.89548110961914,2903400,0.0,0.0
2017-12-20,39.34999847412109,39.84000015258789,39.27999877929688,39.5,35.17599105834961,2009800,0.0,0.0
2017-12-21,39.53499984741211,39.584999084472656,39.04999923706055,39.375,35.0646858215332,1381800,0.0,0.0
2017-12-22,39.584999084472656,39.584999084472656,39.09999847412109,39.35499954223633,35.046878814697266,586200,0.0,0.0
2017-12-27,39.10499954223633,39.65999984741211,39.10499954223633,39.34000015258789,35.03351593017578,1664800,0.0,0.0
2017-12-28,39.35499954223633,39.790000915527344,39.13999938964844,39.27000045776367,34.97117614746094,2322400,0.0,0.0
2017-12-29,39.09999847412109,39.82500076293945,38.5,39.31999969482422,35.01570510864258,4073200,0.0,0.0
2018-01-02,39.44499969482422,39.89500045776367,39.11000061035156,39.6349983215332,35.29622268676758,1860600,0.0,0.0
2018-01-03,39.89500045776367,39.89500045776367,38.54499816894531,38.78499984741211,34.539268493652344,3185600,0.0,0.0
2018-01-04,38.78499984741211,38.79499816894531,38.07500076293945,38.209999084472656,34.02721405029297,1767800,0.0,0.0
2018-01-05,38.165000915527344,38.39500045776367,37.66999816894531,37.66999816894531,33.54631805419922,3739400,0.0,0.0
2018-01-08,37.720001220703125,37.90499877929688,36.84000015258789,37.09999847412109,33.038726806640625,3442600,0.0,0.0
2018-01-09,36.255001068115234,36.78499984741211,35.83000183105469,36.625,32.79901123046875,2918000,0.207326,0.0
2018-01-10,36.80500030517578,36.80500030517578,36.119998931884766,36.25,32.46318817138672,2137800,0.0,0.0
2018-01-11,36.32500076293945,36.880001068115234,36.275001525878906,36.290000915527344,32.49900817871094,1936000,0.0,0.0
2018-01-12,36.26499938964844,36.58000183105469,35.915000915527344,36.459999084472656,32.65125274658203,2215800,0.0,0.0
2018-01-15,36.595001220703125,36.70000076293945,36.18000030517578,36.36000061035156,32.56169509887695,2763600,0.0,0.0
2018-01-16,36.4900016784668,37.165000915527344,36.18999862670898,37.13999938964844,33.260215759277344,2288600,0.0,0.0
2018-01-17,37.209999084472656,37.334999084472656,36.68999862670898,36.7400016784668,32.90200424194336,1972200,0.0,0.0
2018-01-18,36.84999847412109,36.93000030517578,36.17499923706055,36.470001220703125,32.66020965576172,2376600,0.0,0.0
2018-01-19,36.35499954223633,36.54499816894531,36.20000076293945,36.435001373291016,32.62886047363281,1138400,0.0,0.0
2018-01-22,36.27999877929688,36.380001068115234,35.77000045776367,35.92499923706055,32.17213439941406,3250800,0.0,0.0
2018-01-23,36.0,36.15499877929688,35.5,35.5,31.791528701782227,4209800,0.0,0.0
2018-01-24,35.38999938964844,35.73500061035156,35.154998779296875,35.4900016784668,31.782583236694336,1847400,0.0,0.0
2018-01-25,35.5,35.709999084472656,35.119998931884766,35.22999954223633,31.54974174499512,2460000,0.0,0.0
2018-01-26,35.130001068115234,35.48500061035156,35.0099983215332,35.400001525878906,31.701976776123047,2470600,0.0,0.0
2018-01-29,35.529998779296875,35.67499923706055,34.83000183105469,35.0099983215332,31.35272216796875,1646800,0.0,0.0
2018-01-30,34.775001525878906,35.17499923706055,34.599998474121094,34.625,31.007936477661133,1684800,0.0,0.0
2018-01-31,34.94499969482422,34.94499969482422,34.400001525878906,34.689998626708984,31.066150665283203,1534000,0.0,0.0
2018-02-01,34.689998626708984,35.09000015258789,34.46500015258789,34.779998779296875,31.14674186706543,1838400,0.0,0.0
2018-02-02,34.47999954223633,35.25,34.41999816894531,35.25,31.567651748657227,2536800,0.0,0.0
2018-02-05,35.29499816894531,35.88999938964844,35.099998474121094,35.459999084472656,31.75571060180664,1867000,0.0,0.0
2018-02-06,35.459999084472656,35.560001373291016,34.619998931884766,35.150001525878906,31.478099822998047,1628600,0.0,0.0
2018-02-07,35.349998474121094,35.349998474121094,34.290000915527344,34.349998474121094,30.76166343688965,1801800,0.0,0.0
2018-02-08,34.0,34.54499816894531,33.904998779296875,34.54499816894531,30.9363021850586,1847800,0.0,0.0
2018-02-09,35.29499816894531,35.29499816894531,34.54999923706055,34.54999923706055,30.94077491760254,1935000,0.0,0.0
2018-02-12,34.470001220703125,34.6349983215332,34.1349983215332,34.5,30.89599609375,2083600,0.0,0.0
2018-02-13,34.720001220703125,34.720001220703125,33.98500061035156,34.20000076293945,30.627338409423828,2856400,0.0,0.0
2018-02-14,34.29499816894531,34.29499816894531,33.775001525878906,34.0,30.44822883605957,2229000,0.0,0.0
2018-02-15,34.0,34.18000030517578,33.5,33.5,30.00046157836914,3917000,0.0,0.0
2018-02-16,33.6150016784668,33.685001373291016,32.95000076293945,33.150001525878906,29.687026977539062,3457200,0.0,0.0
2018-02-19,33.130001068115234,33.349998474121094,32.79999923706055,32.97999954223633,29.53478240966797,5827200,0.0,0.0
2018-02-20,32.85499954223633,33.099998474121094,32.125,32.125,28.76909828186035,2860400,0.0,0.0
2018-02-21,32.01499938964844,32.185001373291016,31.190000534057617,31.25,27.98550605773925,4546000,0.0,0.0
2018-02-22,31.46999931335449,32.0,31.309999465942383,31.82999992370605,28.50491714477539,5049800,0.0,0.0
2018-02-23,31.8799991607666,31.920000076293945,31.225000381469727,31.299999237060547,28.0302791595459,3760200,0.0,0.0
2018-02-26,31.174999237060547,31.725000381469727,30.96999931335449,31.674999237060547,28.366106033325195,2315400,0.0,0.0
2018-02-27,31.674999237060547,31.77499961853028,31.350000381469727,31.5,28.20938873291016,1428400,0.0,0.0
2018-02-28,31.709999084472656,31.709999084472656,30.325000762939453,30.325000762939453,27.15713691711425,2809600,0.0,0.0
2018-03-01,30.34000015258789,30.950000762939453,30.0,30.51000022888184,27.32280921936035,2376800,0.0,0.0
2018-03-02,30.64999961853028,30.89999961853028,30.625,30.780000686645508,27.564603805541992,2280600,0.0,0.0
2018-03-05,30.98500061035156,31.21999931335449,30.854999542236328,30.989999771118164,27.752662658691406,1764800,0.0,0.0
2018-03-06,31.13999938964844,31.280000686645508,30.225000381469727,30.225000381469727,27.06758117675781,2585200,0.0,0.0
2018-03-07,30.225000381469727,30.424999237060547,29.809999465942383,30.059999465942383,26.919816970825195,2984600,0.0,0.0
2018-03-08,27.9950008392334,28.350000381469727,26.625,27.0049991607666,24.1839542388916,11699000,0.0,0.0
2018-03-09,26.75,27.0,26.30500030517578,27.0,24.17947769165039,9135200,0.0,0.0
2018-03-12,27.225000381469727,27.25,26.5,26.5,23.731708526611328,3663400,0.0,0.0
2018-03-13,26.475000381469727,27.07999992370605,26.270000457763672,26.27499961853028,23.53021240234375,3815800,0.0,0.0
2018-03-14,26.375,26.600000381469727,26.0,26.05500030517578,23.33319664001465,3603800,0.0,0.0
2018-03-15,26.06999969482422,26.75,25.915000915527344,26.75,23.95559310913086,3504000,0.0,0.0
2018-03-16,27.0,27.2549991607666,26.299999237060547,27.01000022888184,24.188432693481445,2705000,0.0,0.0
2018-03-19,27.20499992370605,27.71500015258789,27.20499992370605,27.55500030517578,24.676498413085938,5531000,0.0,0.0
2018-03-20,27.459999084472656,27.670000076293945,26.670000076293945,26.989999771118164,24.170522689819336,3971800,0.0,0.0
2018-03-21,27.049999237060547,27.21999931335449,26.77499961853028,27.21999931335449,24.37649345397949,3648000,0.0,0.0
2018-03-22,27.145000457763672,27.20499992370605,26.450000762939453,26.559999465942383,23.78544235229492,4318200,0.0,0.0
2018-03-23,26.31999969482422,27.489999771118164,26.25,27.290000915527344,24.439184188842773,9290000,0.0,0.0
2018-03-26,27.26000022888184,27.405000686645508,25.565000534057617,25.670000076293945,22.988414764404297,4263600,0.0,0.0
2018-03-27,25.96500015258789,26.6200008392334,25.76499938964844,26.170000076293945,23.436180114746094,3556600,0.0,0.0
2018-03-28,25.64999961853028,25.9950008392334,24.9950008392334,25.065000534057617,22.446617126464844,3483800,0.0,0.0
2018-04-03,24.84000015258789,25.200000762939453,24.450000762939453,25.200000762939453,22.56751251220703,2957400,0.0,0.0
2018-04-04,25.46500015258789,25.46500015258789,24.32999992370605,24.32999992370605,21.788393020629883,2897600,0.0,0.0
2018-04-05,24.0,24.075000762939453,22.940000534057617,23.575000762939453,21.112266540527344,2598400,0.0,0.0
2018-04-06,23.725000381469727,25.295000076293945,23.63500022888184,25.0,22.38840103149414,7920400,0.0,0.0
2018-04-09,24.95499992370605,25.63999938964844,24.78499984741211,25.0,22.38840103149414,8633600,0.0,0.0
2018-04-10,24.950000762939453,26.34000015258789,24.75,25.70499992370605,23.019758224487305,3563200,0.0,0.0
2018-04-11,25.700000762939453,26.145000457763672,25.25,25.614999771118164,22.93915748596192,2964600,0.0,0.0
2018-04-12,25.21500015258789,25.459999084472656,24.690000534057617,24.795000076293945,22.204822540283203,3180000,0.0,0.0
2018-04-13,24.51000022888184,25.03499984741211,24.364999771118164,24.600000381469727,22.03018951416016,2537200,0.0,0.0
2018-04-16,24.2549991607666,24.600000381469727,23.28499984741211,24.15999984741211,21.63615608215332,4057600,0.0,0.0
2018-04-17,24.104999542236328,24.39999961853028,23.38500022888184,24.38999938964844,21.84212875366211,3995800,0.0,0.0
2018-04-18,24.80500030517578,25.07999992370605,24.40999984741211,24.815000534057617,22.222728729248047,3094600,0.0,0.0
2018-04-19,24.61000061035156,25.8799991607666,24.61000061035156,25.489999771118164,22.82721519470215,3147200,0.0,0.0
2018-04-20,25.65999984741211,25.81999969482422,23.854999542236328,24.424999237060547,21.87347221374512,4100200,0.0,0.0
2018-04-23,24.5,24.684999465942383,24.0,24.229999542236328,21.698841094970703,2891400,0.0,0.0
2018-04-24,24.030000686645508,24.21500015258789,23.13999938964844,23.5,21.045101165771484,6152400,0.0,0.0
2018-04-25,23.290000915527344,23.795000076293945,23.19499969482422,23.75,21.268983840942383,3276600,0.0,0.0
2018-04-26,23.75,24.64999961853028,23.315000534057617,24.350000381469727,21.806304931640625,4466400,0.0,0.0
2018-04-27,24.51000022888184,24.545000076293945,23.104999542236328,23.31999969482422,20.883901596069336,4157200,0.0,0.0
2018-04-30,23.27499961853028,23.27499961853028,22.34499931335449,22.600000381469727,20.23911666870117,3420800,0.0,0.0
2018-05-02,22.625,23.32999992370605,22.450000762939453,22.96500015258789,20.56598663330078,2702200,0.0,0.0
2018-05-03,22.989999771118164,23.520000457763672,22.6299991607666,23.209999084472656,20.78539657592773,2150200,0.0,0.0
2018-05-04,23.364999771118164,23.440000534057617,22.834999084472656,23.170000076293945,20.749570846557617,1676400,0.0,0.0
2018-05-07,23.100000381469727,23.19499969482422,21.780000686645508,22.100000381469727,19.791349411010746,3257800,0.0,0.0
2018-05-08,21.940000534057617,22.75,21.934999465942383,22.604999542236328,20.243593215942383,2956800,0.0,0.0
2018-05-09,23.25,23.415000915527344,22.70499992370605,22.975000381469727,20.57494163513184,3510800,0.0,0.0
2018-05-11,22.89999961853028,23.065000534057617,22.309999465942383,23.01000022888184,20.60628700256348,1589600,0.0,0.0
2018-05-14,23.01000022888184,23.4950008392334,22.875,23.0,20.597332000732425,3000400,0.0,0.0
2018-05-15,22.88500022888184,23.21999931335449,22.71999931335449,22.89999961853028,20.507776260375977,1059600,0.0,0.0
2018-05-16,23.040000915527344,23.14999961853028,22.51000022888184,22.88500022888184,20.49434280395508,2573400,0.0,0.0
2018-05-18,22.895000457763672,23.59000015258789,22.674999237060547,23.32999992370605,20.892858505249023,3063600,0.0,0.0
2018-05-22,23.65999984741211,23.75,22.7549991607666,22.795000076293945,20.413747787475582,3076400,0.0,0.0
2018-05-23,22.7549991607666,23.190000534057617,22.51499938964844,22.75,20.373449325561523,1967800,0.0,0.0
2018-05-24,22.76499938964844,22.834999084472656,22.45499992370605,22.670000076293945,20.30180549621582,2167600,0.0,0.0
2018-05-25,22.7450008392334,22.770000457763672,21.40999984741211,21.46500015258789,19.22268295288086,7368200,0.0,0.0
2018-05-28,21.520000457763672,21.55500030517578,20.770000457763672,21.06999969482422,18.86894798278809,6961800,0.0,0.0
2018-05-29,21.11000061035156,21.64999961853028,21.020000457763672,21.350000381469727,19.11969757080078,10450800,0.0,0.0
2018-05-30,21.36000061035156,21.71999931335449,21.21500015258789,21.57999992370605,19.32567024230957,5543000,0.0,0.0
2018-05-31,21.36000061035156,21.450000762939453,21.02499961853028,21.405000686645508,19.16895294189453,3359000,0.0,0.0
2018-06-01,22.01499938964844,22.01499938964844,21.280000686645508,21.64999961853028,19.388357162475582,3271800,0.0,0.0
2018-06-04,21.34499931335449,21.350000381469727,20.299999237060547,20.915000915527344,18.73014068603516,5334200,0.0,0.0
2018-06-05,21.059999465942383,21.950000762939453,20.96500015258789,21.88999938964844,19.60328483581543,3822200,0.0,0.0
2018-06-06,21.989999771118164,22.8700008392334,21.95499992370605,22.5,20.149564743041992,4232800,0.0,0.0
2018-06-07,22.5,22.59000015258789,21.53499984741211,21.625,19.36596870422364,2830600,0.0,0.0
2018-06-08,21.625,22.25,21.625,21.864999771118164,19.58089828491211,2168200,0.0,0.0
2018-06-11,21.875,22.18000030517578,21.71500015258789,22.11000061035156,19.8003044128418,1749600,0.0,0.0
2018-06-12,21.690000534057617,21.690000534057617,20.325000762939453,20.325000762939453,18.20176887512207,9034400,0.0,0.0
2018-06-13,20.440000534057617,20.440000534057617,19.75,19.850000381469727,17.776395797729492,7164000,0.0,0.0
2018-06-14,21.32999992370605,21.934999465942383,20.96500015258789,21.350000381469727,19.11969757080078,8974000,0.0,0.0
2018-06-15,21.375,22.950000762939453,21.375,22.59000015258789,20.23016166687012,8790400,0.0,0.0
2018-06-18,23.0,23.065000534057617,22.0049991607666,22.225000381469727,19.903291702270508,4828000,0.0,0.0
2018-06-19,22.295000076293945,23.375,22.26000022888184,22.815000534057617,20.431659698486328,6614200,0.0,0.0
2018-06-20,22.88500022888184,23.059999465942383,22.299999237060547,22.46500015258789,20.118221282958984,3652400,0.0,0.0
2018-06-21,22.25,22.540000915527344,21.51000022888184,21.84000015258789,19.558507919311523,3828400,0.0,0.0
2018-06-22,21.350000381469727,21.395000457763672,20.440000534057617,20.440000534057617,18.41352081298828,4965200,0.129003,0.0
2018-06-25,20.424999237060547,20.920000076293945,20.200000762939453,20.84499931335449,18.778369903564453,2979400,0.0,0.0
2018-06-26,21.155000686645508,22.13500022888184,21.03499984741211,21.875,19.70625114440918,3010800,0.0,0.0
2018-06-27,21.51000022888184,21.63500022888184,20.86000061035156,21.225000381469727,19.12069702148437,3906600,0.0,0.0
2018-06-28,21.82999992370605,22.395000457763672,21.645000457763672,21.93000030517578,19.75579833984375,4916400,0.0,0.0
2018-06-29,21.700000762939453,21.76499938964844,21.104999542236328,21.420000076293945,19.296363830566406,3645400,0.0,0.0
2018-07-02,21.184999465942383,21.56999969482422,20.96999931335449,21.5,19.3684310913086,3188200,0.0,0.0
2018-07-03,21.270000457763672,21.645000457763672,20.700000762939453,20.82999992370605,18.764856338500977,4065000,0.0,0.0
2018-07-04,20.825000762939453,21.51499938964844,20.75,21.51499938964844,19.38194465637207,2384400,0.0,0.0
2018-07-05,21.424999237060547,22.125,21.299999237060547,21.540000915527344,19.40446853637696,3291200,0.0,0.0
2018-07-06,21.73500061035156,21.73500061035156,20.625,21.190000534057617,19.08916664123535,4138000,0.0,0.0
2018-07-09,21.25,21.75,21.11000061035156,21.739999771118164,19.58463478088379,2099400,0.0,0.0
2018-07-10,21.655000686645508,21.655000686645508,21.065000534057617,21.34499931335449,19.22879981994629,2247200,0.0,0.0
2018-07-11,21.5,21.81999969482422,21.209999084472656,21.690000534057617,19.53959274291992,2980200,0.0,0.0
2018-07-12,21.69499969482422,21.69499969482422,20.64999961853028,20.700000762939453,18.64774513244629,3831400,0.0,0.0
2018-07-13,20.84499931335449,21.045000076293945,20.450000762939453,20.584999084472656,18.54414749145508,3692400,0.0,0.0
2018-07-16,21.5,21.88999938964844,21.040000915527344,21.25,19.143217086791992,5815800,0.0,0.0
2018-07-17,21.25,21.30500030517578,19.924999237060547,20.030000686645508,18.044172286987305,4757600,0.0,0.0
2018-07-18,20.01000022888184,20.100000381469727,19.5049991607666,19.655000686645508,17.70635223388672,3678200,0.0,0.0
2018-07-19,20.0,20.145000457763672,19.2450008392334,19.59000015258789,17.64779281616211,4793200,0.0,0.0
2018-07-20,19.924999237060547,19.924999237060547,19.209999084472656,19.405000686645508,17.48114013671875,3019000,0.0,0.0
2018-07-23,19.0,19.21500015258789,18.5049991607666,19.14999961853028,17.25141716003418,4481400,0.0,0.0
2018-07-24,19.25,19.604999542236328,19.200000762939453,19.21500015258789,17.309974670410156,3487200,0.0,0.0
2018-07-25,19.11000061035156,19.32999992370605,18.84000015258789,19.020000457763672,17.134305953979492,3412000,0.0,0.0
2018-07-26,19.100000381469727,19.32999992370605,18.924999237060547,19.114999771118164,17.219886779785156,3279000,0.0,0.0
2018-07-27,19.190000534057617,19.795000076293945,19.045000076293945,19.655000686645508,17.70635223388672,2438000,0.0,0.0
2018-07-30,19.7450008392334,19.81999969482422,19.424999237060547,19.57999992370605,17.63878631591797,3067600,0.0,0.0
2018-07-31,19.63999938964844,19.940000534057617,19.27499961853028,19.5,17.56671714782715,3882000,0.0,0.0
2018-08-01,19.51499938964844,19.725000381469727,18.905000686645508,18.934999465942383,17.0577335357666,4663400,0.0,0.0
2018-08-02,19.125,19.19499969482422,18.309999465942383,18.39999961853028,16.57577133178711,12744800,0.0,0.0
2018-08-03,18.489999771118164,18.795000076293945,18.13999938964844,18.5,16.66585922241211,4281000,0.0,0.0
2018-08-06,18.36000061035156,18.489999771118164,18.184999465942383,18.350000381469727,16.530731201171875,2620000,0.0,0.0
2018-08-07,18.75,19.5,18.71999931335449,19.20499992370605,17.30096435546875,6671400,0.0,0.0
2018-08-08,19.48500061035156,19.684999465942383,19.15999984741211,19.225000381469727,17.318984985351562,4036600,0.0,0.0
2018-08-09,19.075000762939453,19.07999992370605,18.600000381469727,18.665000915527344,16.814502716064453,3352800,0.0,0.0
2018-08-10,18.684999465942383,18.84499931335449,18.459999084472656,18.64999961853028,16.800989151000977,2430200,0.0,0.0
2018-08-13,19.09000015258789,19.665000915527344,18.63500022888184,19.575000762939453,17.6342830657959,5177200,0.0,0.0
2018-08-14,20.0,20.4950008392334,19.850000381469727,20.03499984741211,18.048673629760746,8082400,0.0,0.0
2018-08-15,20.02499961853028,20.02499961853028,19.55500030517578,19.934999465942383,17.958589553833008,5574600,0.0,0.0
2018-08-16,20.084999084472656,20.299999237060547,19.80500030517578,19.875,17.9045352935791,2982600,0.0,0.0
2018-08-17,20.77499961853028,21.53499984741211,20.63999938964844,21.209999084472656,19.1071834564209,7393600,0.0,0.0
2018-08-20,21.545000076293945,21.834999084472656,21.11000061035156,21.834999084472656,19.67021751403809,4684400,0.0,0.0
2018-08-21,21.75,21.795000076293945,20.65999984741211,20.73500061035156,18.679277420043945,5932800,0.0,0.0
2018-08-22,20.934999465942383,21.0049991607666,19.95499992370605,20.11000061035156,18.11623764038086,5406400,0.0,0.0
2018-08-23,20.28499984741211,20.36000061035156,19.334999084472656,19.364999771118164,17.44510269165039,5930400,0.0,0.0
2018-08-24,19.565000534057617,19.920000076293945,19.38500022888184,19.875,17.9045352935791,5245000,0.0,0.0
2018-08-27,19.94499969482422,20.4950008392334,19.670000076293945,20.31999969482422,18.305419921875,4758400,0.0,0.0
2018-08-28,20.424999237060547,20.475000381469727,19.790000915527344,19.790000915527344,17.827966690063477,2837000,0.0,0.0
2018-08-29,20.020000457763672,20.07999992370605,19.584999084472656,19.975000381469727,17.994626998901367,3020000,0.0,0.0
2018-08-30,20.25,20.30500030517578,19.75,19.895000457763672,17.922557830810547,2798400,0.0,0.0
2018-08-31,19.790000915527344,20.290000915527344,19.53499984741211,20.0049991607666,18.021648406982425,3738200,0.0,0.0
2018-09-03,20.059999465942383,20.209999084472656,19.55500030517578,19.59000015258789,17.64779281616211,3901400,0.0,0.0
2018-09-04,19.75,20.98500061035156,19.709999084472656,20.655000686645508,18.60721015930176,8477800,0.0,0.0
2018-09-05,21.0,21.739999771118164,20.799999237060547,21.25,19.143217086791992,9081800,0.0,0.0
2018-09-06,21.290000915527344,21.725000381469727,20.64999961853028,20.850000381469727,18.78287696838379,8406200,0.0,0.0
2018-09-07,21.125,22.7450008392334,21.02499961853028,22.65999984741211,20.413423538208008,9910800,0.0,0.0
2018-09-10,22.950000762939453,23.34000015258789,21.670000076293945,22.125,19.931468963623047,10728200,0.0,0.0
2018-09-11,22.2450008392334,22.36000061035156,21.905000686645508,22.125,19.931468963623047,4810400,0.0,0.0
2018-09-12,22.2549991607666,22.34499931335449,21.30500030517578,21.479999542236328,19.35041618347168,11012400,0.0,0.0
2018-09-13,21.25,21.690000534057617,21.045000076293945,21.350000381469727,19.233304977416992,5947400,0.0,0.0
2018-09-14,21.30500030517578,22.049999237060547,21.30500030517578,21.895000457763672,19.724267959594727,11062800,0.0,0.0
2018-09-17,21.75,21.93000030517578,20.684999465942383,20.69499969482422,18.64324378967285,13166000,0.0,0.0
2018-09-18,20.700000762939453,20.940000534057617,19.809999465942383,20.2450008392334,18.23785400390625,5700800,0.0,0.0
2018-09-19,20.44499969482422,20.700000762939453,19.905000686645508,20.20499992370605,18.20182037353516,3419200,0.0,0.0
2018-09-20,20.299999237060547,20.46999931335449,19.5,19.75,17.791927337646484,4705000,0.0,0.0
2018-09-21,19.88999938964844,20.69499969482422,19.5049991607666,20.69499969482422,18.64324378967285,5474200,0.0,0.0
2018-09-24,20.75,21.850000381469727,20.459999084472656,21.850000381469727,19.683732986450195,5582800,0.0,0.0
2018-09-25,21.71999931335449,21.8700008392334,21.200000762939453,21.799999237060547,19.63868522644043,2883600,0.0,0.0
2018-09-26,21.450000762939453,22.76499938964844,21.25,22.76499938964844,20.50801467895508,6393000,0.0,0.0
2018-09-27,22.64999961853028,22.825000762939453,22.2549991607666,22.700000762939453,20.449460983276367,2408800,0.0,0.0
2018-09-28,22.489999771118164,22.9950008392334,22.3799991607666,22.799999237060547,20.5395450592041,5021400,0.0,0.0
2018-10-01,22.9950008392334,22.9950008392334,22.565000534057617,22.625,20.381895065307617,4941000,0.0,0.0
2018-10-02,22.625,23.38500022888184,22.350000381469727,23.049999237060547,20.76475715637207,5470400,0.0,0.0
2018-10-03,23.065000534057617,23.915000915527344,22.790000915527344,23.600000381469727,21.26023292541504,6716200,0.0,0.0
2018-10-04,23.575000762939453,24.61000061035156,23.420000076293945,24.209999084472656,21.80975151062012,5815800,0.0,0.0
2018-10-05,24.11000061035156,24.270000457763672,23.625,23.625,21.28275489807129,4786800,0.0,0.0
2018-10-08,24.15999984741211,24.209999084472656,23.375,23.790000915527344,21.431396484375,4709800,0.0,0.0
2018-10-09,24.0,24.100000381469727,23.270000457763672,23.51499938964844,21.18366050720215,4540400,0.0,0.0
2018-10-10,23.5049991607666,23.84499931335449,23.48500061035156,23.64999961853028,21.305274963378903,4289000,0.0,0.0
2018-10-11,23.36000061035156,24.4950008392334,23.26000022888184,24.4950008392334,22.066499710083008,3521200,0.0,0.0
2018-10-12,24.39999961853028,24.6299991607666,23.82999992370605,24.01000022888184,21.629581451416016,4623200,0.0,0.0
2018-10-15,24.02499961853028,24.334999084472656,23.665000915527344,23.69499969482422,21.34581184387207,3528400,0.0,0.0
2018-10-16,23.89999961853028,24.46999931335449,23.89999961853028,24.21500015258789,21.814258575439453,6693400,0.0,0.0
2018-10-17,24.434999465942383,25.25,24.38999938964844,25.0,22.52143096923828,7065000,0.0,0.0
2018-10-18,25.225000381469727,25.34000015258789,24.63500022888184,24.64999961853028,22.206130981445312,4626000,0.0,0.0
2018-10-19,24.64999961853028,25.31999969482422,24.354999542236328,24.854999542236328,22.39080810546875,4465200,0.0,0.0
2018-10-22,24.75,25.14999961853028,24.420000076293945,24.75,22.29621696472168,5167800,0.0,0.0
2018-10-23,24.934999465942383,25.14999961853028,24.76000022888184,24.89999961853028,22.43134880065918,5430800,0.0,0.0
2018-10-24,25.125,25.14999961853028,24.61000061035156,24.75,22.29621696472168,4436400,0.0,0.0
2018-10-25,25.0049991607666,25.270000457763672,24.5049991607666,25.270000457763672,22.764663696289062,3917600,0.0,0.0
2018-10-26,25.27499961853028,25.700000762939453,24.64999961853028,24.799999237060547,22.341259002685547,7083400,0.0,0.0
2018-10-29,24.700000762939453,25.200000762939453,24.040000915527344,25.09499931335449,22.60701370239257,1989400,0.0,0.0
2018-10-30,25.02499961853028,26.040000915527344,24.799999237060547,25.77499961853028,23.219594955444336,3824600,0.0,0.0
2018-10-31,26.03499984741211,26.739999771118164,26.03499984741211,26.600000381469727,23.962804794311523,3498000,0.0,0.0
2018-11-01,26.600000381469727,27.709999084472656,26.299999237060547,27.170000076293945,24.47629165649414,3473600,0.0,0.0
2018-11-02,27.14999961853028,27.3700008392334,26.405000686645508,26.665000915527344,24.021360397338867,5267600,0.0,0.0
2018-11-05,26.57999992370605,26.59499931335449,26.05500030517578,26.48500061035156,23.85920524597168,3569400,0.0,0.0
2018-11-06,26.299999237060547,26.420000076293945,25.364999771118164,25.674999237060547,23.1295108795166,6256400,0.0,0.0
2018-11-07,25.850000381469727,25.88500022888184,25.01000022888184,25.25,22.746644973754883,6551200,0.0,0.0
2018-11-08,25.299999237060547,26.114999771118164,25.174999237060547,26.059999465942383,23.4763412475586,7621800,0.0,0.0
2018-11-09,26.059999465942383,26.78499984741211,26.02499961853028,26.73500061035156,24.08441925048828,4767000,0.0,0.0
2018-11-12,26.5,26.82999992370605,26.45499992370605,26.59499931335449,23.958297729492188,3187800,0.0,0.0
2018-11-13,26.59499931335449,27.190000534057617,26.364999771118164,26.78499984741211,24.12946319580078,4532000,0.0,0.0
2018-11-14,26.77499961853028,27.09499931335449,26.20499992370605,26.549999237060547,23.91775894165039,4533200,0.0,0.0
2018-11-15,26.614999771118164,26.850000381469727,26.100000381469727,26.530000686645508,23.89974403381348,3692400,0.0,0.0
2018-11-16,26.52499961853028,27.700000762939453,26.52499961853028,27.5,24.773576736450195,4242000,0.0,0.0
2018-11-19,27.5,28.489999771118164,27.5,28.01000022888184,25.23301315307617,4760000,0.0,0.0
2018-11-20,28.01000022888184,28.104999542236328,27.299999237060547,27.520000457763672,24.791593551635746,2646600,0.0,0.0
2018-11-21,27.5,28.44499969482422,27.15999984741211,27.200000762939453,24.50331687927246,4064000,0.0,0.0
2018-11-22,27.559999465942383,28.23500061035156,27.38999938964844,28.13500022888184,25.34561920166016,3949200,0.0,0.0
2018-11-23,28.1299991607666,28.854999542236328,27.905000686645508,28.854999542236328,25.99423789978028,5236400,0.0,0.0
2018-11-26,28.565000534057617,29.25,28.25,29.09499931335449,26.2104434967041,4322800,0.0,0.0
2018-11-27,29.2549991607666,29.334999084472656,28.354999542236328,28.52499961853028,25.69695472717285,4148000,0.0,0.0
2018-11-28,28.674999237060547,28.89999961853028,27.68000030517578,28.34000015258789,25.5302963256836,5672200,0.0,0.0
2018-11-29,28.575000762939453,28.84000015258789,28.354999542236328,28.600000381469727,25.764516830444336,4076800,0.0,0.0
2018-11-30,28.604999542236328,28.82999992370605,27.77499961853028,27.989999771118164,25.21499252319336,5127600,0.0,0.0
2018-12-03,28.01000022888184,28.52499961853028,27.57999992370605,28.395000457763672,25.57984161376953,4292800,0.0,0.0
2018-12-04,28.270000457763672,28.799999237060547,28.20499992370605,28.5,25.6744327545166,3413200,0.0,0.0
2018-12-05,28.325000762939453,28.325000762939453,27.299999237060547,27.299999237060547,24.593402862548828,3914600,0.0,0.0
2018-12-06,27.309999465942383,27.5,26.625,26.96500015258789,24.29161834716797,4264200,0.0,0.0
